# 3ds Max Wavefront OBJ Exporter v0.97b - (c)2007 guruware
# File Created: 28.05.2015 21:15:40

mtllib coal_cart_fixed.mtl

#
# object SM_coal_cart001
#

v  55.1956 48.7138 23.1867
v  54.9193 47.7054 15.0345
v  54.9193 47.7054 -13.1867
v  56.0244 51.7393 -28.0317
v  55.1956 48.7138 -21.3390
v  57.4058 56.7818 -33.2649
v  59.3398 63.8412 -37.0385
v  59.3398 63.8412 38.8862
v  70.1401 103.2742 -16.7407
v  70.0294 103.1795 18.5834
v  69.9186 103.0849 53.9074
v  70.2509 103.3688 -52.0647
v  57.4058 56.7818 35.1126
v  56.0244 51.7393 29.8794
v  0.5238 47.0513 -21.9341
v  28.3569 47.0513 -21.9341
v  28.2083 46.0155 -13.5543
v  0.5238 46.0155 -13.5543
v  68.9018 104.1899 -16.4078
v  68.7581 103.9779 18.1151
v  70.3461 109.6343 18.9002
v  70.4569 109.7289 -17.0575
v  0.5238 48.9104 23.4026
v  28.3341 48.9104 23.4026
v  28.1847 47.8905 15.3611
v  0.5238 47.8905 15.3611
v  28.7450 51.8240 29.8014
v  0.5238 51.8240 29.8014
v  0.5238 56.6627 34.7834
v  29.4231 56.6627 34.7834
v  0.5238 63.6333 38.5055
v  30.3698 63.6333 38.5055
v  73.2187 109.6863 -17.3954
v  73.1079 109.5917 19.2794
v  71.4262 103.5205 18.4346
v  71.5370 103.6151 -16.5506
v  -35.0781 110.0488 -54.4947
v  0.5238 109.9737 -54.4947
v  0.5238 109.9299 -57.4040
v  -35.5591 110.0050 -57.4040
v  71.7252 109.7094 -17.4610
v  71.6363 109.6144 19.3707
v  55.8457 47.8905 15.3611
v  55.8927 46.0155 15.4547
v  55.8927 46.0155 -13.5543
v  55.8457 47.8905 -13.4607
v  56.1899 47.0513 -21.9341
v  56.1444 48.9104 -21.5021
v  57.0123 50.1587 -28.8137
v  56.9662 51.8240 -27.9009
v  58.3702 55.3377 -34.1929
v  58.3225 56.6627 -32.8829
v  60.2661 62.5882 -38.0719
v  60.2157 63.6333 -36.6050
v  71.1363 103.3149 -51.9901
v  71.1860 103.1940 -53.5176
v  57.0123 50.1587 30.7141
v  56.1899 47.0513 23.8346
v  56.1444 48.9104 23.4026
v  56.9662 51.8240 29.8014
v  58.3225 56.6627 34.7834
v  58.3702 55.3377 36.0934
v  60.2157 63.6333 38.5055
v  60.2661 62.5882 39.9724
v  70.6411 102.9101 55.4130
v  70.6053 103.0310 53.8855
v  71.3952 109.5397 56.3901
v  72.7804 109.4959 59.2994
v  71.0987 102.0524 56.6942
v  -34.7825 103.5401 -51.9901
v  0.5238 103.4650 -51.9901
v  71.0078 102.3363 -54.7988
v  71.7275 109.8236 -54.4947
v  72.6895 109.7798 -57.4040
v  47.1451 46.6119 15.1416
v  47.1065 48.4375 15.0506
v  47.1065 48.4375 -12.9885
v  47.1451 46.6119 -13.0795
v  63.7711 108.4462 54.9651
v  62.1464 102.6724 52.7451
v  62.1827 101.9914 54.0146
v  63.8077 108.4259 56.3096
v  51.5182 62.7477 38.9934
v  51.4769 63.7652 37.5663
v  49.5834 56.9784 33.9454
v  49.6225 55.6883 35.2198
v  48.2270 52.2672 29.0986
v  48.2647 50.6458 29.9866
v  47.4051 49.4305 22.8737
v  47.4424 47.6203 23.2939
v  47.4051 49.4305 -20.8115
v  47.4424 47.6203 -21.2318
v  48.2270 52.2672 -27.0365
v  48.2647 50.6458 -27.9245
v  49.5834 56.9784 -31.8832
v  49.6225 55.6883 -33.1577
v  51.4769 63.7652 -35.5042
v  51.5182 62.7477 -36.9313
v  71.8142 109.8043 -54.2926
v  73.3294 109.7809 -54.0701
v  71.6478 103.7097 -51.5358
v  62.5295 103.3085 -50.8235
v  62.5631 102.2753 -51.9575
v  57.8591 64.8587 37.4592
v  68.6143 103.7659 52.6380
v  53.8558 50.5240 22.7665
v  56.0039 58.0719 33.8382
v  57.8591 64.8587 -35.6114
v  69.0455 104.4020 -50.9307
v  54.6711 53.3607 -27.1437
v  56.0039 58.0719 -31.9904
v  53.8558 50.5240 -20.9187
v  53.5361 49.5310 -13.0957
v  53.5361 49.5309 14.9434
v  54.6711 53.3607 28.9915
v  64.1064 108.7108 -54.1854
v  64.0716 108.7301 -52.9080
v  71.5473 109.5194 56.2024
v  70.2354 109.5397 54.8579
v  70.5677 109.8236 -53.0152
v  71.3155 103.4258 53.4198
v  72.9971 109.4970 55.9542
v  0.5238 46.0155 15.4547
v  -27.1608 46.0155 15.4547
v  -27.1608 46.0155 -13.5543
v  -29.3474 62.5882 39.9724
v  0.5238 62.5882 39.9724
v  0.3782 103.0659 55.2876
v  -34.7532 103.1437 55.2250
v  -27.3093 47.0513 23.8346
v  0.5238 47.0513 23.8346
v  0.5238 50.1587 30.7141
v  -27.7205 50.1587 30.7141
v  0.5238 55.3377 36.0934
v  -28.3994 55.3377 36.0934
v  0.5238 48.9104 -21.5021
v  -27.2866 48.9104 -21.5021
v  -27.1371 47.8905 -13.4607
v  0.5238 47.8905 -13.4607
v  0.5238 51.8240 -27.9009
v  -27.6974 51.8240 -27.9009
v  -28.3756 56.6627 -32.8829
v  0.5238 56.6627 -32.8829
v  0.5238 63.6333 -36.6050
v  -29.3222 63.6333 -36.6050
v  0.3782 109.6954 56.2647
v  0.3782 103.1867 53.7601
v  -34.7354 103.2645 53.6974
v  -35.1302 109.7732 56.2020
v  -54.9769 51.7393 -28.0317
v  -54.1480 48.7138 -21.3390
v  -53.8717 47.7054 -13.1867
v  -54.1480 48.7138 23.1867
v  -53.8717 47.7054 15.0345
v  -54.9769 51.7393 29.8794
v  -56.3583 56.7818 35.1126
v  -58.2922 63.8412 38.8862
v  -58.2922 63.8412 -37.0385
v  -69.1621 103.3963 53.6566
v  -69.1758 103.4873 18.4162
v  -69.1896 103.5782 -16.8243
v  -69.2033 103.6691 -52.0647
v  -56.3583 56.7818 -33.2649
v  30.3949 62.5882 -38.0719
v  0.5238 62.5882 -38.0719
v  0.5238 103.3442 -53.5176
v  35.8549 103.2691 -53.5176
v  0.5238 50.1587 -28.8137
v  28.7680 50.1587 -28.8137
v  0.5238 55.3377 -34.1929
v  29.4470 55.3377 -34.1929
v  28.1847 47.8905 -13.4607
v  35.4918 103.1088 53.8228
v  -69.5063 110.0330 -17.1411
v  -69.4926 109.9420 18.7330
v  -67.9045 104.2856 17.9479
v  -67.9512 104.4940 -16.4914
v  -34.9820 102.2860 56.5061
v  0.3783 102.2081 56.5688
v  0.3782 109.6516 59.1740
v  -35.8229 109.7294 59.1113
v  -70.5864 103.9191 -16.6342
v  -70.5727 103.8282 18.2674
v  -72.2544 109.8994 19.1122
v  -72.2681 109.9903 -17.4789
v  -70.7827 109.9221 19.2035
v  -70.7747 110.0134 -17.5446
v  0.5238 102.4865 -54.7988
v  35.7658 102.4114 -54.7988
v  -54.8452 46.4392 -13.5543
v  -54.8452 46.4392 15.4547
v  -54.7982 47.8905 15.3611
v  -54.7982 47.8905 -13.4607
v  -55.0969 48.9104 -21.5021
v  -55.1424 47.0513 -21.9341
v  -55.9187 51.8240 -27.9009
v  -55.9648 50.1587 -28.8137
v  -57.3226 55.3377 -34.1929
v  -57.2750 56.6627 -32.8829
v  -59.2186 62.5882 -38.0719
v  -59.1682 63.6333 -36.6050
v  -70.0887 103.6152 -51.9901
v  -70.1385 103.4944 -53.5176
v  -55.0969 48.9104 23.4026
v  -55.1424 47.0513 23.8346
v  -55.9648 50.1587 30.7141
v  -55.9187 51.8240 29.8014
v  -57.3226 55.3377 36.0934
v  -57.2750 56.6627 34.7834
v  -59.2186 62.5882 39.9724
v  -59.1682 63.6333 38.5055
v  -69.8846 103.2216 55.1623
v  -69.8489 103.3424 53.6347
v  -70.3422 102.3638 56.4435
v  -72.0239 109.8073 59.0486
v  -70.6387 109.8511 56.1393
v  -70.6800 110.1239 -54.4947
v  -71.6420 110.0801 -57.4040
v  -69.9603 102.6367 -54.7988
v  -46.0975 46.6119 15.1416
v  -46.0975 46.6119 -13.0795
v  -46.0589 48.4375 -12.9885
v  -46.0589 48.4375 15.0506
v  -61.4262 102.3028 53.7638
v  -61.3899 102.9838 52.4944
v  -63.0146 108.7576 54.7143
v  -63.0512 108.7373 56.0588
v  -48.5358 56.9784 33.9454
v  -50.4293 63.7652 37.5663
v  -50.4706 62.7477 38.9934
v  -48.5749 55.6883 35.2198
v  -47.1794 52.2672 29.0986
v  -47.2171 50.6458 29.9866
v  -46.3575 49.4305 22.8737
v  -46.3949 47.6203 23.2939
v  -46.3575 49.4305 -20.8115
v  -46.3949 47.6203 -21.2318
v  -47.2171 50.6458 -27.9245
v  -47.1794 52.2672 -27.0365
v  -48.5749 55.6883 -33.1577
v  -48.5358 56.9784 -31.8832
v  -50.4706 62.7477 -36.9313
v  -50.4293 63.7652 -35.5042
v  -70.7666 110.1047 -54.2926
v  -70.6002 104.0101 -51.5358
v  -72.2819 110.0813 -54.0701
v  -61.5155 102.5756 -51.9575
v  -61.4819 103.6088 -50.8235
v  -53.6235 53.3607 -27.1437
v  -54.9563 58.0719 -31.9904
v  -56.8115 64.8587 -35.6114
v  -67.8578 104.0773 52.3872
v  -67.9979 104.7023 -50.9307
v  -56.8115 64.8587 37.4592
v  -54.9563 58.0719 33.8382
v  -52.8082 50.5240 22.7665
v  -53.6235 53.3607 28.9915
v  -52.4886 49.5310 -13.0957
v  -52.4886 49.5309 14.9434
v  -52.8082 50.5240 -20.9187
v  -63.0588 109.0112 -54.1854
v  -63.0240 109.0304 -52.9080
v  -69.4789 109.8511 54.6071
v  -70.7908 109.8308 55.9516
v  -69.5201 110.1239 -53.0152
v  -72.2407 109.8084 55.7034
v  -70.5590 103.7373 53.1691
v  36.6067 109.8549 -57.4040
v  35.8867 109.6175 56.3274
v  36.5793 109.5737 59.2367
v  -60.8520 68.6529 14.5369
v  -60.8520 68.6529 -13.5091
v  -58.4984 69.8021 -13.5131
v  -58.4984 69.8021 14.5410
v  -65.9267 87.6498 17.3993
v  -61.5907 71.4180 17.3993
v  -59.2507 72.6184 17.4564
v  -63.5889 88.8581 17.4564
v  -66.6653 90.4148 -13.5090
v  -66.6653 90.4148 14.5369
v  -64.3412 91.6744 14.5410
v  -64.3412 91.6744 -13.5131
v  -59.2507 72.6184 -16.4285
v  -61.5907 71.4180 -16.3714
v  -65.9267 87.6498 -16.3714
v  -63.5889 88.8581 -16.4285
v  -58.7335 70.6822 16.5453
v  -61.0820 69.5138 16.5081
v  -61.0820 69.5138 -15.4802
v  -58.7335 70.6822 -15.5175
v  -64.1649 91.0143 16.4087
v  -66.4928 89.7686 16.3748
v  -64.0708 90.6623 -15.7452
v  -66.4010 89.4252 -15.7025
v  -61.3849 69.1991 -13.3044
v  -61.5638 69.8687 -14.9421
v  -61.9868 71.4520 16.6624
v  -61.5638 69.8687 15.9700
v  -66.2529 87.4221 -15.6345
v  -66.6503 88.9095 -15.1070
v  -66.8547 89.6750 14.3322
v  -66.7185 89.1649 15.8709
v  -61.9868 71.4520 -15.6345
v  -64.1198 79.4370 -3.0593
v  -64.7991 81.9797 -2.2129
v  -65.0625 82.9658 0.5139
v  -66.8548 89.6750 -13.3044
v  -64.8332 82.1073 3.1389
v  -64.1198 79.4370 4.0872
v  -66.2529 87.4221 16.6624
v  -63.4258 76.8390 3.1861
v  -63.1772 75.9083 0.5139
v  -61.3849 69.1991 14.3322
v  -63.4258 76.8390 -2.1583
v  -64.8254 79.2479 -2.9797
v  -65.4930 81.7466 -2.1313
v  -65.7567 82.7341 0.5139
v  -65.5268 81.8735 3.0583
v  -64.8254 79.2479 4.0076
v  -64.1432 76.6939 3.1052
v  -63.8941 75.7616 0.5139
v  -64.1432 76.6939 -2.0773
v  -64.8254 79.2479 -1.6479
v  -65.2910 80.9906 -1.0743
v  -65.4131 81.4475 0.5139
v  -65.2910 80.9906 2.1022
v  -64.8254 79.2479 2.6758
v  -64.3599 77.5051 2.1022
v  -64.2378 77.0482 0.5139
v  -64.3599 77.5051 -1.0743
v  -72.7463 79.2012 -1.6479
v  -72.7665 80.9440 -1.0743
v  -72.7719 81.4010 0.5139
v  -72.7665 80.9440 2.1022
v  -72.7463 79.2012 2.6758
v  -72.7261 77.4584 2.1022
v  -72.7208 77.0015 0.5139
v  -72.7261 77.4584 -1.0743
v  -72.9378 79.2001 -1.4560
v  -72.9564 80.7962 -0.9299
v  -72.9612 81.2079 0.5139
v  -72.9564 80.7962 1.9578
v  -72.9378 79.2001 2.4839
v  -72.9193 77.6040 1.9578
v  -72.9146 77.1923 0.5139
v  -72.9193 77.6040 -0.9299
v  -72.9156 79.2003 0.5139
v  39.5557 30.8909 43.8971
v  39.6996 30.8454 39.0144
v  34.8497 22.9500 39.1122
v  34.7059 22.9956 43.9949
v  35.8392 20.8243 39.0978
v  40.6381 27.9005 39.0084
v  40.4943 27.9461 43.8911
v  35.6954 20.8699 43.9804
v  49.6118 30.8002 39.2574
v  49.5563 30.8459 44.1462
v  49.4817 27.9009 44.1211
v  49.5372 27.8553 39.2323
v  11.1799 28.1641 43.6942
v  11.2545 31.1090 43.7193
v  11.3100 31.0634 38.8305
v  11.2354 28.1185 38.8054
v  20.2365 28.0733 39.0364
v  21.2967 31.0183 39.0787
v  26.1795 22.9870 39.1344
v  25.1686 20.7947 39.0844
v  26.0357 23.0326 44.0170
v  21.1528 31.0639 43.9613
v  25.0249 20.8403 43.9671
v  20.0927 28.1189 43.9191
v  41.0723 27.8983 39.0193
v  30.5079 20.6815 39.1495
v  30.3641 20.7271 44.0321
v  30.4470 18.0315 39.1220
v  30.3032 18.0770 44.0046
v  33.9094 21.7365 47.0137
v  33.9094 21.7365 -50.4949
v  35.3291 25.1640 -50.4949
v  35.3291 25.1640 47.0137
v  30.4819 20.3168 47.0137
v  30.4819 20.3168 -50.4949
v  27.0545 21.7365 47.0137
v  27.0545 21.7365 -50.4949
v  25.6348 25.1640 47.0137
v  25.6348 25.1640 -50.4949
v  27.0545 28.5915 47.0137
v  27.0545 28.5915 -50.4949
v  30.4819 30.0112 47.0137
v  30.4819 30.0112 -50.4949
v  33.9094 28.5915 47.0137
v  33.9094 28.5915 -50.4949
v  -69.6810 31.3642 -37.9765
v  -69.6403 29.8340 -38.0177
v  -34.6856 29.4075 -37.4294
v  -34.6968 30.9342 -37.4205
v  -37.1235 30.0790 -42.4532
v  -74.6213 30.6463 -43.0112
v  -74.5545 46.7863 -43.2040
v  -36.8987 46.2016 -42.7100
v  74.9679 46.8853 -42.7348
v  76.0685 46.9884 -43.7929
v  38.4128 46.0616 -43.1746
v  37.8711 45.9302 -42.1065
v  -36.3225 46.0135 -41.6220
v  -73.4193 46.5698 -42.1059
v  -73.6390 31.9146 -41.9747
v  -36.6614 31.3558 -41.4145
v  -70.0183 31.4065 0.4492
v  -70.0160 32.9679 38.8750
v  -69.9110 31.4384 38.7160
v  -69.9455 29.8767 0.3491
v  -74.8124 31.5964 43.8945
v  -74.8867 30.3618 0.4417
v  -75.1858 46.4885 0.5649
v  -75.4774 47.7098 44.3338
v  -74.6699 45.7768 -32.2618
v  -73.5463 45.5824 -31.4432
v  -74.0971 46.3608 0.5451
v  -74.4351 47.6710 43.1961
v  -73.8918 33.0821 42.8502
v  -73.9353 31.7388 0.4378
v  69.9207 32.6139 38.5343
v  69.9080 31.1024 38.5044
v  -0.0015 29.8627 38.9969
v  -0.0477 31.3832 39.0913
v  0.1831 29.7817 44.1148
v  75.1786 30.7824 43.5617
v  75.1457 46.9021 43.7449
v  -0.1659 45.8983 44.4260
v  -56.6495 47.5242 44.3669
v  -55.8867 47.4777 43.2242
v  -0.2415 45.8288 43.2683
v  73.9522 46.8020 42.5672
v  74.0183 32.1891 42.5259
v  0.0632 31.2279 43.0748
v  70.1720 32.2337 -19.0981
v  70.2557 32.1852 -38.3172
v  70.1787 30.6687 -38.2293
v  70.1110 30.7184 -19.0397
v  75.3219 30.8254 -21.6114
v  75.3697 30.9180 -43.3440
v  75.8378 46.9081 -21.9023
v  75.1672 46.6821 21.8666
v  73.9969 46.5812 21.2479
v  74.7140 46.8058 -21.4031
v  74.2712 32.2202 -42.2990
v  74.2079 32.1537 -21.0866
v  78.3252 33.1532 37.6881
v  78.5688 33.3790 38.0229
v  78.3235 33.3691 38.1537
v  78.2467 33.9302 16.0881
v  78.4990 33.5349 16.2658
v  78.2556 33.3691 16.2672
v  78.1544 44.7486 38.3338
v  78.3936 45.1638 38.1533
v  78.1455 45.3097 38.1547
v  78.0759 45.5255 16.7338
v  78.3238 45.3197 16.3961
v  78.0777 45.3097 16.2682
v  78.2603 33.1532 16.7327
v  74.7191 33.0377 16.7493
v  74.7145 33.2536 16.2837
v  74.7841 33.0377 37.7046
v  74.7824 33.2536 38.1702
v  78.0854 44.7486 16.0891
v  74.5443 44.6331 16.1056
v  74.5365 45.1942 16.2847
v  78.1409 45.5255 37.6892
v  74.5998 45.4100 37.7057
v  74.6044 45.1942 38.1713
v  78.6623 33.3828 37.6861
v  78.7849 33.9493 37.6854
v  78.6554 33.9440 38.1518
v  78.3157 33.9302 38.3328
v  78.5875 33.9440 16.2652
v  78.7198 33.9493 16.7301
v  78.5973 33.3828 16.7308
v  78.4942 44.7624 38.1527
v  78.6236 44.7677 37.6863
v  78.4843 45.3235 37.6872
v  78.4194 45.3235 16.7318
v  78.5586 44.7677 16.7310
v  78.4263 44.7624 16.2662
v  74.7055 33.8147 16.1047
v  74.7745 33.8147 38.3493
v  74.5347 45.4100 16.7504
v  74.6133 44.6331 38.3503
v  78.2927 33.1532 27.2104
v  74.7516 33.0377 27.2270
v  78.1083 45.5255 27.2115
v  74.5673 45.4100 27.2280
v  78.7523 33.9493 27.2077
v  78.6298 33.3828 27.2085
v  78.5911 44.7677 27.2087
v  78.4519 45.3235 27.2095
v  78.1661 39.3394 16.0886
v  74.6250 39.2239 16.1052
v  78.2351 39.3394 38.3333
v  74.6939 39.2239 38.3498
v  78.6392 39.3585 16.7305
v  78.5069 39.3532 16.2657
v  78.7042 39.3585 37.6859
v  78.5748 39.3532 38.1522
v  78.6717 39.3585 27.2082
v  74.1529 34.5229 -5.1025
v  76.9472 34.5229 -5.1025
v  76.9472 34.5229 -0.6236
v  73.7778 34.5229 -0.6236
v  74.1529 45.5228 -5.1025
v  73.7778 45.5228 -0.6236
v  76.9472 45.5228 -0.6236
v  76.9472 45.5228 -5.1025
v  74.1529 37.9353 9.1736
v  74.1529 34.5229 9.1736
v  76.9472 34.5229 9.1736
v  76.9472 37.9353 9.1736
v  86.0091 37.9353 -5.1025
v  86.3757 37.9353 -0.6236
v  86.3757 34.5229 -0.6236
v  86.0091 34.5229 -5.1025
v  81.6230 37.9353 -10.1333
v  81.6230 34.5229 -10.1333
v  76.9472 34.5229 -10.4209
v  76.9472 37.9353 -10.4209
v  85.8252 34.5229 4.0196
v  76.9472 34.5229 3.8552
v  82.1163 45.9987 -2.0901
v  81.3701 45.9987 -2.0901
v  81.3701 45.9987 -0.6236
v  82.1163 45.9987 -0.6236
v  82.0449 34.5229 8.7946
v  82.0449 37.9353 8.7946
v  74.1529 34.5229 -10.4209
v  74.1529 37.9353 -10.4209
v  76.9472 43.9482 9.1736
v  74.1529 43.9482 9.1736
v  76.9472 37.9353 3.8552
v  76.9472 37.9353 -0.6236
v  76.9472 45.5228 3.8552
v  74.1529 43.8487 -10.4209
v  76.9472 43.8487 -10.4209
v  74.1529 34.5229 3.8552
v  76.9472 45.5228 -8.7469
v  74.1529 45.5228 -8.7469
v  74.1529 45.5228 3.8552
v  74.1529 45.5228 7.5990
v  76.9472 45.5228 7.5990
v  85.8252 37.9353 4.0196
v  76.9472 37.9353 -5.1025
v  85.0615 37.9769 2.3294
v  85.0615 37.9769 -0.6236
v  78.4249 37.9769 -3.5767
v  85.0615 37.9769 -3.5767
v  78.4249 37.9769 -0.6236
v  78.4249 37.9769 2.3294
v  84.5861 38.8544 1.9020
v  84.5861 38.8544 -0.6236
v  78.9003 38.8544 -3.1493
v  84.5861 38.8544 -3.1493
v  78.9003 38.8544 -0.6236
v  78.9003 38.8544 1.9020
v  83.5268 38.8544 0.8428
v  83.5268 38.8544 -0.6236
v  79.9596 38.8544 -2.0901
v  83.5268 38.8544 -2.0901
v  79.9596 38.8544 -0.6236
v  79.9596 38.8544 0.8428
v  82.9860 42.9905 -2.0901
v  82.9860 42.9905 -0.6236
v  80.5004 42.9905 -2.0901
v  80.5004 42.9905 0.8428
v  80.5004 42.9905 -0.6236
v  82.9860 42.9905 0.8428
v  83.9098 43.8629 -2.0901
v  83.9098 43.8629 -0.6236
v  81.0962 43.5236 -4.0432
v  82.3902 43.5236 -4.0432
v  82.1143 42.9905 -4.0432
v  81.3721 42.9905 -4.0432
v  79.5767 43.8629 0.8428
v  79.5767 43.8629 -0.6236
v  82.3902 43.5236 2.7959
v  81.0962 43.5236 2.7959
v  81.3721 42.9905 2.7959
v  82.1143 42.9905 2.7959
v  79.5767 43.8629 -2.0901
v  82.1143 44.8288 -4.0432
v  81.3721 44.8288 -4.0432
v  83.9098 43.8629 0.8428
v  81.3701 45.9987 0.8428
v  81.3721 44.8288 2.7959
v  82.1143 44.8288 2.7959
v  82.1163 45.9987 0.8428
v  71.0109 75.7152 5.8609
v  66.0907 75.6892 5.8605
v  66.1445 78.8316 3.6350
v  71.0647 78.8577 3.6354
v  66.1095 79.9678 4.3365
v  66.0557 77.3689 6.3890
v  70.9760 77.3949 6.3895
v  71.0297 79.9938 4.3369
v  66.1293 75.7159 11.4476
v  71.0524 75.7419 11.4978
v  71.0169 77.4217 11.4553
v  66.0939 77.3956 11.4051
v  71.1841 77.2710 -10.1284
v  71.2195 75.5913 -10.0859
v  66.2965 75.5653 -10.1361
v  66.2610 77.2450 -10.1786
v  66.3025 77.2718 -5.1050
v  66.3375 75.5920 -4.5071
v  66.2832 78.8061 -2.2586
v  66.2482 80.0400 -2.9369
v  71.2034 78.8321 -2.2582
v  71.2578 75.6180 -4.5067
v  71.1685 80.0660 -2.9364
v  71.2227 77.2978 -5.1046
v  66.1723 80.1313 2.6224
v  71.0925 80.1573 2.6228
v  66.1374 81.4199 3.0352
v  71.0575 81.4459 3.0357
v  66.2556 80.1159 -1.2533
v  66.2206 81.3826 -1.7153
v  66.2001 80.7786 1.3287
v  71.1203 80.8046 1.3291
v  66.2279 80.7735 0.0368
v  71.1481 80.7995 0.0372
v  71.1758 80.1420 -1.2528
v  66.1651 82.2900 1.2939
v  71.0853 82.3161 1.2944
v  66.1929 82.2849 0.0020
v  71.1131 82.3110 0.0025
v  71.1407 81.4087 -1.7149
v  54.2984 33.7699 49.1629
v  54.2985 33.7697 51.5101
v  55.8333 25.0649 51.5101
v  55.8333 25.0649 49.1629
v  49.8788 41.4248 49.1629
v  49.8788 41.4249 51.5101
v  43.1075 47.1066 49.1629
v  43.1075 47.1066 51.5101
v  34.8014 50.1297 49.1629
v  34.8014 50.1297 51.5101
v  25.9623 50.1298 49.1629
v  25.9622 50.1297 51.5101
v  17.6559 47.1065 49.1629
v  17.6560 47.1065 51.5101
v  10.8848 41.4248 49.1629
v  10.8848 41.4248 51.5101
v  6.4652 33.7699 49.1629
v  6.4652 33.7697 51.5101
v  4.9303 25.0648 49.1629
v  4.9303 25.0650 51.5101
v  6.4652 16.3600 49.1629
v  6.4652 16.3600 51.5101
v  10.8848 8.7050 49.1629
v  10.8848 8.7050 51.5101
v  17.6559 3.0233 49.1629
v  17.6560 3.0232 51.5101
v  25.9623 0.0000 49.1629
v  25.9622 0.0000 51.5101
v  34.8013 0.0000 49.1629
v  34.8015 0.0000 51.5101
v  43.1077 3.0233 49.1629
v  43.1075 3.0232 51.5101
v  49.8788 8.7049 49.1629
v  49.8788 8.7049 51.5101
v  54.2984 16.3598 49.1629
v  54.2985 16.3600 51.5101
v  49.2241 31.9229 53.9302
v  49.2241 31.9229 58.8532
v  50.4333 25.0649 58.8532
v  50.4333 25.0649 53.9302
v  45.7422 37.9538 53.9302
v  45.7422 37.9538 58.8532
v  40.4076 42.4300 53.9302
v  40.4076 42.4300 58.8532
v  33.8637 44.8118 53.9302
v  33.8637 44.8118 58.8532
v  26.8999 44.8118 53.9302
v  26.8999 44.8118 58.8532
v  20.3561 42.4300 53.9302
v  20.3561 42.4300 58.8532
v  15.0215 37.9538 53.9302
v  15.0215 37.9538 58.8532
v  11.5396 31.9229 53.9302
v  11.5396 31.9229 58.8532
v  10.3303 25.0649 53.9302
v  10.3303 25.0649 58.8532
v  11.5396 18.2069 53.9302
v  11.5396 18.2069 58.8532
v  15.0215 12.1760 53.9302
v  15.0215 12.1760 58.8532
v  20.3560 7.6998 53.9302
v  20.3560 7.6998 58.8532
v  26.8999 5.3180 53.9302
v  26.8999 5.3180 58.8532
v  33.8637 5.3180 53.9302
v  33.8637 5.3180 58.8532
v  40.4076 7.6997 53.9302
v  40.4076 7.6997 58.8532
v  45.7422 12.1760 53.9302
v  45.7422 12.1760 58.8532
v  49.2241 18.2068 53.9302
v  49.2241 18.2068 58.8532
v  50.3191 32.3214 51.9629
v  51.5986 25.0649 51.9629
v  50.3191 17.8083 51.9629
v  46.6348 11.4270 51.9629
v  40.9902 6.6906 51.9629
v  34.0661 4.1704 51.9629
v  26.6975 4.1704 51.9629
v  19.7734 6.6906 51.9629
v  14.1288 11.4270 51.9629
v  10.4445 17.8083 51.9629
v  9.1650 25.0649 51.9629
v  10.4445 32.3214 51.9629
v  14.1288 38.7028 51.9629
v  19.7734 43.4392 51.9629
v  26.6975 45.9594 51.9629
v  34.0661 45.9594 51.9629
v  40.9902 43.4392 51.9629
v  46.6348 38.7028 51.9629
v  49.4978 32.0225 52.7006
v  50.7246 25.0649 52.7006
v  45.9653 38.1410 52.7006
v  40.5532 42.6823 52.7006
v  33.9143 45.0987 52.7006
v  26.8493 45.0987 52.7006
v  20.2104 42.6823 52.7006
v  14.7983 38.1410 52.7006
v  11.2658 32.0225 52.7006
v  10.0390 25.0649 52.7006
v  11.2658 18.1072 52.7006
v  14.7983 11.9888 52.7006
v  20.2104 7.4475 52.7006
v  26.8493 5.0311 52.7006
v  33.9143 5.0311 52.7006
v  40.5532 7.4474 52.7006
v  45.9653 11.9887 52.7006
v  49.4978 18.1072 52.7006
v  48.3751 25.0649 58.8532
v  47.2900 31.2189 58.8532
v  44.1655 36.6307 58.8532
v  39.3784 40.6475 58.8532
v  33.5063 42.7848 58.8532
v  27.2573 42.7848 58.8532
v  21.3852 40.6475 58.8532
v  16.5981 36.6307 58.8532
v  13.4736 31.2189 58.8532
v  12.3885 25.0649 58.8532
v  13.4736 18.9108 58.8532
v  16.5981 13.4990 58.8532
v  21.3852 9.4822 58.8532
v  27.2573 7.3449 58.8532
v  33.5063 7.3449 58.8532
v  39.3784 9.4822 58.8532
v  44.1655 13.4990 58.8532
v  47.2900 18.9108 58.8532
v  47.2900 31.2189 52.5417
v  48.3751 25.0649 52.5416
v  44.1655 36.6307 52.5417
v  39.3784 40.6475 52.5417
v  33.5063 42.7848 52.5417
v  27.2573 42.7848 52.5417
v  21.3852 40.6475 52.5417
v  16.5981 36.6307 52.5417
v  13.4736 31.2190 52.5417
v  12.3885 25.0649 52.5416
v  13.4736 18.9108 52.5416
v  16.5981 13.4990 52.5416
v  21.3852 9.4822 52.5416
v  27.2573 7.3449 52.5416
v  33.5063 7.3449 52.5416
v  39.3784 9.4822 52.5416
v  44.1655 13.4990 52.5416
v  47.2900 18.9108 52.5416
v  34.4867 28.5093 56.1224
v  35.4172 26.8976 56.1224
v  35.4172 26.8976 52.5416
v  34.4867 28.5093 52.5416
v  33.0611 29.7056 56.1224
v  33.0611 29.7056 52.5417
v  30.3818 30.3421 56.1224
v  30.3818 30.3421 52.5416
v  27.7025 29.7056 56.1224
v  27.7025 29.7056 52.5417
v  26.2769 28.5093 56.1224
v  26.2769 28.5093 52.5416
v  25.3464 26.8976 56.1224
v  25.3464 26.8976 52.5416
v  25.3464 23.2321 56.1224
v  25.3464 23.2321 52.5416
v  26.2769 21.6204 56.1224
v  26.2769 21.6204 52.5416
v  27.7025 20.4242 56.1224
v  27.7025 20.4242 52.5416
v  30.3818 19.7877 56.1224
v  30.3818 19.7877 52.5416
v  33.0611 20.4242 56.1224
v  33.0611 20.4242 52.5416
v  34.4867 21.6204 56.1224
v  34.4867 21.6204 52.5416
v  35.4172 23.2321 56.1224
v  35.4172 23.2321 52.5416
v  47.5326 25.0649 48.8591
v  46.4983 30.9308 48.8591
v  46.4983 19.1990 48.8591
v  43.5201 14.0406 48.8591
v  38.9572 10.2119 48.8591
v  33.3600 8.1747 48.8591
v  27.4036 8.1747 48.8591
v  21.8064 10.2119 48.8591
v  17.2436 14.0406 48.8591
v  14.2654 19.1990 48.8591
v  13.2310 25.0649 48.8591
v  13.6620 30.9308 48.8591
v  17.2436 36.0892 48.8591
v  21.8064 39.9179 48.8591
v  27.4036 41.9551 48.8591
v  33.3600 41.9551 48.8591
v  38.9572 39.9179 48.8591
v  43.5201 36.0892 48.8591
v  45.3330 28.7311 52.5416
v  46.0010 25.0649 52.5416
v  43.7663 29.7234 52.5416
v  37.2874 26.9379 52.5416
v  38.0213 28.3026 52.5416
v  37.2874 23.1919 52.5416
v  38.0213 21.8271 52.5416
v  35.6512 15.9380 52.5416
v  39.8870 20.4446 52.5416
v  43.7663 20.4064 52.5416
v  45.3330 21.3986 52.5416
v  32.8130 40.0957 52.5417
v  34.9763 38.2580 52.5417
v  27.9506 40.0957 52.5417
v  25.7873 38.2580 52.5417
v  25.8495 35.0873 52.5417
v  22.3086 31.8391 52.5417
v  27.2778 32.8253 52.5417
v  30.3818 31.9939 52.5417
v  33.4859 32.8253 52.5417
v  15.4839 28.7311 52.5416
v  17.0507 29.7234 52.5416
v  14.7485 25.0649 52.5416
v  15.4839 21.3986 52.5416
v  17.0507 20.4064 52.5416
v  23.5295 23.1919 52.5416
v  22.7957 21.8272 52.5416
v  23.5295 26.9379 52.5416
v  22.7957 28.3026 52.5416
v  20.9299 29.6851 52.5416
v  27.9506 10.0341 52.5416
v  25.7873 11.8718 52.5416
v  32.8130 10.0341 52.5416
v  34.9763 11.8717 52.5416
v  34.9141 15.0425 52.5416
v  33.4859 17.3044 52.5416
v  30.3818 18.1359 52.5416
v  27.2778 17.3045 52.5416
v  44.3140 27.9205 53.8318
v  44.8344 25.0649 53.8318
v  46.0010 25.0649 53.8318
v  45.3330 28.7311 53.8318
v  43.7663 29.7234 53.8318
v  43.2268 28.6090 53.8318
v  39.8870 29.6851 53.8318
v  40.1958 28.5791 53.8318
v  38.0213 28.3026 53.8318
v  38.7907 27.5380 53.8318
v  37.2874 26.9379 53.8318
v  38.2513 26.5350 53.8318
v  37.2874 23.1919 53.8318
v  38.2513 23.5948 53.8318
v  38.7907 22.5918 53.8318
v  38.0213 21.8271 53.8318
v  40.1957 21.5506 53.8318
v  39.8870 20.4446 53.8318
v  43.2268 21.5208 53.8318
v  43.7663 20.4064 53.8318
v  44.3140 22.2093 53.8318
v  45.3330 21.3986 53.8318
v  33.8698 37.6830 53.8318
v  34.9763 38.2580 53.8318
v  32.8130 40.0957 53.8318
v  32.2893 39.0256 53.8318
v  27.9506 40.0957 53.8318
v  28.4743 39.0256 53.8318
v  26.8938 37.6830 53.8318
v  25.7873 38.2580 53.8318
v  25.8495 35.0873 53.8318
v  26.9406 35.2969 53.8318
v  27.2778 32.8253 53.8318
v  28.0251 33.5793 53.8318
v  30.3818 31.9939 53.8318
v  30.3818 32.9568 53.8318
v  32.7385 33.5793 53.8318
v  33.4859 32.8253 53.8318
v  33.8230 35.2969 53.8318
v  34.9141 35.0873 53.8318
v  16.4977 27.9184 53.8318
v  17.5881 28.6090 53.8318
v  17.0507 29.7234 53.8318
v  15.4839 28.7311 53.8318
v  14.7485 25.0649 53.8318
v  15.9252 25.0649 53.8318
v  16.4977 22.2114 53.8318
v  15.4839 21.3986 53.8318
v  17.0507 20.4064 53.8318
v  17.5881 21.5208 53.8318
v  20.9299 20.4446 53.8318
v  20.6192 21.5506 53.8318
v  22.7957 21.8272 53.8318
v  22.0243 22.5918 53.8318
v  23.5295 23.1919 53.8318
v  22.5603 23.5886 53.8318
v  23.5295 26.9379 53.8318
v  22.5603 26.5411 53.8318
v  22.0243 27.5380 53.8318
v  22.7957 28.3026 53.8318
v  20.6192 28.5791 53.8318
v  20.9299 29.6851 53.8318
v  26.8938 12.4468 53.8318
v  25.7873 11.8717 53.8318
v  27.9506 10.0341 53.8318
v  28.4743 11.1042 53.8318
v  32.8130 10.0341 53.8318
v  32.2893 11.1042 53.8318
v  33.8698 12.4468 53.8318
v  34.9763 11.8717 53.8318
v  34.9141 15.0425 53.8318
v  33.8230 14.8328 53.8318
v  33.4859 17.3044 53.8318
v  32.7385 16.5505 53.8318
v  30.3818 18.1359 53.8318
v  30.3818 17.1730 53.8318
v  27.2778 17.3045 53.8318
v  28.0251 16.5505 53.8318
v  26.9406 14.8328 53.8318
v  25.8495 15.0425 53.8318
v  39.8870 29.6851 52.5416
v  44.8344 25.0649 48.8617
v  44.3140 27.9205 48.8617
v  44.3140 22.2093 48.8617
v  43.2268 21.5208 48.8617
v  40.1957 21.5506 48.8617
v  38.7907 22.5918 48.8617
v  38.2513 23.5948 48.8617
v  38.2513 26.5350 48.8617
v  38.2510 23.6004 48.8617
v  38.7907 27.5380 48.8617
v  40.1958 28.5791 48.8617
v  43.2268 28.6090 48.8617
v  34.9141 35.0873 52.5417
v  33.8698 37.6830 48.8617
v  32.2893 39.0256 48.8617
v  33.8230 35.2969 48.8617
v  32.7385 33.5793 48.8617
v  30.3818 32.9568 48.8617
v  28.0251 33.5793 48.8617
v  26.9406 35.2969 48.8617
v  26.8938 37.6830 48.8617
v  28.4743 39.0256 48.8617
v  20.9299 20.4446 52.5416
v  17.5881 28.6090 48.8617
v  16.4977 27.9184 48.8617
v  20.6192 28.5791 48.8617
v  22.0243 27.5380 48.8617
v  22.5603 26.5411 48.8617
v  22.5603 23.5886 48.8617
v  22.0243 22.5918 48.8617
v  20.6192 21.5506 48.8617
v  17.5881 21.5208 48.8617
v  16.4977 22.2114 48.8617
v  15.9252 25.0649 48.8617
v  25.8495 15.0425 52.5416
v  26.8938 12.4468 48.8617
v  28.4743 11.1042 48.8617
v  26.9406 14.8329 48.8617
v  28.0251 16.5505 48.8617
v  30.3818 17.1730 48.8617
v  32.7385 16.5505 48.8617
v  33.8230 14.8329 48.8617
v  33.8698 12.4468 48.8617
v  32.2893 11.1042 48.8617
v  33.3223 27.5323 56.1224
v  33.9889 26.3777 56.1224
v  32.3011 28.3892 56.1224
v  30.3818 28.8451 56.1224
v  28.4625 28.3892 56.1224
v  27.4413 27.5323 56.1224
v  26.7747 26.3777 56.1224
v  26.7747 23.7520 56.1224
v  27.4413 22.5975 56.1224
v  28.4625 21.7406 56.1224
v  30.3818 21.2846 56.1224
v  32.3011 21.7406 56.1224
v  33.3223 22.5975 56.1224
v  33.9889 23.7520 56.1224
v  33.3223 27.5323 57.2200
v  33.9889 26.3777 57.2200
v  32.3011 28.3892 57.2200
v  30.3818 28.8451 57.2200
v  28.4625 28.3892 57.2200
v  27.4413 27.5323 57.2200
v  26.7747 26.3777 57.2200
v  26.7747 23.7520 57.2200
v  27.4413 22.5975 57.2200
v  28.4625 21.7406 57.2200
v  30.3818 21.2846 57.2200
v  32.3011 21.7406 57.2200
v  33.3223 22.5975 57.2200
v  33.9889 23.7520 57.2200
v  36.9158 26.9172 48.3270
v  37.1168 27.2910 48.3270
v  36.8965 23.5136 48.3270
v  37.1168 22.8387 48.3270
v  32.4335 18.1638 48.3270
v  30.3818 18.5303 48.3270
v  28.3340 18.1655 48.3270
v  23.6960 22.8348 48.3270
v  23.9080 23.2290 48.3270
v  23.9080 26.9008 48.3270
v  23.6960 27.2950 48.3270
v  28.3340 31.9642 48.3270
v  30.3818 31.5995 48.3270
v  32.4335 31.9659 48.3270
v  36.9158 26.9172 44.2108
v  37.1168 27.2910 44.2108
v  36.8965 23.5136 44.2108
v  37.1168 22.8387 44.2108
v  32.4335 18.1638 44.2108
v  30.3818 18.5303 44.2108
v  28.3340 18.1655 44.2108
v  23.6960 22.8348 44.2108
v  23.9080 23.2290 44.2108
v  23.9080 26.9008 44.2108
v  23.6960 27.2950 44.2108
v  28.3340 31.9642 44.2108
v  30.3818 31.5995 44.2108
v  32.4335 31.9659 44.2108
v  23.3898 29.3548 52.3308
v  23.6785 29.6988 53.9951
v  20.2587 33.4344 53.4945
v  20.1498 33.3047 52.3170
v  27.2015 25.8983 52.2850
v  27.5422 26.3043 56.2745
v  29.2105 28.2925 52.2850
v  25.0921 31.3834 52.3317
v  24.8034 31.0394 53.9951
v  28.8698 27.8865 56.2745
v  20.7918 34.0698 52.3317
v  20.6829 33.9400 53.4945
v  34.6884 32.0745 52.3308
v  35.0324 31.7858 53.9951
v  38.7681 35.2056 53.4945
v  38.6383 35.3145 52.3170
v  31.2319 28.2628 52.2850
v  31.6379 27.9222 56.2745
v  33.6262 26.2538 52.2850
v  36.7170 30.3723 52.3317
v  36.3730 30.6609 53.9951
v  33.2202 26.5945 56.2745
v  39.4034 34.6725 52.3317
v  39.2737 34.7814 53.4945
v  37.4081 20.7759 52.3308
v  37.1195 20.4319 53.9951
v  40.5393 16.6963 53.4945
v  40.6481 16.8260 52.3170
v  33.5965 24.2325 52.2850
v  33.2558 23.8264 56.2745
v  31.5874 21.8382 52.2850
v  35.7059 18.7473 52.3317
v  35.9946 19.0913 53.9951
v  31.9281 22.2442 56.2745
v  40.0062 16.0610 52.3317
v  40.1150 16.1907 53.4945
v  26.1096 18.0562 52.3308
v  25.7656 18.3449 53.9951
v  22.0299 14.9251 53.4945
v  22.1596 14.8162 52.3170
v  29.5661 21.8679 52.2850
v  29.1601 22.2086 56.2745
v  27.1718 23.8769 52.2850
v  24.0809 19.7584 52.3317
v  24.4249 19.4698 53.9951
v  27.5778 23.5362 56.2745
v  21.3946 15.4582 52.3317
v  21.5243 15.3493 53.4945
v  64.9829 71.7706 -41.7174
v  74.6729 71.9663 -41.7751
v  73.9804 32.3456 -42.0072
v  64.2904 32.1364 -42.1709
v  74.7381 71.6967 -40.7559
v  74.0879 32.2766 -40.9845
v  65.0482 71.5733 -40.7172
v  64.3979 32.1409 -41.1487
v  74.6206 73.6151 -41.0159
v  64.9306 73.4720 -40.9693
v  74.7792 72.9868 -40.1744
v  65.0892 72.8830 -40.0802
v  65.0662 74.9879 -39.4652
v  74.7561 75.0874 -39.4204
v  74.8775 74.2160 -38.8683
v  65.1875 74.1126 -38.8795
v  65.0963 75.6656 -37.7505
v  74.7862 75.8057 -37.7063
v  74.8972 74.7859 -37.5301
v  65.2072 74.6350 -37.5680
v  64.0110 76.0573 38.9275
v  73.7010 75.8973 38.9732
v  73.6860 74.8739 38.7409
v  63.9961 75.0430 38.7105
v  64.0338 75.3705 40.6081
v  73.7238 75.1869 40.6494
v  73.6276 74.3170 40.0432
v  63.9376 74.4774 40.0471
v  64.0594 73.9233 42.2066
v  73.7493 73.6753 42.1385
v  73.6249 73.0837 41.2474
v  63.9349 73.2827 41.3485
v  73.6667 71.9769 42.7906
v  63.9767 72.2502 42.8278
v  73.6592 71.7744 41.7643
v  63.9692 72.0025 41.7859
v  64.0165 33.4948 42.4344
v  73.7065 33.2255 42.5528
v  73.7319 33.2225 41.5302
v  64.0419 33.4386 41.4120
v  -34.9563 29.9464 39.0519
v  -35.0318 31.4714 39.1786
v  -37.3148 29.9848 44.2002
v  -37.8217 46.0998 44.5754
v  -36.9143 31.4508 43.1580
v  -37.3383 46.0457 43.4277
v  -52.4336 31.3118 38.7962
v  -52.5239 32.8390 38.9391
v  -56.0636 31.4100 43.9596
v  -55.4030 32.8858 42.9164
v  0.2692 29.8105 -37.6325
v  35.2239 29.5838 -37.7053
v  35.2715 31.1037 -37.7609
v  0.2874 31.3338 -37.6558
v  0.3742 30.3412 -42.6866
v  37.8719 29.9738 -42.7897
v  0.7570 46.4465 -43.0074
v  0.7743 46.2867 -41.9294
v  0.3161 31.6265 -41.6458
v  37.2936 31.2676 -41.7468
v  69.6661 32.5527 9.7242
v  69.7202 32.8158 0.1209
v  69.6753 31.3018 0.1499
v  69.6292 31.0393 9.7385
v  74.9061 31.2665 0.1212
v  74.8700 30.9328 10.9814
v  75.2391 47.3616 -0.0116
v  75.1115 47.0341 10.9275
v  74.0920 47.2599 -0.0714
v  74.3331 46.9328 10.5882
v  73.7767 32.6209 0.1258
v  73.7328 32.3003 10.7259
v  69.7664 30.7524 19.3271
v  69.7952 32.2651 19.3276
v  75.0172 30.5747 21.8415
v  73.8723 31.9553 21.3259
v  -69.7647 30.1960 -18.7636
v  -69.7079 28.6659 -18.8343
v  -74.6691 29.3146 -21.2848
v  -74.7852 45.4480 -21.3195
v  -73.7022 30.6373 -20.7684
v  -73.6733 45.2759 -20.7804
v  -69.6741 28.9096 -28.4260
v  -69.7228 30.4397 -28.3700
v  -74.6452 29.6400 -32.1480
v  -73.6706 30.9356 -31.3715
v  -27.3093 47.0513 -21.9341
v  -27.2866 48.9104 23.4026
v  -27.1371 47.8905 15.3611
v  -28.3756 56.6627 34.7834
v  -27.6974 51.8240 29.8014
v  -29.3222 63.6333 38.5055
v  36.1256 109.8986 -54.4947
v  35.8300 103.3900 -51.9901
v  28.2083 46.0155 15.4547
v  35.5097 102.9880 55.3503
v  30.3949 62.5882 39.9724
v  28.7680 50.1587 30.7141
v  28.3569 47.0513 23.8346
v  29.4470 55.3377 36.0934
v  28.3341 48.9104 -21.5021
v  28.7450 51.8240 -27.9009
v  30.3698 63.6333 -36.6050
v  29.4231 56.6627 -32.8829
v  -34.8073 103.4193 -53.5176
v  -29.3474 62.5882 -38.0719
v  -27.7205 50.1587 -28.8137
v  -28.3994 55.3377 -34.1929
v  35.7385 102.1303 56.6315
v  -34.7183 102.5616 -54.7988
v  78.3252 33.3703 -16.9604
v  78.5688 33.5961 -16.6255
v  78.3235 33.5861 -16.4948
v  78.2467 34.1473 -38.5603
v  78.4990 33.7520 -38.3827
v  78.2556 33.5861 -38.3813
v  78.1544 44.9657 -16.3147
v  78.3936 45.3809 -16.4952
v  78.1455 45.5268 -16.4937
v  78.0759 45.7426 -37.9147
v  78.3238 45.5368 -38.2524
v  78.0777 45.5268 -38.3803
v  78.2603 33.3703 -37.9157
v  74.7191 33.2548 -37.8992
v  74.7145 33.4706 -38.3648
v  74.7841 33.2548 -16.9438
v  74.7824 33.4706 -16.4782
v  78.0854 44.9657 -38.5594
v  74.5443 44.8502 -38.5429
v  74.5365 45.4113 -38.3637
v  78.1409 45.7426 -16.9593
v  74.5998 45.6271 -16.9428
v  74.6044 45.4113 -16.4772
v  78.6623 33.5999 -16.9623
v  78.7849 34.1664 -16.9631
v  78.6554 34.1611 -16.4967
v  78.3157 34.1473 -16.3157
v  78.5875 34.1611 -38.3832
v  78.7198 34.1664 -37.9184
v  78.5973 33.5999 -37.9177
v  78.4942 44.9795 -16.4958
v  78.6236 44.9848 -16.9621
v  78.4843 45.5406 -16.9613
v  78.4194 45.5406 -37.9167
v  78.5586 44.9848 -37.9175
v  78.4263 44.9795 -38.3823
v  74.7055 34.0318 -38.5438
v  74.7745 34.0318 -16.2991
v  74.5347 45.6271 -37.8981
v  74.6133 44.8502 -16.2982
v  78.2927 33.3703 -27.4381
v  74.7516 33.2548 -27.4215
v  78.1083 45.7426 -27.4370
v  74.5673 45.6271 -27.4204
v  78.7523 34.1664 -27.4407
v  78.6298 33.5999 -27.4400
v  78.5911 44.9848 -27.4398
v  78.4519 45.5406 -27.4390
v  78.1661 39.5565 -38.5599
v  74.6250 39.4410 -38.5433
v  78.2351 39.5565 -16.3152
v  74.6939 39.4410 -16.2986
v  78.6392 39.5756 -37.9179
v  78.5069 39.5703 -38.3828
v  78.7042 39.5756 -16.9626
v  78.5748 39.5703 -16.4962
v  78.6717 39.5756 -27.4403
v  -78.0436 33.1532 16.7370
v  -78.2871 33.3790 16.4021
v  -78.0418 33.3691 16.2713
v  -77.9650 33.9302 38.3369
v  -78.2173 33.5349 38.1593
v  -77.9739 33.3691 38.1579
v  -77.8728 44.7486 16.0913
v  -78.1119 45.1638 16.2718
v  -77.8638 45.3097 16.2703
v  -77.7942 45.5255 37.6912
v  -78.0421 45.3197 38.0289
v  -77.7960 45.3097 38.1568
v  -77.9786 33.1532 37.6923
v  -74.4374 33.0377 37.6758
v  -74.4328 33.2536 38.1413
v  -74.5024 33.0377 16.7204
v  -74.5007 33.2536 16.2548
v  -77.8038 44.7486 38.3360
v  -74.2627 44.6331 38.3194
v  -74.2549 45.1942 38.1403
v  -77.8592 45.5255 16.7359
v  -74.3181 45.4100 16.7194
v  -74.3228 45.1942 16.2538
v  -78.3806 33.3828 16.7389
v  -78.5032 33.9493 16.7396
v  -78.3737 33.9440 16.2733
v  -78.0340 33.9302 16.0922
v  -78.3058 33.9440 38.1598
v  -78.4381 33.9493 37.6950
v  -78.3157 33.3828 37.6943
v  -78.2125 44.7624 16.2723
v  -78.3419 44.7677 16.7387
v  -78.2027 45.3235 16.7379
v  -78.1377 45.3235 37.6932
v  -78.2770 44.7677 37.6940
v  -78.1446 44.7624 38.1589
v  -74.4238 33.8147 38.3204
v  -74.4929 33.8147 16.0757
v  -74.2531 45.4100 37.6747
v  -74.3316 44.6331 16.0748
v  -78.0110 33.1532 27.2146
v  -74.4700 33.0377 27.1981
v  -77.8267 45.5255 27.2136
v  -74.2856 45.4100 27.1970
v  -78.4706 33.9493 27.2173
v  -78.3481 33.3828 27.2166
v  -78.3094 44.7677 27.2164
v  -78.1702 45.3235 27.2155
v  -77.8844 39.3394 38.3364
v  -74.3433 39.2239 38.3199
v  -77.9534 39.3394 16.0918
v  -74.4122 39.2239 16.0752
v  -78.3575 39.3585 37.6945
v  -78.2252 39.3532 38.1593
v  -78.4225 39.3585 16.7392
v  -78.2931 39.3532 16.2728
v  -78.3900 39.3585 27.2168
v  -74.1528 34.5229 3.8641
v  -76.9470 34.5229 3.8641
v  -76.9470 34.5229 -0.6148
v  -73.7776 34.5229 -0.6148
v  -74.1528 45.5228 3.8641
v  -73.7776 45.5228 -0.6148
v  -76.9470 45.5228 -0.6148
v  -76.9470 45.5228 3.8641
v  -74.1528 37.9353 -10.4121
v  -74.1528 34.5229 -10.4121
v  -76.9470 34.5229 -10.4121
v  -76.9470 37.9353 -10.4121
v  -86.0090 37.9353 3.8641
v  -86.3756 37.9353 -0.6148
v  -86.3756 34.5229 -0.6148
v  -86.0090 34.5229 3.8641
v  -81.6228 37.9353 8.8948
v  -81.6228 34.5229 8.8948
v  -76.9470 34.5229 9.1825
v  -76.9470 37.9353 9.1825
v  -85.8251 34.5229 -5.2580
v  -76.9470 34.5229 -5.0936
v  -82.1162 45.9987 0.8516
v  -81.3700 45.9987 0.8516
v  -81.3700 45.9987 -0.6148
v  -82.1162 45.9987 -0.6148
v  -82.0447 34.5229 -10.0330
v  -82.0447 37.9353 -10.0330
v  -74.1528 34.5229 9.1825
v  -74.1528 37.9353 9.1825
v  -76.9470 43.9482 -10.4121
v  -74.1528 43.9482 -10.4121
v  -76.9470 37.9353 -5.0936
v  -76.9470 37.9353 -0.6148
v  -76.9470 45.5228 -5.0936
v  -74.1528 43.8487 9.1825
v  -76.9470 43.8487 9.1825
v  -74.1528 34.5229 -5.0936
v  -76.9470 45.5228 7.5084
v  -74.1528 45.5228 7.5084
v  -74.1528 45.5228 -5.0936
v  -74.1528 45.5228 -8.8374
v  -76.9470 45.5228 -8.8374
v  -85.8251 37.9353 -5.2580
v  -76.9470 37.9353 3.8641
v  -85.0613 37.9769 -3.5679
v  -85.0613 37.9769 -0.6148
v  -78.4248 37.9769 2.3383
v  -85.0613 37.9769 2.3383
v  -78.4248 37.9769 -0.6148
v  -78.4248 37.9769 -3.5679
v  -84.5860 38.8544 -3.1404
v  -84.5860 38.8544 -0.6148
v  -78.9002 38.8544 1.9109
v  -84.5860 38.8544 1.9109
v  -78.9002 38.8544 -0.6148
v  -78.9002 38.8544 -3.1404
v  -83.5267 38.8544 -2.0812
v  -83.5267 38.8544 -0.6148
v  -79.9595 38.8544 0.8516
v  -83.5267 38.8544 0.8516
v  -79.9595 38.8544 -0.6148
v  -79.9595 38.8544 -2.0812
v  -82.9859 42.9905 0.8516
v  -82.9859 42.9905 -0.6148
v  -80.5003 42.9905 0.8516
v  -80.5003 42.9905 -2.0812
v  -80.5003 42.9905 -0.6148
v  -82.9859 42.9905 -2.0812
v  -83.9096 43.8629 0.8516
v  -83.9096 43.8629 -0.6148
v  -81.0961 43.5236 2.8048
v  -82.3901 43.5236 2.8048
v  -82.1142 42.9905 2.8048
v  -81.3719 42.9905 2.8048
v  -79.5765 43.8629 -2.0812
v  -79.5765 43.8629 -0.6148
v  -82.3901 43.5236 -4.0344
v  -81.0961 43.5236 -4.0344
v  -81.3719 42.9905 -4.0344
v  -82.1142 42.9905 -4.0344
v  -79.5765 43.8629 0.8516
v  -82.1142 44.8288 2.8048
v  -81.3719 44.8288 2.8048
v  -83.9096 43.8629 -2.0812
v  -81.3700 45.9987 -2.0812
v  -81.3719 44.8288 -4.0344
v  -82.1142 44.8288 -4.0344
v  -82.1162 45.9987 -2.0812
v  -77.1522 31.8529 -37.9115
v  -77.3958 32.0786 -38.2464
v  -77.1504 32.0687 -38.3772
v  -77.0736 32.6298 -16.3116
v  -77.3260 32.2345 -16.4892
v  -77.0825 32.0687 -16.4906
v  -76.9814 43.4482 -38.5572
v  -77.2206 43.8634 -38.3767
v  -76.9724 44.0093 -38.3782
v  -76.9028 44.2252 -16.9573
v  -77.1507 44.0193 -16.6196
v  -76.9046 44.0093 -16.4917
v  -77.0872 31.8529 -16.9562
v  -73.5461 31.7373 -16.9727
v  -73.5414 31.9532 -16.5072
v  -73.6110 31.7373 -37.9281
v  -73.6093 31.9532 -38.3937
v  -76.9124 43.4482 -16.3125
v  -73.3713 43.3327 -16.3291
v  -73.3635 43.8938 -16.5082
v  -76.9678 44.2252 -37.9126
v  -73.4267 44.1096 -37.9292
v  -73.4314 43.8938 -38.3947
v  -77.4892 32.0825 -37.9096
v  -77.6118 32.6489 -37.9089
v  -77.4823 32.6436 -38.3752
v  -77.1426 32.6298 -38.5563
v  -77.4145 32.6436 -16.4887
v  -77.5468 32.6489 -16.9535
v  -77.4243 32.0825 -16.9543
v  -77.3211 43.4620 -38.3762
v  -77.4505 43.4673 -37.9098
v  -77.3113 44.0231 -37.9106
v  -77.2463 44.0231 -16.9553
v  -77.3856 43.4673 -16.9545
v  -77.2532 43.4620 -16.4896
v  -73.5324 32.5143 -16.3281
v  -73.6015 32.5143 -38.5728
v  -73.3617 44.1096 -16.9738
v  -73.4402 43.3327 -38.5738
v  -77.1197 31.8529 -27.4339
v  -73.5786 31.7373 -27.4504
v  -76.9353 44.2252 -27.4349
v  -73.3942 44.1096 -27.4515
v  -77.5793 32.6489 -27.4312
v  -77.4568 32.0825 -27.4319
v  -77.4181 43.4673 -27.4321
v  -77.2788 44.0231 -27.4330
v  -76.9930 38.0390 -16.3121
v  -73.4519 37.9235 -16.3286
v  -77.0620 38.0390 -38.5567
v  -73.5208 37.9235 -38.5733
v  -77.4662 38.0581 -16.9540
v  -77.3338 38.0528 -16.4892
v  -77.5312 38.0581 -37.9093
v  -77.4017 38.0528 -38.3757
v  -77.4987 38.0581 -27.4317
v  61.9115 68.6529 -13.5366
v  61.9115 68.6529 14.5094
v  59.5579 69.8021 14.5135
v  59.5579 69.8021 -13.5406
v  66.9862 87.6498 -16.3989
v  62.6502 71.4180 -16.3989
v  60.3102 72.6184 -16.4560
v  64.6483 88.8581 -16.4560
v  67.7249 90.4148 14.5094
v  67.7249 90.4148 -13.5366
v  65.4007 91.6744 -13.5406
v  65.4007 91.6744 14.5135
v  60.3102 72.6184 17.4289
v  62.6502 71.4180 17.3717
v  66.9862 87.6498 17.3717
v  64.6483 88.8581 17.4289
v  59.7930 70.6822 -15.5450
v  62.1415 69.5138 -15.5078
v  62.1415 69.5138 16.4806
v  59.7930 70.6822 16.5178
v  65.2244 91.0143 -15.4083
v  67.5523 89.7686 -15.3744
v  65.1303 90.6623 16.7456
v  67.4605 89.4252 16.7028
v  62.4445 69.1991 14.3047
v  62.6233 69.8687 15.9425
v  63.0462 71.4520 -15.6620
v  62.6233 69.8687 -14.9696
v  67.3124 87.4221 16.6348
v  67.7098 88.9095 16.1073
v  67.9142 89.6750 -13.3319
v  67.7780 89.1649 -14.8705
v  63.0462 71.4520 16.6348
v  65.1793 79.4370 4.0597
v  65.8586 81.9797 3.2133
v  66.1220 82.9658 0.4864
v  67.9143 89.6750 14.3047
v  65.8927 82.1073 -2.1385
v  65.1793 79.4370 -3.0869
v  67.3124 87.4221 -15.6620
v  64.4853 76.8390 -2.1858
v  64.2367 75.9083 0.4864
v  62.4445 69.1991 -13.3319
v  64.4853 76.8390 3.1586
v  65.8849 79.2479 3.9801
v  66.5524 81.7466 3.1317
v  66.8162 82.7341 0.4864
v  66.5863 81.8735 -2.0579
v  65.8849 79.2479 -3.0072
v  65.2027 76.6939 -2.1048
v  64.9536 75.7616 0.4864
v  65.2027 76.6939 3.0777
v  65.8849 79.2479 2.6482
v  66.3505 80.9906 2.0747
v  66.4725 81.4475 0.4864
v  66.3505 80.9906 -1.1019
v  65.8849 79.2479 -1.6754
v  65.4194 77.5051 -1.1019
v  65.2973 77.0482 0.4864
v  65.4194 77.5051 2.0747
v  73.8058 79.2012 2.6482
v  73.8260 80.9440 2.0747
v  73.8313 81.4010 0.4864
v  73.8260 80.9440 -1.1019
v  73.8058 79.2012 -1.6754
v  73.7856 77.4584 -1.1019
v  73.7803 77.0015 0.4864
v  73.7856 77.4584 2.0747
v  73.9973 79.2001 2.4564
v  74.0159 80.7962 1.9303
v  74.0207 81.2079 0.4864
v  74.0159 80.7962 -0.9574
v  73.9973 79.2001 -1.4835
v  73.9788 77.6040 -0.9574
v  73.9741 77.1923 0.4864
v  73.9788 77.6040 1.9303
v  73.9751 79.2003 0.4864
v  -66.7657 75.7152 5.8609
v  -71.6860 75.6892 5.8605
v  -71.6321 78.8316 3.6350
v  -66.7119 78.8577 3.6354
v  -71.6671 79.9678 4.3365
v  -71.7209 77.3689 6.3890
v  -66.8007 77.3949 6.3895
v  -66.7469 79.9938 4.3369
v  -71.6473 75.7159 11.4476
v  -66.7242 75.7419 11.4978
v  -66.7597 77.4217 11.4553
v  -71.6827 77.3956 11.4051
v  -66.5926 77.2710 -10.1284
v  -66.5571 75.5913 -10.0859
v  -71.4802 75.5653 -10.1361
v  -71.5156 77.2450 -10.1786
v  -71.4741 77.2718 -5.1050
v  -71.4391 75.5920 -4.5071
v  -71.4934 78.8061 -2.2586
v  -71.5284 80.0400 -2.9369
v  -66.5732 78.8321 -2.2582
v  -66.5189 75.6180 -4.5067
v  -66.6082 80.0660 -2.9364
v  -66.5539 77.2978 -5.1046
v  -71.6043 80.1313 2.6224
v  -66.6841 80.1573 2.6228
v  -71.6393 81.4199 3.0352
v  -66.7191 81.4459 3.0357
v  -71.5211 80.1159 -1.2533
v  -71.5561 81.3826 -1.7153
v  -71.5765 80.7786 1.3287
v  -66.6563 80.8046 1.3291
v  -71.5488 80.7735 0.0368
v  -66.6286 80.7995 0.0372
v  -66.6009 80.1420 -1.2528
v  -71.6115 82.2900 1.2939
v  -66.6913 82.3161 1.2944
v  -71.5838 82.2849 0.0020
v  -66.6636 82.3110 0.0025
v  -66.6359 81.4087 -1.7149
v  -72.7938 71.7706 -41.7174
v  -63.1038 71.9663 -41.7751
v  -63.7963 32.3456 -42.0072
v  -73.4863 32.1364 -42.1709
v  -63.0385 71.6967 -40.7559
v  -63.6888 32.2766 -40.9845
v  -72.7285 71.5733 -40.7172
v  -73.3787 32.1409 -41.1487
v  -63.1561 73.6151 -41.0159
v  -72.8460 73.4720 -40.9693
v  -62.9975 72.9868 -40.1744
v  -72.6875 72.8830 -40.0802
v  -72.7104 74.9879 -39.4652
v  -63.0205 75.0874 -39.4204
v  -62.8992 74.2160 -38.8683
v  -72.5892 74.1126 -38.8795
v  -72.6804 75.6656 -37.7505
v  -62.9904 75.8057 -37.7063
v  -62.8795 74.7859 -37.5301
v  -72.5695 74.6350 -37.5680
v  -73.7657 76.0573 38.9275
v  -64.0757 75.8973 38.9732
v  -64.0906 74.8739 38.7409
v  -73.7806 75.0430 38.7105
v  -73.7429 75.3705 40.6081
v  -64.0529 75.1869 40.6494
v  -64.1490 74.3170 40.0432
v  -73.8390 74.4774 40.0471
v  -73.7173 73.9233 42.2066
v  -64.0273 73.6753 42.1385
v  -64.1517 73.0837 41.2474
v  -73.8417 73.2827 41.3485
v  -64.1100 71.9769 42.7906
v  -73.8000 72.2502 42.8278
v  -64.1175 71.7744 41.7643
v  -73.8075 72.0025 41.7859
v  -73.7602 33.4948 42.4344
v  -64.0702 33.2255 42.5528
v  -64.0448 33.2225 41.5302
v  -73.7347 33.4386 41.4120
v  -18.6802 30.8909 43.8971
v  -18.5363 30.8454 39.0144
v  -23.3862 22.9500 39.1122
v  -23.5300 22.9956 43.9949
v  -22.3967 20.8243 39.0978
v  -17.5978 27.9005 39.0084
v  -17.7416 27.9461 43.8911
v  -22.5405 20.8699 43.9804
v  -8.6241 30.8002 39.2574
v  -8.6796 30.8459 44.1462
v  -8.7542 27.9009 44.1211
v  -8.6987 27.8553 39.2323
v  -47.0560 28.1641 43.6942
v  -46.9814 31.1090 43.7193
v  -46.9258 31.0634 38.8305
v  -47.0005 28.1185 38.8054
v  -37.9994 28.0733 39.0364
v  -36.9392 31.0183 39.0787
v  -32.0564 22.9870 39.1344
v  -33.0673 20.7947 39.0844
v  -32.2001 23.0326 44.0170
v  -37.0830 31.0639 43.9613
v  -33.2110 20.8403 43.9671
v  -38.1432 28.1189 43.9191
v  -17.1635 27.8983 39.0193
v  -27.7280 20.6815 39.1495
v  -27.8718 20.7271 44.0321
v  -27.7889 18.0315 39.1220
v  -27.9327 18.0770 44.0046
v  -24.3265 21.7365 47.0137
v  -24.3265 21.7365 -50.4949
v  -22.9067 25.1640 -50.4949
v  -22.9067 25.1640 47.0137
v  -27.7539 20.3168 47.0137
v  -27.7539 20.3168 -50.4949
v  -31.1814 21.7365 47.0137
v  -31.1814 21.7365 -50.4949
v  -32.6011 25.1640 47.0137
v  -32.6011 25.1640 -50.4949
v  -31.1814 28.5915 47.0137
v  -31.1814 28.5915 -50.4949
v  -27.7539 30.0112 47.0137
v  -27.7539 30.0112 -50.4949
v  -24.3265 28.5915 47.0137
v  -24.3265 28.5915 -50.4949
v  -3.9375 33.7699 49.1629
v  -3.9374 33.7697 51.5101
v  -2.4025 25.0649 51.5101
v  -2.4025 25.0649 49.1629
v  -8.3571 41.4248 49.1629
v  -8.3571 41.4249 51.5101
v  -15.1284 47.1066 49.1629
v  -15.1284 47.1066 51.5101
v  -23.4344 50.1297 49.1629
v  -23.4344 50.1297 51.5101
v  -32.2736 50.1298 49.1629
v  -32.2737 50.1297 51.5101
v  -40.5800 47.1065 49.1629
v  -40.5798 47.1065 51.5101
v  -47.3511 41.4248 49.1629
v  -47.3511 41.4248 51.5101
v  -51.7706 33.7699 49.1629
v  -51.7707 33.7697 51.5101
v  -53.3056 25.0648 49.1629
v  -53.3056 25.0650 51.5101
v  -51.7707 16.3600 49.1629
v  -51.7707 16.3600 51.5101
v  -47.3511 8.7050 49.1629
v  -47.3511 8.7050 51.5101
v  -40.5800 3.0233 49.1629
v  -40.5798 3.0232 51.5101
v  -32.2736 0.0000 49.1629
v  -32.2737 0.0000 51.5101
v  -23.4346 0.0000 49.1629
v  -23.4344 0.0000 51.5101
v  -15.1282 3.0233 49.1629
v  -15.1284 3.0232 51.5101
v  -8.3571 8.7049 49.1629
v  -8.3571 8.7049 51.5101
v  -3.9375 16.3598 49.1629
v  -3.9374 16.3600 51.5101
v  -9.0118 31.9229 53.9302
v  -9.0118 31.9229 58.8532
v  -7.8025 25.0649 58.8532
v  -7.8025 25.0649 53.9302
v  -12.4937 37.9538 53.9302
v  -12.4937 37.9538 58.8532
v  -17.8283 42.4300 53.9302
v  -17.8283 42.4300 58.8532
v  -24.3722 44.8118 53.9302
v  -24.3722 44.8118 58.8532
v  -31.3360 44.8118 53.9302
v  -31.3360 44.8118 58.8532
v  -37.8798 42.4300 53.9302
v  -37.8798 42.4300 58.8532
v  -43.2144 37.9538 53.9302
v  -43.2144 37.9538 58.8532
v  -46.6964 31.9229 53.9302
v  -46.6964 31.9229 58.8532
v  -47.9056 25.0649 53.9302
v  -47.9056 25.0649 58.8532
v  -46.6964 18.2069 53.9302
v  -46.6964 18.2069 58.8532
v  -43.2144 12.1760 53.9302
v  -43.2144 12.1760 58.8532
v  -37.8798 7.6998 53.9302
v  -37.8798 7.6998 58.8532
v  -31.3360 5.3180 53.9302
v  -31.3360 5.3180 58.8532
v  -24.3722 5.3180 53.9302
v  -24.3722 5.3180 58.8532
v  -17.8283 7.6997 53.9302
v  -17.8283 7.6997 58.8532
v  -12.4937 12.1760 53.9302
v  -12.4937 12.1760 58.8532
v  -9.0118 18.2068 53.9302
v  -9.0118 18.2068 58.8532
v  -7.9168 32.3214 51.9629
v  -6.6373 25.0649 51.9629
v  -7.9168 17.8083 51.9629
v  -11.6011 11.4270 51.9629
v  -17.2457 6.6906 51.9629
v  -24.1698 4.1704 51.9629
v  -31.5383 4.1704 51.9629
v  -38.4625 6.6906 51.9629
v  -44.1071 11.4270 51.9629
v  -47.7914 17.8083 51.9629
v  -49.0709 25.0649 51.9629
v  -47.7914 32.3214 51.9629
v  -44.1071 38.7028 51.9629
v  -38.4625 43.4392 51.9629
v  -31.5383 45.9594 51.9629
v  -24.1698 45.9594 51.9629
v  -17.2457 43.4392 51.9629
v  -11.6011 38.7028 51.9629
v  -8.7381 32.0225 52.7006
v  -7.5112 25.0649 52.7006
v  -12.2706 38.1410 52.7006
v  -17.6827 42.6823 52.7006
v  -24.3216 45.0987 52.7006
v  -31.3865 45.0987 52.7006
v  -38.0255 42.6823 52.7006
v  -43.4376 38.1410 52.7006
v  -46.9701 32.0225 52.7006
v  -48.1969 25.0649 52.7006
v  -46.9701 18.1072 52.7006
v  -43.4376 11.9888 52.7006
v  -38.0255 7.4475 52.7006
v  -31.3866 5.0311 52.7006
v  -24.3216 5.0311 52.7006
v  -17.6827 7.4474 52.7006
v  -12.2706 11.9887 52.7006
v  -8.7381 18.1072 52.7006
v  -9.8608 25.0649 58.8532
v  -10.9459 31.2189 58.8532
v  -14.0704 36.6307 58.8532
v  -18.8574 40.6475 58.8532
v  -24.7296 42.7848 58.8532
v  -30.9786 42.7848 58.8532
v  -36.8507 40.6475 58.8532
v  -41.6378 36.6307 58.8532
v  -44.7623 31.2189 58.8532
v  -45.8474 25.0649 58.8532
v  -44.7623 18.9108 58.8532
v  -41.6378 13.4990 58.8532
v  -36.8507 9.4822 58.8532
v  -30.9786 7.3449 58.8532
v  -24.7296 7.3449 58.8532
v  -18.8574 9.4822 58.8532
v  -14.0704 13.4990 58.8532
v  -10.9459 18.9108 58.8532
v  -10.9459 31.2189 52.5417
v  -9.8608 25.0649 52.5416
v  -14.0704 36.6307 52.5417
v  -18.8574 40.6475 52.5417
v  -24.7296 42.7848 52.5417
v  -30.9786 42.7848 52.5417
v  -36.8507 40.6475 52.5417
v  -41.6378 36.6307 52.5417
v  -44.7623 31.2190 52.5417
v  -45.8474 25.0649 52.5416
v  -44.7623 18.9108 52.5416
v  -41.6378 13.4990 52.5416
v  -36.8507 9.4822 52.5416
v  -30.9786 7.3449 52.5416
v  -24.7296 7.3449 52.5416
v  -18.8574 9.4822 52.5416
v  -14.0704 13.4990 52.5416
v  -10.9459 18.9108 52.5416
v  -23.7491 28.5093 56.1224
v  -22.8187 26.8976 56.1224
v  -22.8187 26.8976 52.5416
v  -23.7491 28.5093 52.5416
v  -25.1747 29.7056 56.1224
v  -25.1747 29.7056 52.5417
v  -27.8541 30.3421 56.1224
v  -27.8541 30.3421 52.5416
v  -30.5334 29.7056 56.1224
v  -30.5334 29.7056 52.5417
v  -31.9590 28.5093 56.1224
v  -31.9590 28.5093 52.5416
v  -32.8895 26.8976 56.1224
v  -32.8895 26.8976 52.5416
v  -32.8895 23.2321 56.1224
v  -32.8895 23.2321 52.5416
v  -31.9590 21.6204 56.1224
v  -31.9590 21.6204 52.5416
v  -30.5334 20.4242 56.1224
v  -30.5334 20.4242 52.5416
v  -27.8541 19.7877 56.1224
v  -27.8541 19.7877 52.5416
v  -25.1747 20.4242 56.1224
v  -25.1747 20.4242 52.5416
v  -23.7491 21.6204 56.1224
v  -23.7491 21.6204 52.5416
v  -22.8187 23.2321 56.1224
v  -22.8187 23.2321 52.5416
v  -10.7033 25.0649 48.8591
v  -11.7376 30.9308 48.8591
v  -11.7376 19.1990 48.8591
v  -14.7158 14.0406 48.8591
v  -19.2787 10.2119 48.8591
v  -24.8759 8.1747 48.8591
v  -30.8323 8.1747 48.8591
v  -36.4294 10.2119 48.8591
v  -40.9923 14.0406 48.8591
v  -43.9705 19.1990 48.8591
v  -45.0048 25.0649 48.8591
v  -44.5739 30.9308 48.8591
v  -40.9923 36.0892 48.8591
v  -36.4294 39.9179 48.8591
v  -30.8323 41.9551 48.8591
v  -24.8759 41.9551 48.8591
v  -19.2787 39.9179 48.8591
v  -14.7158 36.0892 48.8591
v  -12.9029 28.7311 52.5416
v  -12.2348 25.0649 52.5416
v  -14.4696 29.7234 52.5416
v  -20.9485 26.9379 52.5416
v  -20.2146 28.3026 52.5416
v  -20.9485 23.1919 52.5416
v  -20.2146 21.8271 52.5416
v  -22.5847 15.9380 52.5416
v  -18.3489 20.4446 52.5416
v  -14.4696 20.4064 52.5416
v  -12.9029 21.3986 52.5416
v  -25.4229 40.0957 52.5417
v  -23.2596 38.2580 52.5417
v  -30.2853 40.0957 52.5417
v  -32.4485 38.2580 52.5417
v  -32.3864 35.0873 52.5417
v  -35.9273 31.8391 52.5417
v  -30.9581 32.8253 52.5417
v  -27.8541 31.9939 52.5417
v  -24.7500 32.8253 52.5417
v  -42.7520 28.7311 52.5416
v  -41.1852 29.7234 52.5416
v  -43.4874 25.0649 52.5416
v  -42.7520 21.3986 52.5416
v  -41.1852 20.4064 52.5416
v  -34.7064 23.1919 52.5416
v  -35.4402 21.8272 52.5416
v  -34.7064 26.9379 52.5416
v  -35.4402 28.3026 52.5416
v  -37.3060 29.6851 52.5416
v  -30.2853 10.0341 52.5416
v  -32.4485 11.8718 52.5416
v  -25.4229 10.0341 52.5416
v  -23.2596 11.8717 52.5416
v  -23.3218 15.0425 52.5416
v  -24.7500 17.3044 52.5416
v  -27.8541 18.1359 52.5416
v  -30.9581 17.3045 52.5416
v  -13.9219 27.9205 53.8318
v  -13.4015 25.0649 53.8318
v  -12.2348 25.0649 53.8318
v  -12.9029 28.7311 53.8318
v  -14.4696 29.7234 53.8318
v  -15.0090 28.6090 53.8318
v  -18.3489 29.6851 53.8318
v  -18.0401 28.5791 53.8318
v  -20.2146 28.3026 53.8318
v  -19.4452 27.5380 53.8318
v  -20.9485 26.9379 53.8318
v  -19.9846 26.5350 53.8318
v  -20.9485 23.1919 53.8318
v  -19.9846 23.5948 53.8318
v  -19.4452 22.5918 53.8318
v  -20.2146 21.8271 53.8318
v  -18.0402 21.5506 53.8318
v  -18.3489 20.4446 53.8318
v  -15.0090 21.5208 53.8318
v  -14.4696 20.4064 53.8318
v  -13.9219 22.2093 53.8318
v  -12.9029 21.3986 53.8318
v  -24.3661 37.6830 53.8318
v  -23.2596 38.2580 53.8318
v  -25.4229 40.0957 53.8318
v  -25.9465 39.0256 53.8318
v  -30.2853 40.0957 53.8318
v  -29.7616 39.0256 53.8318
v  -31.3421 37.6830 53.8318
v  -32.4485 38.2580 53.8318
v  -32.3864 35.0873 53.8318
v  -31.2953 35.2969 53.8318
v  -30.9581 32.8253 53.8318
v  -30.2108 33.5793 53.8318
v  -27.8541 31.9939 53.8318
v  -27.8541 32.9568 53.8318
v  -25.4974 33.5793 53.8318
v  -24.7500 32.8253 53.8318
v  -24.4129 35.2969 53.8318
v  -23.3218 35.0873 53.8318
v  -41.7382 27.9184 53.8318
v  -40.6478 28.6090 53.8318
v  -41.1852 29.7234 53.8318
v  -42.7520 28.7311 53.8318
v  -43.4874 25.0649 53.8318
v  -42.3107 25.0649 53.8318
v  -41.7382 22.2114 53.8318
v  -42.7520 21.3986 53.8318
v  -41.1852 20.4064 53.8318
v  -40.6478 21.5208 53.8318
v  -37.3060 20.4446 53.8318
v  -37.6167 21.5506 53.8318
v  -35.4402 21.8272 53.8318
v  -36.2116 22.5918 53.8318
v  -34.7064 23.1919 53.8318
v  -35.6756 23.5886 53.8318
v  -34.7064 26.9379 53.8318
v  -35.6756 26.5411 53.8318
v  -36.2116 27.5380 53.8318
v  -35.4402 28.3026 53.8318
v  -37.6167 28.5791 53.8318
v  -37.3060 29.6851 53.8318
v  -31.3421 12.4468 53.8318
v  -32.4485 11.8717 53.8318
v  -30.2853 10.0341 53.8318
v  -29.7616 11.1042 53.8318
v  -25.4229 10.0341 53.8318
v  -25.9465 11.1042 53.8318
v  -24.3661 12.4468 53.8318
v  -23.2596 11.8717 53.8318
v  -23.3218 15.0425 53.8318
v  -24.4129 14.8328 53.8318
v  -24.7500 17.3044 53.8318
v  -25.4974 16.5505 53.8318
v  -27.8541 18.1359 53.8318
v  -27.8541 17.1730 53.8318
v  -30.9581 17.3045 53.8318
v  -30.2108 16.5505 53.8318
v  -31.2953 14.8328 53.8318
v  -32.3864 15.0425 53.8318
v  -18.3489 29.6851 52.5416
v  -13.4015 25.0649 48.8617
v  -13.9219 27.9205 48.8617
v  -13.9219 22.2093 48.8617
v  -15.0090 21.5208 48.8617
v  -18.0402 21.5506 48.8617
v  -19.4452 22.5918 48.8617
v  -19.9846 23.5948 48.8617
v  -19.9846 26.5350 48.8617
v  -19.9849 23.6004 48.8617
v  -19.4452 27.5380 48.8617
v  -18.0401 28.5791 48.8617
v  -15.0090 28.6090 48.8617
v  -23.3218 35.0873 52.5417
v  -24.3661 37.6830 48.8617
v  -25.9465 39.0256 48.8617
v  -24.4129 35.2969 48.8617
v  -25.4974 33.5793 48.8617
v  -27.8541 32.9568 48.8617
v  -30.2108 33.5793 48.8617
v  -31.2953 35.2969 48.8617
v  -31.3421 37.6830 48.8617
v  -29.7616 39.0256 48.8617
v  -37.3060 20.4446 52.5416
v  -40.6478 28.6090 48.8617
v  -41.7382 27.9184 48.8617
v  -37.6167 28.5791 48.8617
v  -36.2116 27.5380 48.8617
v  -35.6756 26.5411 48.8617
v  -35.6756 23.5886 48.8617
v  -36.2116 22.5918 48.8617
v  -37.6167 21.5506 48.8617
v  -40.6478 21.5208 48.8617
v  -41.7382 22.2114 48.8617
v  -42.3107 25.0649 48.8617
v  -32.3864 15.0425 52.5416
v  -31.3421 12.4468 48.8617
v  -29.7616 11.1042 48.8617
v  -31.2953 14.8329 48.8617
v  -30.2108 16.5505 48.8617
v  -27.8541 17.1730 48.8617
v  -25.4974 16.5505 48.8617
v  -24.4129 14.8329 48.8617
v  -24.3661 12.4468 48.8617
v  -25.9465 11.1042 48.8617
v  -24.9136 27.5323 56.1224
v  -24.2470 26.3777 56.1224
v  -25.9348 28.3892 56.1224
v  -27.8541 28.8451 56.1224
v  -29.7734 28.3892 56.1224
v  -30.7946 27.5323 56.1224
v  -31.4611 26.3777 56.1224
v  -31.4611 23.7520 56.1224
v  -30.7946 22.5975 56.1224
v  -29.7734 21.7406 56.1224
v  -27.8541 21.2846 56.1224
v  -25.9348 21.7406 56.1224
v  -24.9136 22.5975 56.1224
v  -24.2470 23.7520 56.1224
v  -24.9136 27.5323 57.2200
v  -24.2470 26.3777 57.2200
v  -25.9348 28.3892 57.2200
v  -27.8541 28.8451 57.2200
v  -29.7734 28.3892 57.2200
v  -30.7946 27.5323 57.2200
v  -31.4611 26.3777 57.2200
v  -31.4611 23.7520 57.2200
v  -30.7946 22.5975 57.2200
v  -29.7734 21.7406 57.2200
v  -27.8541 21.2846 57.2200
v  -25.9348 21.7406 57.2200
v  -24.9136 22.5975 57.2200
v  -24.2470 23.7520 57.2200
v  -21.3201 26.9172 48.3270
v  -21.1191 27.2910 48.3270
v  -21.3394 23.5136 48.3270
v  -21.1191 22.8387 48.3270
v  -25.8024 18.1638 48.3270
v  -27.8541 18.5303 48.3270
v  -29.9019 18.1655 48.3270
v  -34.5399 22.8348 48.3270
v  -34.3279 23.2290 48.3270
v  -34.3279 26.9008 48.3270
v  -34.5399 27.2950 48.3270
v  -29.9019 31.9642 48.3270
v  -27.8541 31.5995 48.3270
v  -25.8024 31.9659 48.3270
v  -21.3201 26.9172 44.2108
v  -21.1191 27.2910 44.2108
v  -21.3394 23.5136 44.2108
v  -21.1191 22.8387 44.2108
v  -25.8024 18.1638 44.2108
v  -27.8541 18.5303 44.2108
v  -29.9019 18.1655 44.2108
v  -34.5399 22.8348 44.2108
v  -34.3279 23.2290 44.2108
v  -34.3279 26.9008 44.2108
v  -34.5399 27.2950 44.2108
v  -29.9019 31.9642 44.2108
v  -27.8541 31.5995 44.2108
v  -25.8024 31.9659 44.2108
v  -51.7788 33.7699 -49.6091
v  -51.7789 33.7697 -51.9563
v  -53.3138 25.0649 -51.9563
v  -53.3138 25.0649 -49.6091
v  -47.3593 41.4248 -49.6091
v  -47.3592 41.4249 -51.9563
v  -40.5880 47.1066 -49.6091
v  -40.5880 47.1066 -51.9563
v  -32.2819 50.1297 -49.6091
v  -32.2819 50.1297 -51.9563
v  -23.4427 50.1298 -49.6091
v  -23.4427 50.1297 -51.9563
v  -15.1364 47.1065 -49.6091
v  -15.1365 47.1065 -51.9563
v  -8.3652 41.4248 -49.6091
v  -8.3653 41.4248 -51.9563
v  -3.9457 33.7699 -49.6091
v  -3.9456 33.7697 -51.9563
v  -2.4107 25.0648 -49.6091
v  -2.4107 25.0650 -51.9563
v  -3.9457 16.3600 -49.6091
v  -3.9457 16.3600 -51.9563
v  -8.3652 8.7050 -49.6091
v  -8.3653 8.7050 -51.9563
v  -15.1364 3.0233 -49.6091
v  -15.1365 3.0232 -51.9563
v  -23.4427 0.0000 -49.6091
v  -23.4427 0.0000 -51.9563
v  -32.2818 0.0000 -49.6091
v  -32.2820 0.0000 -51.9563
v  -40.5881 3.0233 -49.6091
v  -40.5880 3.0232 -51.9563
v  -47.3593 8.7049 -49.6091
v  -47.3593 8.7049 -51.9563
v  -51.7788 16.3598 -49.6091
v  -51.7789 16.3600 -51.9563
v  -46.7046 31.9229 -54.3763
v  -46.7046 31.9229 -59.2994
v  -47.9138 25.0649 -59.2994
v  -47.9138 25.0649 -54.3763
v  -43.2226 37.9538 -54.3763
v  -43.2226 37.9538 -59.2994
v  -37.8880 42.4300 -54.3763
v  -37.8880 42.4300 -59.2994
v  -31.3442 44.8118 -54.3763
v  -31.3442 44.8118 -59.2994
v  -24.3804 44.8118 -54.3763
v  -24.3804 44.8118 -59.2994
v  -17.8365 42.4300 -54.3763
v  -17.8365 42.4300 -59.2994
v  -12.5019 37.9538 -54.3763
v  -12.5019 37.9538 -59.2994
v  -9.0200 31.9229 -54.3763
v  -9.0200 31.9229 -59.2994
v  -7.8108 25.0649 -54.3763
v  -7.8108 25.0649 -59.2994
v  -9.0200 18.2069 -54.3763
v  -9.0200 18.2069 -59.2994
v  -12.5019 12.1760 -54.3763
v  -12.5019 12.1760 -59.2994
v  -17.8365 7.6998 -54.3763
v  -17.8365 7.6998 -59.2994
v  -24.3803 5.3180 -54.3763
v  -24.3803 5.3180 -59.2994
v  -31.3442 5.3180 -54.3763
v  -31.3442 5.3180 -59.2994
v  -37.8880 7.6997 -54.3763
v  -37.8880 7.6997 -59.2994
v  -43.2226 12.1760 -54.3763
v  -43.2226 12.1760 -59.2994
v  -46.7046 18.2068 -54.3763
v  -46.7046 18.2068 -59.2994
v  -47.7996 32.3214 -52.4091
v  -49.0791 25.0649 -52.4091
v  -47.7996 17.8083 -52.4091
v  -44.1153 11.4270 -52.4091
v  -38.4707 6.6906 -52.4091
v  -31.5465 4.1704 -52.4091
v  -24.1780 4.1704 -52.4091
v  -17.2538 6.6906 -52.4091
v  -11.6093 11.4270 -52.4091
v  -7.9250 17.8083 -52.4091
v  -6.6454 25.0649 -52.4091
v  -7.9250 32.3214 -52.4091
v  -11.6093 38.7028 -52.4091
v  -17.2539 43.4392 -52.4091
v  -24.1780 45.9594 -52.4091
v  -31.5465 45.9594 -52.4091
v  -38.4707 43.4392 -52.4091
v  -44.1153 38.7028 -52.4091
v  -46.9783 32.0225 -53.1468
v  -48.2051 25.0649 -53.1468
v  -43.4458 38.1410 -53.1468
v  -38.0337 42.6823 -53.1468
v  -31.3948 45.0987 -53.1468
v  -24.3298 45.0987 -53.1468
v  -17.6909 42.6823 -53.1468
v  -12.2788 38.1410 -53.1468
v  -8.7462 32.0225 -53.1468
v  -7.5194 25.0649 -53.1468
v  -8.7462 18.1072 -53.1468
v  -12.2787 11.9888 -53.1468
v  -17.6909 7.4475 -53.1468
v  -24.3298 5.0311 -53.1468
v  -31.3948 5.0311 -53.1468
v  -38.0337 7.4474 -53.1468
v  -43.4458 11.9887 -53.1468
v  -46.9783 18.1072 -53.1468
v  -45.8556 25.0649 -59.2994
v  -44.7704 31.2189 -59.2994
v  -41.6459 36.6307 -59.2994
v  -36.8589 40.6475 -59.2994
v  -30.9868 42.7848 -59.2994
v  -24.7378 42.7848 -59.2994
v  -18.8656 40.6475 -59.2994
v  -14.0786 36.6307 -59.2994
v  -10.9541 31.2189 -59.2994
v  -9.8690 25.0649 -59.2994
v  -10.9541 18.9108 -59.2994
v  -14.0786 13.4990 -59.2994
v  -18.8656 9.4822 -59.2994
v  -24.7378 7.3449 -59.2994
v  -30.9868 7.3449 -59.2994
v  -36.8589 9.4822 -59.2994
v  -41.6459 13.4990 -59.2994
v  -44.7704 18.9108 -59.2994
v  -44.7704 31.2189 -52.9878
v  -45.8556 25.0649 -52.9878
v  -41.6459 36.6307 -52.9878
v  -36.8589 40.6475 -52.9878
v  -30.9868 42.7848 -52.9878
v  -24.7378 42.7848 -52.9878
v  -18.8656 40.6475 -52.9878
v  -14.0786 36.6307 -52.9878
v  -10.9541 31.2190 -52.9878
v  -9.8690 25.0649 -52.9878
v  -10.9541 18.9108 -52.9878
v  -14.0786 13.4990 -52.9878
v  -18.8656 9.4822 -52.9878
v  -24.7378 7.3449 -52.9878
v  -30.9868 7.3449 -52.9878
v  -36.8589 9.4822 -52.9878
v  -41.6459 13.4990 -52.9878
v  -44.7704 18.9108 -52.9878
v  -31.9672 28.5093 -56.5685
v  -32.8977 26.8976 -56.5685
v  -32.8977 26.8976 -52.9878
v  -31.9672 28.5093 -52.9878
v  -30.5416 29.7056 -56.5685
v  -30.5416 29.7056 -52.9878
v  -27.8623 30.3421 -56.5685
v  -27.8623 30.3421 -52.9878
v  -25.1830 29.7056 -56.5685
v  -25.1830 29.7056 -52.9878
v  -23.7574 28.5093 -56.5686
v  -23.7574 28.5093 -52.9878
v  -22.8268 26.8976 -56.5686
v  -22.8268 26.8976 -52.9878
v  -22.8268 23.2321 -56.5686
v  -22.8268 23.2321 -52.9878
v  -23.7574 21.6204 -56.5686
v  -23.7574 21.6204 -52.9878
v  -25.1830 20.4242 -56.5685
v  -25.1830 20.4242 -52.9878
v  -27.8623 19.7877 -56.5685
v  -27.8623 19.7877 -52.9878
v  -30.5416 20.4242 -56.5685
v  -30.5416 20.4242 -52.9878
v  -31.9672 21.6204 -56.5685
v  -31.9672 21.6204 -52.9878
v  -32.8977 23.2321 -56.5685
v  -32.8977 23.2321 -52.9878
v  -45.0130 25.0649 -49.3052
v  -43.9787 30.9308 -49.3052
v  -43.9787 19.1990 -49.3052
v  -41.0005 14.0406 -49.3052
v  -36.4376 10.2119 -49.3052
v  -30.8405 8.1747 -49.3052
v  -24.8841 8.1747 -49.3052
v  -19.2869 10.2119 -49.3052
v  -14.7240 14.0406 -49.3052
v  -11.7458 19.1990 -49.3052
v  -10.7115 25.0649 -49.3052
v  -11.1425 30.9308 -49.3052
v  -14.7241 36.0892 -49.3052
v  -19.2869 39.9179 -49.3052
v  -24.8841 41.9551 -49.3052
v  -30.8405 41.9551 -49.3052
v  -36.4376 39.9179 -49.3052
v  -41.0005 36.0892 -49.3052
v  -42.8135 28.7311 -52.9878
v  -43.4815 25.0649 -52.9878
v  -41.2467 29.7234 -52.9878
v  -34.7679 26.9379 -52.9878
v  -35.5017 28.3026 -52.9878
v  -34.7679 23.1919 -52.9878
v  -35.5017 21.8271 -52.9878
v  -33.1317 15.9380 -52.9878
v  -37.3675 20.4446 -52.9878
v  -41.2467 20.4064 -52.9878
v  -42.8135 21.3986 -52.9878
v  -30.2935 40.0957 -52.9878
v  -32.4568 38.2580 -52.9878
v  -25.4311 40.0957 -52.9878
v  -23.2678 38.2580 -52.9878
v  -23.3300 35.0873 -52.9878
v  -19.7891 31.8391 -52.9878
v  -24.7582 32.8253 -52.9878
v  -27.8623 31.9939 -52.9878
v  -30.9663 32.8253 -52.9878
v  -12.9644 28.7311 -52.9878
v  -14.5311 29.7234 -52.9878
v  -12.2289 25.0649 -52.9878
v  -12.9644 21.3986 -52.9878
v  -14.5311 20.4064 -52.9878
v  -21.0100 23.1919 -52.9878
v  -20.2761 21.8272 -52.9878
v  -21.0100 26.9379 -52.9878
v  -20.2761 28.3026 -52.9878
v  -18.4104 29.6851 -52.9878
v  -25.4311 10.0341 -52.9878
v  -23.2678 11.8718 -52.9878
v  -30.2935 10.0341 -52.9878
v  -32.4568 11.8717 -52.9878
v  -32.3946 15.0425 -52.9878
v  -30.9663 17.3044 -52.9878
v  -27.8623 18.1359 -52.9878
v  -24.7582 17.3045 -52.9878
v  -41.7945 27.9205 -54.2780
v  -42.3148 25.0649 -54.2780
v  -43.4815 25.0649 -54.2780
v  -42.8135 28.7311 -54.2780
v  -41.2467 29.7234 -54.2780
v  -40.7073 28.6090 -54.2780
v  -37.3675 29.6851 -54.2780
v  -37.6762 28.5791 -54.2780
v  -35.5017 28.3026 -54.2780
v  -36.2712 27.5380 -54.2780
v  -34.7679 26.9379 -54.2780
v  -35.7318 26.5350 -54.2780
v  -34.7679 23.1919 -54.2780
v  -35.7318 23.5948 -54.2780
v  -36.2712 22.5918 -54.2780
v  -35.5017 21.8271 -54.2780
v  -37.6762 21.5506 -54.2780
v  -37.3675 20.4446 -54.2780
v  -40.7073 21.5208 -54.2780
v  -41.2467 20.4064 -54.2780
v  -41.7945 22.2093 -54.2780
v  -42.8135 21.3986 -54.2780
v  -31.3503 37.6830 -54.2780
v  -32.4568 38.2580 -54.2780
v  -30.2935 40.0957 -54.2780
v  -29.7698 39.0256 -54.2780
v  -25.4311 40.0957 -54.2780
v  -25.9547 39.0256 -54.2780
v  -24.3743 37.6830 -54.2780
v  -23.2678 38.2580 -54.2780
v  -23.3300 35.0873 -54.2780
v  -24.4211 35.2969 -54.2780
v  -24.7582 32.8253 -54.2780
v  -25.5056 33.5793 -54.2780
v  -27.8623 31.9939 -54.2780
v  -27.8623 32.9568 -54.2780
v  -30.2189 33.5793 -54.2780
v  -30.9663 32.8253 -54.2780
v  -31.3035 35.2969 -54.2780
v  -32.3946 35.0873 -54.2780
v  -13.9781 27.9184 -54.2780
v  -15.0686 28.6090 -54.2780
v  -14.5311 29.7234 -54.2780
v  -12.9644 28.7311 -54.2780
v  -12.2289 25.0649 -54.2780
v  -13.4057 25.0649 -54.2780
v  -13.9781 22.2114 -54.2780
v  -12.9644 21.3986 -54.2780
v  -14.5311 20.4064 -54.2780
v  -15.0686 21.5208 -54.2780
v  -18.4104 20.4446 -54.2780
v  -18.0997 21.5506 -54.2780
v  -20.2761 21.8272 -54.2780
v  -19.5047 22.5918 -54.2780
v  -21.0100 23.1919 -54.2780
v  -20.0408 23.5886 -54.2780
v  -21.0100 26.9379 -54.2780
v  -20.0408 26.5411 -54.2780
v  -19.5047 27.5380 -54.2780
v  -20.2761 28.3026 -54.2780
v  -18.0997 28.5791 -54.2780
v  -18.4104 29.6851 -54.2780
v  -24.3743 12.4468 -54.2780
v  -23.2678 11.8717 -54.2780
v  -25.4311 10.0341 -54.2780
v  -25.9547 11.1042 -54.2780
v  -30.2935 10.0341 -54.2780
v  -29.7698 11.1042 -54.2780
v  -31.3503 12.4468 -54.2780
v  -32.4568 11.8717 -54.2780
v  -32.3946 15.0425 -54.2780
v  -31.3035 14.8328 -54.2780
v  -30.9663 17.3044 -54.2780
v  -30.2189 16.5505 -54.2780
v  -27.8623 18.1359 -54.2780
v  -27.8623 17.1730 -54.2780
v  -24.7582 17.3045 -54.2780
v  -25.5056 16.5505 -54.2780
v  -24.4211 14.8328 -54.2780
v  -23.3300 15.0425 -54.2780
v  -37.3675 29.6851 -52.9878
v  -42.3148 25.0649 -49.3078
v  -41.7945 27.9205 -49.3078
v  -41.7944 22.2093 -49.3078
v  -40.7073 21.5208 -49.3078
v  -37.6762 21.5506 -49.3078
v  -36.2712 22.5918 -49.3078
v  -35.7318 23.5948 -49.3078
v  -35.7318 26.5350 -49.3078
v  -35.7314 23.6004 -49.3078
v  -36.2712 27.5380 -49.3078
v  -37.6762 28.5791 -49.3078
v  -40.7073 28.6090 -49.3078
v  -32.3946 35.0873 -52.9878
v  -31.3503 37.6830 -49.3078
v  -29.7698 39.0256 -49.3078
v  -31.3035 35.2969 -49.3078
v  -30.2189 33.5793 -49.3078
v  -27.8622 32.9568 -49.3078
v  -25.5056 33.5793 -49.3078
v  -24.4211 35.2969 -49.3078
v  -24.3743 37.6830 -49.3078
v  -25.9547 39.0256 -49.3078
v  -18.4104 20.4446 -52.9878
v  -15.0685 28.6090 -49.3078
v  -13.9781 27.9184 -49.3078
v  -18.0997 28.5791 -49.3078
v  -19.5047 27.5380 -49.3078
v  -20.0408 26.5411 -49.3078
v  -20.0408 23.5886 -49.3078
v  -19.5047 22.5918 -49.3078
v  -18.0997 21.5506 -49.3078
v  -15.0685 21.5208 -49.3078
v  -13.9781 22.2114 -49.3078
v  -13.4057 25.0649 -49.3078
v  -23.3300 15.0425 -52.9878
v  -24.3743 12.4468 -49.3078
v  -25.9547 11.1042 -49.3078
v  -24.4211 14.8329 -49.3078
v  -25.5056 16.5505 -49.3078
v  -27.8622 17.1730 -49.3078
v  -30.2189 16.5505 -49.3078
v  -31.3035 14.8329 -49.3078
v  -31.3503 12.4468 -49.3078
v  -29.7698 11.1042 -49.3078
v  -30.8028 27.5323 -56.5686
v  -31.4694 26.3777 -56.5685
v  -29.7816 28.3892 -56.5686
v  -27.8623 28.8451 -56.5686
v  -25.9430 28.3892 -56.5686
v  -24.9218 27.5323 -56.5686
v  -24.2552 26.3777 -56.5686
v  -24.2552 23.7520 -56.5686
v  -24.9218 22.5975 -56.5685
v  -25.9430 21.7406 -56.5685
v  -27.8623 21.2846 -56.5685
v  -29.7816 21.7406 -56.5685
v  -30.8028 22.5975 -56.5685
v  -31.4694 23.7520 -56.5685
v  -30.8028 27.5323 -57.6662
v  -31.4694 26.3777 -57.6662
v  -29.7816 28.3892 -57.6662
v  -27.8623 28.8451 -57.6662
v  -25.9430 28.3892 -57.6662
v  -24.9218 27.5323 -57.6662
v  -24.2552 26.3777 -57.6662
v  -24.2552 23.7520 -57.6662
v  -24.9218 22.5975 -57.6662
v  -25.9430 21.7406 -57.6662
v  -27.8623 21.2846 -57.6662
v  -29.7816 21.7406 -57.6662
v  -30.8028 22.5975 -57.6662
v  -31.4694 23.7520 -57.6662
v  -34.3962 26.9172 -48.7732
v  -34.5973 27.2910 -48.7732
v  -34.3769 23.5136 -48.7732
v  -34.5973 22.8387 -48.7732
v  -29.9139 18.1638 -48.7732
v  -27.8622 18.5303 -48.7732
v  -25.8145 18.1655 -48.7732
v  -21.1765 22.8348 -48.7732
v  -21.3885 23.2290 -48.7732
v  -21.3885 26.9008 -48.7732
v  -21.1765 27.2950 -48.7732
v  -25.8145 31.9642 -48.7732
v  -27.8622 31.5995 -48.7732
v  -29.9139 31.9659 -48.7732
v  -34.3962 26.9172 -44.6570
v  -34.5973 27.2910 -44.6570
v  -34.3769 23.5136 -44.6570
v  -34.5973 22.8387 -44.6570
v  -29.9139 18.1638 -44.6570
v  -27.8622 18.5303 -44.6570
v  -25.8145 18.1655 -44.6570
v  -21.1765 22.8348 -44.6570
v  -21.3885 23.2290 -44.6570
v  -21.3885 26.9008 -44.6570
v  -21.1765 27.2950 -44.6570
v  -25.8145 31.9642 -44.6570
v  -27.8622 31.5995 -44.6570
v  -29.9139 31.9659 -44.6570
v  6.4571 33.7699 -49.6091
v  6.4570 33.7697 -51.9563
v  4.9221 25.0649 -51.9563
v  4.9221 25.0649 -49.6091
v  10.8766 41.4248 -49.6091
v  10.8767 41.4249 -51.9563
v  17.6479 47.1066 -49.6091
v  17.6480 47.1066 -51.9563
v  25.9540 50.1297 -49.6091
v  25.9540 50.1297 -51.9563
v  34.7931 50.1298 -49.6091
v  34.7932 50.1297 -51.9563
v  43.0995 47.1065 -49.6091
v  43.0994 47.1065 -51.9563
v  49.8706 41.4248 -49.6091
v  49.8706 41.4248 -51.9563
v  54.2902 33.7699 -49.6091
v  54.2902 33.7697 -51.9563
v  55.8251 25.0648 -49.6091
v  55.8251 25.0650 -51.9563
v  54.2902 16.3600 -49.6091
v  54.2902 16.3600 -51.9563
v  49.8706 8.7050 -49.6091
v  49.8706 8.7050 -51.9563
v  43.0995 3.0233 -49.6091
v  43.0994 3.0232 -51.9563
v  34.7931 0.0000 -49.6091
v  34.7932 0.0000 -51.9563
v  25.9541 0.0000 -49.6091
v  25.9539 0.0000 -51.9563
v  17.6478 3.0233 -49.6091
v  17.6480 3.0232 -51.9563
v  10.8766 8.7049 -49.6091
v  10.8766 8.7049 -51.9563
v  6.4571 16.3598 -49.6091
v  6.4570 16.3600 -51.9563
v  11.5313 31.9229 -54.3764
v  11.5313 31.9229 -59.2994
v  10.3221 25.0649 -59.2994
v  10.3221 25.0649 -54.3764
v  15.0133 37.9538 -54.3764
v  15.0133 37.9538 -59.2994
v  20.3479 42.4300 -54.3764
v  20.3479 42.4300 -59.2994
v  26.8917 44.8118 -54.3763
v  26.8917 44.8118 -59.2994
v  33.8555 44.8118 -54.3763
v  33.8555 44.8118 -59.2994
v  40.3994 42.4300 -54.3763
v  40.3994 42.4300 -59.2994
v  45.7340 37.9538 -54.3763
v  45.7340 37.9538 -59.2994
v  49.2159 31.9229 -54.3763
v  49.2159 31.9229 -59.2994
v  50.4251 25.0649 -54.3763
v  50.4251 25.0649 -59.2994
v  49.2159 18.2069 -54.3763
v  49.2159 18.2069 -59.2994
v  45.7340 12.1760 -54.3763
v  45.7340 12.1760 -59.2994
v  40.3994 7.6998 -54.3763
v  40.3994 7.6998 -59.2994
v  33.8555 5.3180 -54.3763
v  33.8555 5.3180 -59.2994
v  26.8917 5.3180 -54.3763
v  26.8917 5.3180 -59.2994
v  20.3479 7.6997 -54.3763
v  20.3479 7.6997 -59.2994
v  15.0133 12.1760 -54.3763
v  15.0133 12.1760 -59.2994
v  11.5313 18.2068 -54.3763
v  11.5313 18.2068 -59.2994
v  10.4363 32.3214 -52.4091
v  9.1568 25.0649 -52.4091
v  10.4363 17.8083 -52.4091
v  14.1206 11.4270 -52.4091
v  19.7652 6.6906 -52.4091
v  26.6893 4.1704 -52.4091
v  34.0579 4.1704 -52.4091
v  40.9821 6.6906 -52.4091
v  46.6267 11.4270 -52.4091
v  50.3109 17.8083 -52.4091
v  51.5905 25.0649 -52.4091
v  50.3109 32.3214 -52.4091
v  46.6267 38.7028 -52.4091
v  40.9820 43.4392 -52.4091
v  34.0579 45.9594 -52.4091
v  26.6893 45.9594 -52.4091
v  19.7652 43.4392 -52.4091
v  14.1206 38.7028 -52.4091
v  11.2576 32.0225 -53.1468
v  10.0308 25.0649 -53.1468
v  14.7901 38.1410 -53.1468
v  20.2022 42.6823 -53.1468
v  26.8411 45.0987 -53.1468
v  33.9061 45.0987 -53.1468
v  40.5451 42.6823 -53.1468
v  45.9571 38.1410 -53.1468
v  49.4896 32.0225 -53.1468
v  50.7164 25.0649 -53.1468
v  49.4896 18.1072 -53.1468
v  45.9572 11.9888 -53.1468
v  40.5451 7.4475 -53.1468
v  33.9061 5.0311 -53.1468
v  26.8411 5.0311 -53.1468
v  20.2022 7.4474 -53.1468
v  14.7901 11.9887 -53.1468
v  11.2576 18.1072 -53.1468
v  12.3803 25.0649 -59.2994
v  13.4654 31.2189 -59.2994
v  16.5900 36.6307 -59.2994
v  21.3770 40.6475 -59.2994
v  27.2491 42.7848 -59.2994
v  33.4981 42.7848 -59.2994
v  39.3703 40.6475 -59.2994
v  44.1573 36.6307 -59.2994
v  47.2818 31.2189 -59.2994
v  48.3669 25.0649 -59.2994
v  47.2818 18.9108 -59.2994
v  44.1573 13.4990 -59.2994
v  39.3703 9.4822 -59.2994
v  33.4981 7.3449 -59.2994
v  27.2491 7.3449 -59.2994
v  21.3770 9.4822 -59.2994
v  16.5900 13.4990 -59.2994
v  13.4654 18.9108 -59.2994
v  13.4654 31.2189 -52.9878
v  12.3803 25.0649 -52.9878
v  16.5900 36.6307 -52.9878
v  21.3770 40.6475 -52.9878
v  27.2491 42.7848 -52.9878
v  33.4981 42.7848 -52.9878
v  39.3703 40.6475 -52.9878
v  44.1573 36.6307 -52.9878
v  47.2818 31.2190 -52.9878
v  48.3669 25.0649 -52.9878
v  47.2818 18.9108 -52.9878
v  44.1573 13.4990 -52.9878
v  39.3703 9.4822 -52.9878
v  33.4981 7.3449 -52.9878
v  27.2491 7.3449 -52.9878
v  21.3770 9.4822 -52.9878
v  16.5900 13.4990 -52.9878
v  13.4654 18.9108 -52.9878
v  26.2687 28.5093 -56.5686
v  25.3382 26.8976 -56.5686
v  25.3382 26.8976 -52.9878
v  26.2687 28.5093 -52.9878
v  27.6943 29.7056 -56.5686
v  27.6943 29.7056 -52.9878
v  30.3736 30.3421 -56.5686
v  30.3736 30.3421 -52.9878
v  33.0529 29.7056 -56.5686
v  33.0529 29.7056 -52.9878
v  34.4785 28.5093 -56.5686
v  34.4785 28.5093 -52.9878
v  35.4091 26.8976 -56.5686
v  35.4091 26.8976 -52.9878
v  35.4091 23.2321 -56.5686
v  35.4091 23.2321 -52.9878
v  34.4785 21.6204 -56.5686
v  34.4785 21.6204 -52.9878
v  33.0529 20.4242 -56.5686
v  33.0529 20.4242 -52.9878
v  30.3736 19.7877 -56.5686
v  30.3736 19.7877 -52.9878
v  27.6943 20.4242 -56.5686
v  27.6943 20.4242 -52.9878
v  26.2687 21.6204 -56.5686
v  26.2687 21.6204 -52.9878
v  25.3382 23.2321 -56.5686
v  25.3382 23.2321 -52.9878
v  13.2229 25.0649 -49.3052
v  14.2572 30.9308 -49.3052
v  14.2572 19.1990 -49.3052
v  17.2354 14.0406 -49.3052
v  21.7982 10.2119 -49.3052
v  27.3955 8.1747 -49.3052
v  33.3518 8.1747 -49.3052
v  38.9490 10.2119 -49.3052
v  43.5119 14.0406 -49.3052
v  46.4901 19.1990 -49.3052
v  47.5244 25.0649 -49.3052
v  47.0934 30.9308 -49.3052
v  43.5119 36.0892 -49.3052
v  38.9490 39.9179 -49.3052
v  33.3518 41.9551 -49.3052
v  27.3954 41.9551 -49.3052
v  21.7982 39.9179 -49.3052
v  17.2354 36.0892 -49.3052
v  15.4224 28.7311 -52.9878
v  14.7544 25.0649 -52.9878
v  16.9892 29.7234 -52.9878
v  23.4680 26.9379 -52.9878
v  22.7341 28.3026 -52.9878
v  23.4680 23.1919 -52.9878
v  22.7341 21.8271 -52.9878
v  25.1042 15.9380 -52.9878
v  20.8684 20.4446 -52.9878
v  16.9892 20.4064 -52.9878
v  15.4224 21.3986 -52.9878
v  27.9424 40.0957 -52.9878
v  25.7791 38.2580 -52.9878
v  32.8048 40.0957 -52.9878
v  34.9681 38.2580 -52.9878
v  34.9059 35.0873 -52.9878
v  38.4469 31.8391 -52.9878
v  33.4777 32.8253 -52.9878
v  30.3736 31.9939 -52.9878
v  27.2695 32.8253 -52.9878
v  45.2715 28.7311 -52.9878
v  43.7048 29.7234 -52.9878
v  46.0070 25.0649 -52.9878
v  45.2715 21.3986 -52.9878
v  43.7048 20.4064 -52.9878
v  37.2259 23.1919 -52.9878
v  37.9598 21.8272 -52.9878
v  37.2259 26.9379 -52.9878
v  37.9598 28.3026 -52.9878
v  39.8255 29.6851 -52.9878
v  32.8048 10.0341 -52.9878
v  34.9681 11.8718 -52.9878
v  27.9424 10.0341 -52.9878
v  25.7791 11.8717 -52.9878
v  25.8413 15.0425 -52.9878
v  27.2695 17.3044 -52.9878
v  30.3736 18.1359 -52.9878
v  33.4777 17.3045 -52.9878
v  16.4414 27.9205 -54.2780
v  15.9211 25.0649 -54.2780
v  14.7544 25.0649 -54.2780
v  15.4224 28.7311 -54.2780
v  16.9892 29.7234 -54.2780
v  17.5286 28.6090 -54.2780
v  20.8684 29.6851 -54.2780
v  20.5596 28.5791 -54.2780
v  22.7341 28.3026 -54.2780
v  21.9647 27.5380 -54.2780
v  23.4680 26.9379 -54.2780
v  22.5041 26.5350 -54.2780
v  23.4680 23.1919 -54.2780
v  22.5041 23.5948 -54.2780
v  21.9647 22.5918 -54.2780
v  22.7341 21.8271 -54.2780
v  20.5597 21.5506 -54.2780
v  20.8684 20.4446 -54.2780
v  17.5286 21.5208 -54.2780
v  16.9892 20.4064 -54.2780
v  16.4414 22.2093 -54.2780
v  15.4224 21.3986 -54.2780
v  26.8856 37.6830 -54.2780
v  25.7791 38.2580 -54.2780
v  27.9424 40.0957 -54.2780
v  28.4661 39.0256 -54.2780
v  32.8048 40.0957 -54.2780
v  32.2811 39.0256 -54.2780
v  33.8616 37.6830 -54.2780
v  34.9681 38.2580 -54.2780
v  34.9059 35.0873 -54.2780
v  33.8148 35.2969 -54.2780
v  33.4777 32.8253 -54.2780
v  32.7303 33.5793 -54.2780
v  30.3736 31.9939 -54.2780
v  30.3736 32.9568 -54.2780
v  28.0170 33.5793 -54.2780
v  27.2695 32.8253 -54.2780
v  26.9324 35.2969 -54.2780
v  25.8413 35.0873 -54.2780
v  44.2578 27.9184 -54.2780
v  43.1673 28.6090 -54.2780
v  43.7048 29.7234 -54.2780
v  45.2715 28.7311 -54.2780
v  46.0070 25.0649 -54.2780
v  44.8302 25.0649 -54.2780
v  44.2578 22.2114 -54.2780
v  45.2715 21.3986 -54.2780
v  43.7048 20.4064 -54.2780
v  43.1673 21.5208 -54.2780
v  39.8255 20.4446 -54.2780
v  40.1362 21.5506 -54.2780
v  37.9598 21.8272 -54.2780
v  38.7312 22.5918 -54.2780
v  37.2259 23.1919 -54.2780
v  38.1951 23.5886 -54.2780
v  37.2259 26.9379 -54.2780
v  38.1951 26.5411 -54.2780
v  38.7312 27.5380 -54.2780
v  37.9598 28.3026 -54.2780
v  40.1362 28.5791 -54.2780
v  39.8255 29.6851 -54.2780
v  33.8616 12.4468 -54.2780
v  34.9681 11.8717 -54.2780
v  32.8048 10.0341 -54.2780
v  32.2811 11.1042 -54.2780
v  27.9424 10.0341 -54.2780
v  28.4661 11.1042 -54.2780
v  26.8856 12.4468 -54.2780
v  25.7791 11.8717 -54.2780
v  25.8413 15.0425 -54.2780
v  26.9324 14.8328 -54.2780
v  27.2695 17.3044 -54.2780
v  28.0170 16.5505 -54.2780
v  30.3736 18.1359 -54.2780
v  30.3736 17.1730 -54.2780
v  33.4777 17.3045 -54.2780
v  32.7303 16.5505 -54.2780
v  33.8148 14.8328 -54.2780
v  34.9059 15.0425 -54.2780
v  20.8684 29.6851 -52.9878
v  15.9211 25.0649 -49.3078
v  16.4414 27.9205 -49.3078
v  16.4414 22.2093 -49.3078
v  17.5286 21.5208 -49.3078
v  20.5597 21.5506 -49.3078
v  21.9647 22.5918 -49.3078
v  22.5041 23.5948 -49.3078
v  22.5041 26.5350 -49.3078
v  22.5045 23.6004 -49.3078
v  21.9647 27.5380 -49.3078
v  20.5596 28.5791 -49.3078
v  17.5286 28.6090 -49.3078
v  25.8413 35.0873 -52.9878
v  26.8856 37.6830 -49.3078
v  28.4661 39.0256 -49.3078
v  26.9324 35.2969 -49.3078
v  28.0170 33.5793 -49.3078
v  30.3736 32.9568 -49.3078
v  32.7303 33.5793 -49.3078
v  33.8148 35.2969 -49.3078
v  33.8616 37.6830 -49.3078
v  32.2811 39.0256 -49.3078
v  39.8255 20.4446 -52.9878
v  43.1673 28.6090 -49.3078
v  44.2578 27.9184 -49.3078
v  40.1362 28.5791 -49.3078
v  38.7312 27.5380 -49.3078
v  38.1951 26.5411 -49.3078
v  38.1951 23.5886 -49.3078
v  38.7312 22.5918 -49.3078
v  40.1362 21.5506 -49.3078
v  43.1673 21.5208 -49.3078
v  44.2578 22.2114 -49.3078
v  44.8302 25.0649 -49.3078
v  34.9059 15.0425 -52.9878
v  33.8616 12.4468 -49.3078
v  32.2811 11.1042 -49.3078
v  33.8148 14.8329 -49.3078
v  32.7303 16.5505 -49.3078
v  30.3736 17.1730 -49.3078
v  28.0170 16.5505 -49.3078
v  26.9324 14.8329 -49.3078
v  26.8856 12.4468 -49.3078
v  28.4661 11.1042 -49.3078
v  27.4331 27.5323 -56.5686
v  26.7666 26.3777 -56.5686
v  28.4543 28.3892 -56.5686
v  30.3736 28.8451 -56.5686
v  32.2929 28.3892 -56.5686
v  33.3142 27.5323 -56.5686
v  33.9807 26.3777 -56.5686
v  33.9807 23.7520 -56.5686
v  33.3142 22.5975 -56.5686
v  32.2929 21.7406 -56.5686
v  30.3736 21.2846 -56.5686
v  28.4544 21.7406 -56.5686
v  27.4331 22.5975 -56.5686
v  26.7666 23.7520 -56.5686
v  27.4331 27.5323 -57.6662
v  26.7666 26.3777 -57.6662
v  28.4543 28.3892 -57.6662
v  30.3736 28.8451 -57.6662
v  32.2929 28.3892 -57.6662
v  33.3142 27.5323 -57.6662
v  33.9807 26.3777 -57.6662
v  33.9807 23.7520 -57.6662
v  33.3142 22.5975 -57.6662
v  32.2929 21.7406 -57.6662
v  30.3736 21.2846 -57.6662
v  28.4544 21.7406 -57.6662
v  27.4331 22.5975 -57.6662
v  26.7666 23.7520 -57.6662
v  23.8396 26.9172 -48.7732
v  23.6386 27.2910 -48.7732
v  23.8590 23.5136 -48.7732
v  23.6386 22.8387 -48.7732
v  28.3220 18.1638 -48.7732
v  30.3736 18.5303 -48.7732
v  32.4214 18.1655 -48.7732
v  37.0594 22.8348 -48.7732
v  36.8474 23.2290 -48.7732
v  36.8474 26.9008 -48.7732
v  37.0594 27.2950 -48.7732
v  32.4214 31.9642 -48.7732
v  30.3736 31.5995 -48.7732
v  28.3220 31.9659 -48.7732
v  23.8396 26.9172 -44.6570
v  23.6386 27.2910 -44.6570
v  23.8590 23.5136 -44.6570
v  23.6386 22.8387 -44.6570
v  28.3220 18.1638 -44.6570
v  30.3736 18.5303 -44.6570
v  32.4214 18.1655 -44.6570
v  37.0594 22.8348 -44.6570
v  36.8474 23.2290 -44.6570
v  36.8474 26.9008 -44.6570
v  37.0594 27.2950 -44.6570
v  32.4214 31.9642 -44.6570
v  30.3736 31.5995 -44.6570
v  28.3220 31.9659 -44.6570
v  39.5557 30.8909 -37.6335
v  39.6996 30.8454 -42.5161
v  34.8497 22.9500 -42.4183
v  34.7059 22.9956 -37.5356
v  35.8392 20.8243 -42.4328
v  40.6381 27.9005 -42.5221
v  40.4943 27.9461 -37.6395
v  35.6954 20.8699 -37.5501
v  49.6118 30.8002 -42.2732
v  49.5563 30.8459 -37.3843
v  49.4817 27.9009 -37.4094
v  49.5372 27.8553 -42.2983
v  11.1799 28.1641 -37.8363
v  11.2545 31.1090 -37.8112
v  11.3100 31.0634 -42.7001
v  11.2354 28.1185 -42.7252
v  20.2365 28.0733 -42.4941
v  21.2967 31.0183 -42.4519
v  26.1795 22.9870 -42.3961
v  25.1686 20.7947 -42.4461
v  26.0357 23.0326 -37.5135
v  21.1528 31.0639 -37.5692
v  25.0249 20.8403 -37.5635
v  20.0927 28.1189 -37.6115
v  41.0723 27.8983 -42.5112
v  30.5079 20.6815 -42.3811
v  30.3641 20.7271 -37.4984
v  30.4470 18.0315 -42.4086
v  30.3032 18.0770 -37.5259
v  -18.6802 30.8909 -37.6335
v  -18.5363 30.8454 -42.5161
v  -23.3862 22.9500 -42.4183
v  -23.5300 22.9956 -37.5356
v  -22.3967 20.8243 -42.4328
v  -17.5978 27.9005 -42.5221
v  -17.7416 27.9461 -37.6395
v  -22.5405 20.8699 -37.5501
v  -8.6241 30.8002 -42.2732
v  -8.6796 30.8459 -37.3843
v  -8.7542 27.9009 -37.4094
v  -8.6987 27.8553 -42.2983
v  -47.0560 28.1641 -37.8363
v  -46.9814 31.1090 -37.8112
v  -46.9258 31.0634 -42.7001
v  -47.0005 28.1185 -42.7252
v  -37.9994 28.0733 -42.4941
v  -36.9392 31.0183 -42.4519
v  -32.0564 22.9870 -42.3961
v  -33.0673 20.7947 -42.4461
v  -32.2001 23.0326 -37.5135
v  -37.0830 31.0639 -37.5692
v  -33.2110 20.8403 -37.5635
v  -38.1432 28.1189 -37.6115
v  -17.1635 27.8983 -42.5112
v  -27.7280 20.6815 -42.3811
v  -27.8718 20.7271 -37.4984
v  -27.7889 18.0315 -42.4086
v  -27.9327 18.0770 -37.5259
# 2948 vertices

vn 0.9645 -0.2642 -0.0000
vn 0.9641 -0.2654 -0.0000
vn 0.9648 -0.2629 0.0012
vn 0.9653 -0.2611 0.0023
vn 0.9644 -0.2644 0.0008
vn 0.0000 -0.9628 -0.2702
vn 0.0000 -0.9981 -0.0615
vn -0.9627 0.2707 -0.0023
vn -0.9626 0.2710 -0.0023
vn -0.9627 0.2706 -0.0023
vn -0.9628 0.2701 -0.0023
vn 0.0000 0.9620 -0.2732
vn 0.0000 0.9980 -0.0630
vn 0.0000 0.8259 -0.5639
vn 0.0000 0.6014 -0.7990
vn 0.0000 0.4162 -0.9093
vn 0.0003 0.4168 -0.9090
vn 0.9638 -0.2666 0.0023
vn 0.9636 -0.2672 0.0023
vn 0.9638 -0.2667 0.0023
vn 0.0021 0.9999 -0.0154
vn 0.0021 0.9999 -0.0151
vn 0.0156 0.9999 0.0026
vn 0.0153 0.9999 0.0026
vn 0.0158 0.9999 0.0027
vn 0.0150 0.9999 0.0026
vn 0.2369 -0.9715 -0.0019
vn 0.2374 -0.9714 -0.0019
vn 0.9995 0.0241 -0.0202
vn 0.9995 0.0235 -0.0197
vn 0.9995 0.0235 0.0197
vn 0.9995 0.0241 0.0202
vn 0.9969 0.0036 0.0783
vn 0.9966 0.0057 0.0827
vn 0.9889 -0.0494 0.1400
vn 0.9882 -0.0533 0.1439
vn 0.9766 -0.1288 0.1722
vn 0.9756 -0.1376 0.1712
vn 0.9687 -0.1834 0.1674
vn 0.9682 -0.1877 0.1654
vn 0.9830 -0.1776 0.0461
vn 0.9919 -0.1271 -0.0042
vn 0.9889 -0.0494 -0.1400
vn 0.9969 0.0036 -0.0783
vn 0.9966 0.0057 -0.0827
vn 0.9882 -0.0533 -0.1439
vn 0.9756 -0.1376 -0.1712
vn 0.9766 -0.1288 -0.1722
vn 0.9690 -0.1844 -0.1646
vn 0.9695 -0.1818 -0.1645
vn 0.9751 -0.1275 -0.1813
vn 0.9824 -0.1826 -0.0391
vn 0.9201 -0.0474 -0.3887
vn 0.9056 -0.0453 -0.4217
vn 0.9220 -0.0754 -0.3798
vn 0.0007 0.3594 0.9332
vn 0.0006 0.3597 0.9331
vn 0.0008 0.3591 0.9333
vn 0.0008 0.3592 0.9333
vn 0.9945 -0.0972 0.0391
vn 0.9636 -0.1002 0.2478
vn 0.9439 -0.1035 0.3137
vn -0.9996 -0.0196 0.0199
vn -0.9996 -0.0201 0.0204
vn -0.9996 -0.0196 -0.0196
vn -0.9996 -0.0202 -0.0193
vn -0.9651 0.2600 0.0302
vn -0.9696 0.2066 0.1311
vn -0.9693 0.2040 0.1372
vn -0.9671 0.2499 0.0474
vn -0.9678 0.1892 0.1661
vn -0.9673 0.1926 0.1653
vn -0.9745 0.1440 0.1720
vn -0.9756 0.1350 0.1732
vn -0.9872 0.0621 0.1471
vn -0.9879 0.0536 0.1456
vn -0.9969 -0.0002 0.0793
vn -0.9970 -0.0027 0.0772
vn -0.9968 0.0005 -0.0799
vn -0.9970 -0.0031 -0.0780
vn -0.9872 0.0621 -0.1471
vn -0.9879 0.0536 -0.1456
vn -0.9745 0.1440 -0.1720
vn -0.9756 0.1350 -0.1732
vn -0.9665 0.1949 -0.1669
vn -0.9671 0.1908 -0.1680
vn 0.1102 -0.3803 -0.9183
vn 0.1262 -0.4117 -0.9025
vn 0.3753 -0.3905 -0.8406
vn 0.1458 -0.3630 -0.9203
vn -0.9662 0.1835 -0.1813
vn -0.9636 0.1828 -0.1951
vn -0.9615 0.2739 -0.0207
vn -0.9628 0.2700 -0.0016
vn -0.9632 0.2688 0.0011
vn -0.9646 0.2637 0.0066
vn -0.9633 0.2686 -0.0022
vn -0.9628 0.2703 -0.0023
vn -0.9635 0.2677 -0.0017
vn -0.9669 0.2544 -0.0186
vn -0.9644 0.2644 -0.0058
vn -0.9584 0.2854 0.0003
vn -0.9519 0.3064 -0.0000
vn -0.9632 0.2687 0.0037
vn -0.9673 0.2470 -0.0568
vn -0.9644 0.2627 -0.0302
vn 0.0163 0.9999 0.0027
vn 0.0145 0.9999 0.0026
vn 0.1383 -0.9888 -0.0569
vn 0.1383 -0.9886 -0.0600
vn 0.1399 -0.9884 0.0589
vn 0.1398 -0.9885 0.0579
vn 0.1385 -0.9585 0.2493
vn 0.1382 -0.9538 0.2667
vn 0.1261 -0.8437 0.5218
vn 0.1231 -0.8190 0.5604
vn 0.1006 -0.6405 0.7613
vn 0.0941 -0.5918 0.8005
vn 0.0744 -0.4435 0.8932
vn 0.0708 -0.4171 0.9061
vn 0.0642 -0.3633 0.9295
vn 0.1578 -0.3730 0.9143
vn -0.1627 0.9860 0.0363
vn -0.0268 0.9987 0.0427
vn -0.0626 0.9956 0.0692
vn -0.1664 0.9859 0.0194
vn -0.0793 0.3786 -0.9221
vn -0.0795 0.3798 -0.9217
vn -0.0791 0.3770 -0.9228
vn -0.0875 0.4228 -0.9020
vn -0.0918 0.4497 -0.8884
vn -0.1141 0.5909 -0.7986
vn -0.1220 0.6434 -0.7557
vn -0.1479 0.8158 -0.5591
vn -0.1516 0.8428 -0.5164
vn -0.1654 0.9496 -0.2664
vn -0.1661 0.9546 -0.2474
vn -0.1682 0.9840 -0.0594
vn -0.1683 0.9840 -0.0585
vn -0.1665 0.9844 0.0574
vn -0.1663 0.9842 0.0608
vn -0.1582 0.9564 0.2457
vn -0.1566 0.9499 0.2704
vn -0.1347 0.8449 0.5176
vn -0.1289 0.8144 0.5657
vn -0.0966 0.6424 0.7602
vn -0.0864 0.5859 0.8058
vn -0.0609 0.4438 0.8941
vn -0.0558 0.4147 0.9082
vn -0.0471 0.3716 0.9272
vn -0.0470 0.3709 0.9275
vn -0.0470 0.3699 0.9279
vn -0.0469 0.3700 0.9278
vn -0.1634 0.9859 -0.0353
vn -0.1663 0.9859 -0.0194
vn -0.0624 0.9956 -0.0694
vn -0.0257 0.9989 -0.0387
vn 0.0371 -0.3530 -0.9349
vn 0.0344 -0.3343 -0.9418
vn 0.0449 -0.4102 -0.9109
vn 0.0491 -0.4385 -0.8974
vn 0.0714 -0.5876 -0.8060
vn 0.0794 -0.6396 -0.7646
vn 0.1073 -0.8177 -0.5656
vn 0.1119 -0.8453 -0.5225
vn 0.1308 -0.9540 -0.2699
vn 0.1318 -0.9598 -0.2477
vn 0.3607 -0.3987 0.8432
vn 0.1472 -0.4155 0.8976
vn 0.1306 -0.3885 0.9122
vn 0.0623 -0.3492 0.9350
vn 0.0000 -0.9981 0.0615
vn -0.0076 -0.9981 0.0614
vn -0.0076 -0.9981 -0.0614
vn -0.0003 -0.4131 0.9107
vn 0.0000 -0.4137 0.9104
vn -0.0015 -0.3539 0.9353
vn -0.0020 -0.3517 0.9361
vn -0.0032 -0.9634 0.2679
vn 0.0000 -0.9628 0.2702
vn 0.0000 -0.8280 0.5608
vn 0.0000 -0.6034 0.7974
vn 0.0000 0.9620 0.2732
vn 0.0000 0.9980 0.0630
vn 0.0000 0.8259 0.5639
vn 0.0000 0.6014 0.7990
vn 0.0000 0.4164 0.9092
vn 0.0001 0.4163 0.9092
vn 0.0025 0.3591 -0.9333
vn 0.0020 0.3595 -0.9331
vn 0.0022 0.3584 -0.9336
vn 0.0024 0.3593 -0.9332
vn -0.9645 -0.2642 -0.0000
vn -0.9644 -0.2645 -0.0002
vn -0.9643 -0.2649 -0.0003
vn -0.9644 -0.2644 -0.0001
vn -0.0001 -0.4141 -0.9102
vn 0.0000 -0.4139 -0.9103
vn -0.0005 -0.3544 -0.9351
vn -0.0006 -0.3550 -0.9348
vn 0.0000 -0.8280 -0.5608
vn 0.0000 -0.6034 -0.7974
vn 0.0022 0.3605 -0.9327
vn 0.9628 0.2703 0.0003
vn 0.9628 0.2704 0.0003
vn -0.0024 -0.3306 0.9438
vn -0.0024 -0.3303 0.9439
vn -0.9637 -0.2670 -0.0003
vn -0.9637 -0.2669 -0.0003
vn -0.0151 0.9999 0.0025
vn -0.0158 0.9999 0.0025
vn -0.0153 0.9999 0.0025
vn -0.0156 0.9999 0.0025
vn -0.2369 -0.9715 -0.0024
vn -0.2374 -0.9714 -0.0024
vn -0.0018 -0.8310 0.5563
vn -0.0018 -0.8309 0.5564
vn -0.9993 0.0300 0.0205
vn -0.9993 0.0300 -0.0205
vn -0.9993 0.0310 -0.0204
vn -0.9993 0.0310 0.0204
vn -0.9966 0.0060 0.0824
vn -0.9969 0.0035 0.0786
vn -0.9882 -0.0533 0.1439
vn -0.9889 -0.0494 0.1400
vn -0.9766 -0.1288 0.1722
vn -0.9756 -0.1376 0.1712
vn -0.9688 -0.1829 0.1671
vn -0.9684 -0.1871 0.1650
vn -0.9832 -0.1765 0.0460
vn -0.9919 -0.1267 -0.0042
vn -0.9966 0.0060 -0.0824
vn -0.9969 0.0035 -0.0786
vn -0.9889 -0.0494 -0.1400
vn -0.9882 -0.0533 -0.1439
vn -0.9766 -0.1288 -0.1722
vn -0.9756 -0.1376 -0.1712
vn -0.9688 -0.1839 -0.1660
vn -0.9681 -0.1871 -0.1666
vn -0.9749 -0.1291 -0.1812
vn -0.9819 -0.1855 -0.0394
vn -0.9220 -0.0754 -0.3798
vn -0.9056 -0.0453 -0.4217
vn -0.9202 -0.0474 -0.3887
vn -0.9636 -0.1002 0.2478
vn -0.9439 -0.1035 0.3137
vn -0.9945 -0.0972 0.0391
vn 0.9996 -0.0196 0.0199
vn 0.9996 -0.0202 -0.0193
vn 0.9996 -0.0196 -0.0196
vn 0.9996 -0.0201 0.0204
vn 0.9685 0.2067 0.1386
vn 0.9689 0.2089 0.1323
vn 0.9651 0.2600 0.0302
vn 0.9671 0.2499 0.0473
vn 0.9745 0.1440 0.1720
vn 0.9664 0.1953 0.1672
vn 0.9671 0.1914 0.1676
vn 0.9756 0.1350 0.1732
vn 0.9872 0.0621 0.1471
vn 0.9879 0.0536 0.1456
vn 0.9969 -0.0002 0.0793
vn 0.9970 -0.0027 0.0772
vn 0.9968 0.0005 -0.0799
vn 0.9970 -0.0031 -0.0780
vn 0.9879 0.0536 -0.1456
vn 0.9872 0.0621 -0.1471
vn 0.9756 0.1350 -0.1732
vn 0.9745 0.1440 -0.1720
vn 0.9672 0.1908 -0.1676
vn 0.9666 0.1946 -0.1671
vn -0.1102 -0.3803 -0.9183
vn -0.1457 -0.3624 -0.9206
vn -0.3753 -0.3905 -0.8406
vn -0.1262 -0.4117 -0.9025
vn 0.9641 0.1818 -0.1937
vn 0.9664 0.1826 -0.1810
vn 0.9631 0.2691 -0.0007
vn 0.9669 0.2544 -0.0186
vn 0.9632 0.2686 -0.0001
vn 0.9628 0.2703 0.0001
vn 0.9627 0.2704 0.0003
vn 0.9559 0.2890 -0.0519
vn 0.9630 0.2694 0.0017
vn 0.9623 0.2720 0.0006
vn 0.9632 0.2687 0.0037
vn 0.9584 0.2854 0.0003
vn 0.9519 0.3064 -0.0000
vn 0.9644 0.2644 -0.0058
vn 0.9673 0.2470 -0.0568
vn 0.9644 0.2627 -0.0302
vn -0.0145 0.9999 0.0025
vn -0.0162 0.9999 0.0025
vn -0.1383 -0.9888 -0.0569
vn -0.1398 -0.9885 0.0579
vn -0.1399 -0.9884 0.0589
vn -0.1383 -0.9886 -0.0600
vn -0.1385 -0.9585 0.2493
vn -0.1382 -0.9538 0.2667
vn -0.1261 -0.8437 0.5218
vn -0.1231 -0.8190 0.5604
vn -0.1006 -0.6405 0.7613
vn -0.0941 -0.5918 0.8005
vn -0.0740 -0.4409 0.8945
vn -0.0702 -0.4125 0.9082
vn 0.1627 0.9860 0.0363
vn 0.1664 0.9859 0.0194
vn 0.0625 0.9956 0.0691
vn 0.0268 0.9987 0.0426
vn 0.0788 0.3758 -0.9233
vn 0.0791 0.3770 -0.9228
vn 0.0791 0.3771 -0.9228
vn 0.0788 0.3751 -0.9237
vn 0.1141 0.5909 -0.7986
vn 0.0868 0.4181 -0.9042
vn 0.0914 0.4472 -0.8898
vn 0.1220 0.6434 -0.7557
vn 0.1479 0.8158 -0.5591
vn 0.1516 0.8428 -0.5164
vn 0.1654 0.9496 -0.2664
vn 0.1661 0.9546 -0.2474
vn 0.1682 0.9840 -0.0594
vn 0.1683 0.9840 -0.0585
vn 0.1665 0.9844 0.0574
vn 0.1663 0.9842 0.0608
vn 0.1582 0.9564 0.2457
vn 0.1566 0.9499 0.2704
vn 0.1347 0.8449 0.5176
vn 0.1289 0.8144 0.5657
vn 0.0966 0.6424 0.7602
vn 0.0864 0.5859 0.8058
vn 0.0607 0.4429 0.8945
vn 0.0555 0.4132 0.9090
vn 0.0469 0.3700 0.9278
vn 0.0470 0.3699 0.9279
vn 0.0469 0.3700 0.9279
vn 0.1634 0.9859 -0.0353
vn 0.0258 0.9989 -0.0388
vn 0.0625 0.9956 -0.0695
vn 0.1663 0.9859 -0.0194
vn -0.0343 -0.3343 -0.9418
vn -0.0369 -0.3514 -0.9355
vn -0.0714 -0.5876 -0.8060
vn -0.0447 -0.4087 -0.9116
vn -0.0490 -0.4376 -0.8978
vn -0.0794 -0.6396 -0.7646
vn -0.1073 -0.8177 -0.5656
vn -0.1119 -0.8453 -0.5225
vn -0.1308 -0.9540 -0.2699
vn -0.1318 -0.9598 -0.2477
vn -0.1306 -0.3885 0.9122
vn -0.1472 -0.4155 0.8976
vn -0.3607 -0.3987 0.8432
vn -0.1577 -0.3710 0.9152
vn -0.0636 -0.3587 0.9313
vn -0.0623 -0.3492 0.9350
vn -0.0007 -0.3303 -0.9439
vn 0.0021 0.9999 0.0146
vn 0.0022 0.9999 0.0151
vn 0.0021 0.9999 0.0145
vn -0.0008 -0.8309 -0.5564
vn -0.0008 -0.8310 -0.5563
vn -0.1546 -0.9695 0.1902
vn -0.1548 -0.9695 -0.1899
vn 0.4288 -0.8779 -0.2131
vn 0.4283 -0.8780 0.2136
vn -0.5466 0.0251 0.8370
vn -0.4146 -0.3170 0.8530
vn 0.0648 -0.1722 0.9829
vn -0.1356 0.2167 0.9668
vn -0.7657 0.6172 -0.1808
vn -0.7720 0.6190 0.1442
vn -0.4698 0.8671 0.1654
vn -0.4666 0.8602 -0.2057
vn 0.0646 -0.1727 -0.9829
vn -0.4143 -0.3172 -0.8531
vn -0.5406 -0.0070 -0.8412
vn -0.1128 0.1730 -0.9784
vn 0.2969 -0.6209 0.7255
vn -0.2279 -0.7414 0.6312
vn -0.2281 -0.7410 -0.6316
vn 0.2965 -0.6204 -0.7261
vn -0.3703 0.6736 0.6397
vn -0.6830 0.4397 0.5832
vn -0.3444 0.6233 -0.7021
vn -0.6643 0.3880 -0.6389
vn -0.7293 -0.6785 -0.0884
vn -0.7720 -0.5498 -0.3189
vn -0.8413 -0.3176 0.4375
vn -0.7720 -0.5498 0.3189
vn -0.8832 -0.1608 -0.4406
vn -0.9437 0.0758 -0.3219
vn -0.9709 0.2287 0.0718
vn -0.9483 0.0943 0.3029
vn -0.9661 -0.2581 -0.0000
vn -0.1054 -0.0321 -0.9939
vn -0.1958 0.2632 -0.9447
vn -0.1989 0.2613 -0.9445
vn -0.1056 -0.0317 -0.9939
vn -0.3349 0.8713 -0.3587
vn -0.3198 0.9474 -0.0116
vn -0.3198 0.9474 -0.0114
vn -0.3285 0.8743 -0.3573
vn -0.3300 0.8878 0.3209
vn -0.3358 0.8862 0.3192
vn -0.2046 0.2840 0.9367
vn -0.1067 -0.0274 0.9939
vn -0.1068 -0.0271 0.9939
vn -0.2011 0.2843 0.9374
vn -0.0345 -0.3366 0.9410
vn -0.0381 -0.3365 0.9409
vn 0.1480 -0.9260 0.3474
vn 0.1971 -0.9804 -0.0045
vn 0.1970 -0.9804 -0.0043
vn 0.1550 -0.9254 0.3459
vn 0.1558 -0.9277 -0.3393
vn 0.1498 -0.9293 -0.3376
vn -0.0369 -0.3417 -0.9391
vn -0.0337 -0.3400 -0.9398
vn -0.0043 0.6843 -0.7292
vn 0.0003 -0.0507 -0.9987
vn -0.3585 -0.0038 -0.9335
vn -0.3665 0.6681 -0.6475
vn -0.0063 1.0000 -0.0000
vn -0.3681 0.9298 0.0003
vn -0.3669 0.6681 0.6473
vn -0.0042 0.6843 0.7292
vn -0.3585 -0.0037 0.9335
vn 0.0002 -0.0508 0.9987
vn -0.3562 -0.6743 0.6468
vn 0.0042 -0.7578 0.6524
vn -0.3541 -0.9352 -0.0003
vn 0.0055 -1.0000 -0.0000
vn 0.0043 -0.7578 -0.6524
vn -0.3565 -0.6744 -0.6466
vn -0.7077 -0.0077 -0.7064
vn -0.7368 0.4853 -0.4707
vn -0.7138 0.7004 0.0009
vn -0.7365 0.4862 0.4704
vn -0.7077 -0.0073 0.7064
vn -0.7281 -0.4991 0.4698
vn -0.7013 -0.7128 -0.0009
vn -0.7277 -0.4999 -0.4696
vn -0.9999 -0.0116 -0.0000
vn -0.9998 -0.0191 0.0071
vn -0.9999 -0.0116 0.0113
vn -0.9997 -0.0227 -0.0000
vn -0.9998 -0.0191 -0.0071
vn -0.9999 -0.0116 -0.0113
vn -1.0000 -0.0041 -0.0071
vn -1.0000 -0.0005 -0.0000
vn -1.0000 -0.0041 0.0071
vn -0.8413 -0.3176 -0.4375
vn -0.9705 0.2231 -0.0917
vn -0.8885 -0.1409 0.4368
vn -0.7293 -0.6785 0.0884
vn -0.8519 0.5229 -0.0300
vn -0.6851 0.7279 -0.0270
vn -0.6790 0.7336 -0.0268
vn 0.6668 -0.7448 0.0266
vn 0.8274 -0.5608 0.0296
vn 0.6614 -0.7496 0.0265
vn 0.9996 -0.0254 0.0116
vn -0.0032 -0.0032 1.0000
vn -0.0089 -0.0046 1.0000
vn 0.0139 -0.0001 0.9999
vn 0.0126 -0.0024 0.9999
vn -0.9996 0.0254 -0.0116
vn 0.0236 0.0064 -0.9997
vn 0.0237 0.0058 -0.9997
vn 0.0200 0.0130 -0.9997
vn 0.0177 0.0134 -0.9998
vn 0.6894 0.7242 0.0135
vn 0.6838 0.7296 0.0133
vn 0.8542 0.5195 0.0203
vn -0.8276 -0.5609 -0.0191
vn -0.6633 -0.7483 -0.0125
vn -0.6684 -0.7437 -0.0127
vn -0.0245 -0.0079 0.9997
vn -0.0246 -0.0074 0.9997
vn -0.0237 -0.0062 0.9997
vn -0.0238 -0.0061 0.9997
vn -0.0177 -0.0134 0.9998
vn -0.0200 -0.0130 0.9997
vn -0.0251 -0.0083 0.9997
vn -0.0249 -0.0079 0.9997
vn 0.0248 0.0097 -0.9996
vn 0.0030 0.0032 -1.0000
vn 0.0083 0.0046 -1.0000
vn 0.0250 0.0083 -0.9997
vn 0.0252 0.0079 -0.9997
vn -0.0126 0.0024 -0.9999
vn -0.0139 0.0001 -0.9999
vn 0.0257 0.0079 -0.9996
vn 0.0255 0.0074 -0.9996
vn -0.4631 0.8860 -0.0219
vn 0.4701 0.8826 0.0056
vn 0.4599 -0.8877 0.0218
vn -0.4638 -0.8859 -0.0054
vn -0.0011 -0.0102 0.9999
vn -0.0014 -0.0103 0.9999
vn 0.0011 0.0102 -0.9999
vn 0.0014 0.0103 -0.9999
vn -0.0053 -0.9999 0.0093
vn -0.0053 -0.9999 0.0092
vn 0.7071 -0.7071 -0.0000
vn 1.0000 0.0000 -0.0000
vn 0.0000 -1.0000 -0.0000
vn -0.7071 -0.7071 -0.0000
vn -1.0000 0.0000 -0.0000
vn -0.7071 0.7071 -0.0000
vn 0.0000 1.0000 -0.0000
vn 0.7071 0.7071 -0.0000
vn -0.0162 -0.0274 0.9995
vn -0.0162 -0.0268 0.9995
vn -0.0055 -0.0059 1.0000
vn -0.0044 -0.9913 -0.1314
vn 0.0006 -0.9914 -0.1312
vn -0.0417 -0.9919 -0.1202
vn -0.0413 -0.9919 -0.1201
vn 0.0147 -0.0120 -0.9998
vn 0.0142 -0.0131 -0.9998
vn 0.0031 -0.0165 -0.9999
vn 0.0037 -0.0154 -0.9999
vn -0.0567 0.9977 0.0384
vn -0.0581 0.9976 0.0368
vn -0.0117 0.9932 0.1159
vn -0.0012 0.9926 0.1217
vn -0.0030 0.0148 0.9999
vn -0.0145 0.0104 0.9998
vn -0.0150 0.0092 0.9998
vn -0.0037 0.0136 0.9999
vn 0.0046 0.9946 0.1037
vn 0.0293 0.9937 0.1078
vn 0.0299 0.9937 0.1077
vn -0.0007 0.9946 0.1039
vn 0.9989 0.0476 0.0032
vn 0.9976 0.0688 -0.0029
vn 0.9977 0.0683 -0.0029
vn 0.9989 0.0470 0.0042
vn -0.0084 -0.9997 0.0246
vn -0.0062 -0.9997 0.0246
vn -0.0973 -0.9940 0.0491
vn -0.0966 -0.9940 0.0512
vn -0.9997 -0.0211 -0.0082
vn -0.9998 -0.0162 -0.0063
vn -0.9993 -0.0361 -0.0038
vn -0.9991 -0.0411 -0.0055
vn 0.1170 0.9904 0.0743
vn 0.1344 0.9897 0.0499
vn 0.0560 0.9890 0.1371
vn 0.0576 0.9891 0.1355
vn 0.9999 0.0114 0.0070
vn 0.9993 0.0371 0.0068
vn 0.9995 0.0317 0.0051
vn 0.9999 0.0110 0.0047
vn 0.0851 0.9951 -0.0499
vn 0.0040 0.9997 -0.0249
vn 0.0055 0.9997 -0.0245
vn 0.0846 0.9951 -0.0511
vn -0.0083 0.0198 -0.9998
vn -0.0083 0.0204 -0.9998
vn -0.0048 0.0618 -0.9981
vn -0.0047 0.0618 -0.9981
vn 0.0075 -0.9998 -0.0165
vn 0.0074 -0.9998 -0.0161
vn -0.0267 -0.9991 -0.0320
vn -0.0295 -0.9990 -0.0325
vn 0.0075 -0.0113 0.9999
vn 0.0078 -0.0124 0.9999
vn 0.0059 -0.0197 0.9998
vn 0.0057 -0.0187 0.9998
vn 0.0089 0.9996 -0.0266
vn 0.0084 0.9996 -0.0263
vn 0.0309 0.9993 -0.0198
vn 0.0550 0.9985 -0.0044
vn -0.0061 0.0138 -0.9999
vn -0.0077 0.0041 -1.0000
vn -0.0075 0.0028 -1.0000
vn -0.0058 0.0125 -0.9999
vn -0.0072 0.9992 0.0395
vn 0.0519 0.9973 0.0529
vn 0.0497 0.9974 0.0522
vn -0.0072 0.9992 0.0392
vn -0.9991 0.0397 -0.0136
vn -0.9987 0.0505 -0.0045
vn -0.9987 0.0500 -0.0044
vn -0.9991 0.0397 -0.0139
vn 0.0271 -0.9996 0.0084
vn 0.0245 -0.9996 0.0153
vn 0.0331 -0.9993 -0.0147
vn 0.0345 -0.9993 -0.0137
vn 0.9993 -0.0341 0.0166
vn 0.9995 -0.0295 0.0134
vn 0.9992 -0.0387 0.0070
vn 0.9990 -0.0432 0.0104
vn -0.0881 0.9961 0.0044
vn -0.0960 0.9952 0.0174
vn -0.0439 0.9982 -0.0404
vn -0.0440 0.9982 -0.0403
vn -0.9992 0.0366 -0.0180
vn -0.9988 0.0471 -0.0117
vn -0.9991 0.0423 -0.0083
vn -0.9994 0.0317 -0.0147
vn 0.0135 0.9999 -0.0088
vn -0.0157 0.9999 -0.0070
vn -0.0148 0.9999 -0.0064
vn 0.0150 0.9998 -0.0155
vn 0.2529 -0.8774 0.4077
vn 0.1957 -0.2953 -0.9352
vn 0.1827 0.3015 0.9358
vn 0.1786 0.8929 -0.4132
vn 0.0276 -0.9068 -0.4206
vn 0.0315 -0.9068 0.4204
vn -0.0144 0.3039 -0.9526
vn -0.0276 0.9068 0.4206
vn 0.5576 -0.8173 0.1455
vn 0.9439 -0.2039 0.2597
vn 0.4620 -0.2639 0.8467
vn 0.4619 -0.1011 -0.8811
vn 0.9421 -0.2041 -0.2659
vn 0.5232 -0.7712 -0.3627
vn 0.4636 0.1148 0.8786
vn 0.9361 0.2341 0.2624
vn 0.4732 0.8010 0.3666
vn 0.5004 0.8523 -0.1522
vn 0.9342 0.2345 -0.2687
vn 0.4338 0.2795 -0.8566
vn 0.0055 -0.3039 -0.9527
vn 0.0144 -0.3039 0.9526
vn -0.0315 0.9068 -0.4204
vn -0.0055 0.3039 0.9527
vn 0.0326 -0.9995 -0.0001
vn -0.0326 0.9995 0.0001
vn 0.9774 -0.2114 -0.0030
vn 0.9700 0.2430 -0.0030
vn 0.5629 -0.8265 -0.0017
vn 0.5630 -0.8265 -0.0017
vn 0.5069 0.8620 -0.0016
vn -0.0047 0.0000 -1.0000
vn 0.0047 0.0000 1.0000
vn 0.9616 0.0144 -0.2739
vn 0.9617 0.0144 -0.2739
vn 0.9634 0.0143 0.2676
vn 0.4608 0.0069 -0.8875
vn 0.4701 0.0069 0.8826
vn 0.9999 0.0149 -0.0031
vn 0.0000 0.0000 1.0000
vn 0.0371 0.0000 0.9993
vn 0.0247 0.0000 0.9997
vn 0.9213 0.0000 -0.3888
vn 0.9998 0.0000 0.0182
vn 0.0614 0.0000 -0.9981
vn 0.0307 0.0000 -0.9995
vn 0.0205 0.0000 -0.9998
vn 0.0000 0.9638 -0.2665
vn 0.0742 0.0000 0.9972
vn 0.0000 0.0000 -1.0000
vn 0.7537 0.0000 -0.6572
vn 0.9234 0.0000 0.3837
vn 0.7840 0.0000 0.6207
vn -0.0069 1.0000 -0.0070
vn 0.0099 0.9999 -0.0118
vn 0.0088 0.9999 0.0119
vn -0.0069 1.0000 0.0070
vn 0.0237 0.9996 0.0131
vn 0.0336 0.9994 0.0002
vn 0.0316 0.9995 -0.0000
vn -0.0142 0.9998 -0.0135
vn 0.0206 0.9997 -0.0138
vn -0.0281 0.9996 -0.0000
vn -0.0142 0.9998 0.0135
vn 0.8793 0.4763 -0.0000
vn 0.0000 0.4379 -0.8990
vn -0.8793 0.4763 -0.0000
vn 0.0000 0.4379 0.8990
vn 0.9916 0.1297 -0.0000
vn -0.9916 0.1297 -0.0000
vn 0.6898 -0.6929 -0.2100
vn 0.6788 -0.7188 -0.1501
vn 0.6866 -0.7270 -0.0000
vn -0.6898 -0.6929 0.2100
vn -0.6788 -0.7188 0.1501
vn -0.6866 -0.7270 -0.0000
vn -0.6898 -0.6929 -0.2100
vn -0.6788 -0.7188 -0.1501
vn -0.7827 -0.4972 -0.3745
vn -0.8256 -0.4272 -0.3685
vn 0.0000 0.8579 -0.5138
vn 0.7875 0.5757 -0.2198
vn 0.7651 0.1617 -0.6233
vn 0.7648 0.3995 -0.5055
vn 0.7564 0.6352 -0.1561
vn 0.6898 -0.6929 0.2100
vn 0.6788 -0.7188 0.1501
vn 0.7826 -0.4972 0.3745
vn 0.8256 -0.4272 0.3685
vn 0.0000 0.9638 0.2665
vn 0.0000 0.8579 0.5138
vn -0.7876 0.5757 0.2198
vn -0.7651 0.1617 0.6233
vn -0.7648 0.3995 0.5055
vn -0.7564 0.6352 0.1561
vn 0.7658 0.6431 -0.0000
vn -0.7658 0.6431 -0.0000
vn -0.7876 0.5757 -0.2198
vn -0.7564 0.6352 -0.1561
vn -0.7648 0.3995 -0.5055
vn -0.7651 0.1617 -0.6233
vn 0.8256 -0.4272 -0.3685
vn 0.7826 -0.4972 -0.3745
vn 0.7875 0.5757 0.2198
vn 0.7564 0.6352 0.1561
vn 0.7648 0.3995 0.5055
vn 0.7651 0.1617 0.6233
vn -0.8256 -0.4272 0.3685
vn -0.7827 -0.4972 0.3745
vn 0.0031 -0.5780 -0.8160
vn 0.0032 -0.5962 -0.8028
vn 0.0032 -0.5967 -0.8025
vn -0.0035 0.6436 0.7653
vn -0.0034 0.6198 0.7847
vn -0.0035 0.6442 0.7648
vn -0.0103 0.0251 0.9996
vn 0.9997 0.0157 0.0160
vn 0.9998 0.0171 0.0110
vn 0.9993 0.0082 0.0369
vn 0.9993 0.0097 0.0372
vn 0.0103 -0.0251 -0.9996
vn -0.9998 -0.0196 0.0058
vn -0.9998 -0.0188 0.0058
vn -0.9997 -0.0242 0.0058
vn -0.9997 -0.0252 0.0059
vn 0.0031 -0.5910 0.8066
vn 0.0031 -0.5913 0.8065
vn 0.0030 -0.5732 0.8194
vn -0.0032 0.6166 -0.7873
vn -0.0033 0.6454 -0.7639
vn -0.0033 0.6450 -0.7642
vn 0.9998 0.0209 -0.0069
vn 0.9998 0.0204 -0.0071
vn 0.9998 0.0194 -0.0059
vn 0.9998 0.0191 -0.0059
vn 0.9997 0.0252 -0.0059
vn 0.9997 0.0242 -0.0057
vn 0.9997 0.0214 -0.0076
vn 0.9998 0.0209 -0.0075
vn -0.9998 -0.0209 0.0070
vn -0.9997 -0.0213 0.0072
vn -0.9997 -0.0156 -0.0162
vn -0.9998 -0.0170 -0.0113
vn -0.9993 -0.0096 -0.0372
vn -0.9993 -0.0081 -0.0369
vn -0.9997 -0.0209 0.0083
vn -0.9998 -0.0204 0.0081
vn 0.0041 -0.7716 -0.6361
vn 0.0042 -0.7755 -0.6313
vn -0.0043 0.7938 0.6082
vn -0.0043 0.7963 0.6049
vn 0.9993 0.0143 0.0348
vn 0.9993 0.0184 0.0324
vn -0.9996 -0.0273 0.0008
vn -0.9997 -0.0263 -0.0010
vn 0.0052 -0.9729 -0.2310
vn 0.0052 -0.9744 -0.2247
vn 0.0051 -0.9725 0.2327
vn 0.0051 -0.9712 0.2383
vn 0.0040 -0.7701 0.6379
vn 0.0040 -0.7674 0.6411
vn -0.0052 0.9731 0.2304
vn -0.0052 0.9744 0.2248
vn -0.0051 0.9710 -0.2390
vn -0.0051 0.9698 -0.2440
vn -0.0041 0.7918 -0.6107
vn -0.0041 0.7903 -0.6127
vn 0.9994 0.0223 0.0256
vn 0.9994 0.0237 0.0240
vn 0.9996 0.0249 0.0121
vn 0.9996 0.0235 0.0141
vn 0.9997 0.0263 0.0010
vn 0.9996 0.0273 -0.0008
vn -0.9996 -0.0249 -0.0121
vn -0.9996 -0.0235 -0.0141
vn -0.9994 -0.0237 -0.0240
vn -0.9994 -0.0223 -0.0256
vn -0.9993 -0.0184 -0.0324
vn -0.9993 -0.0143 -0.0348
vn -0.0053 1.0000 -0.0053
vn -0.0052 1.0000 -0.0052
vn -0.0052 1.0000 -0.0053
vn -0.0053 1.0000 -0.0052
vn 0.9397 0.3420 -0.0000
vn 0.7660 0.6428 -0.0000
vn 0.5000 0.8660 -0.0000
vn 0.1736 0.9848 -0.0000
vn -0.1736 0.9848 -0.0000
vn -0.1737 0.9848 -0.0000
vn -0.5000 0.8660 -0.0000
vn -0.7660 0.6428 -0.0000
vn -0.9397 0.3420 -0.0000
vn -0.9397 -0.3420 -0.0000
vn -0.7660 -0.6428 -0.0000
vn -0.5000 -0.8660 -0.0000
vn -0.1736 -0.9848 -0.0000
vn -0.1737 -0.9848 -0.0000
vn 0.1736 -0.9848 -0.0000
vn 0.1737 -0.9848 -0.0000
vn 0.5000 -0.8660 -0.0000
vn 0.7660 -0.6428 -0.0000
vn 0.9397 -0.3420 -0.0000
vn 0.9332 0.3396 0.1176
vn 0.9931 0.0000 0.1176
vn 0.7607 0.6383 0.1176
vn 0.4965 0.8600 0.1176
vn 0.1724 0.9780 0.1176
vn -0.1724 0.9780 0.1176
vn -0.4965 0.8600 0.1176
vn -0.7607 0.6383 0.1176
vn -0.9332 0.3396 0.1176
vn -0.9931 0.0000 0.1176
vn -0.9332 -0.3396 0.1176
vn -0.7607 -0.6383 0.1176
vn -0.4965 -0.8600 0.1176
vn -0.1724 -0.9780 0.1176
vn 0.1724 -0.9780 0.1176
vn 0.4965 -0.8600 0.1176
vn 0.7607 -0.6383 0.1176
vn 0.9332 -0.3396 0.1176
vn 0.1063 0.0000 0.9943
vn 0.0999 0.0364 0.9943
vn 0.3427 0.1247 0.9311
vn 0.3647 0.0000 0.9311
vn 0.0999 -0.0364 0.9943
vn 0.3427 -0.1247 0.9311
vn 0.2794 -0.2344 0.9311
vn 0.0815 -0.0683 0.9943
vn 0.1824 -0.3159 0.9311
vn 0.0532 -0.0921 0.9943
vn 0.0633 -0.3592 0.9311
vn 0.0185 -0.1047 0.9943
vn -0.0633 -0.3592 0.9311
vn -0.0185 -0.1047 0.9943
vn -0.1824 -0.3159 0.9311
vn -0.0532 -0.0921 0.9943
vn -0.2794 -0.2344 0.9311
vn -0.0815 -0.0683 0.9943
vn -0.3427 -0.1247 0.9311
vn -0.0999 -0.0364 0.9943
vn -0.3647 0.0000 0.9311
vn -0.1063 0.0000 0.9943
vn -0.3427 0.1247 0.9311
vn -0.0999 0.0364 0.9943
vn -0.2794 0.2344 0.9311
vn -0.0815 0.0683 0.9943
vn -0.1824 0.3159 0.9311
vn -0.0532 0.0921 0.9943
vn -0.0633 0.3592 0.9311
vn -0.0185 0.1047 0.9943
vn 0.0633 0.3592 0.9311
vn 0.0185 0.1047 0.9943
vn 0.1824 0.3159 0.9311
vn 0.0532 0.0921 0.9943
vn 0.2794 0.2344 0.9311
vn 0.0815 0.0683 0.9943
vn 0.7910 0.2879 0.5398
vn 0.8418 0.0000 0.5398
vn 0.6449 0.5411 0.5398
vn 0.4209 0.7290 0.5398
vn 0.1462 0.8290 0.5398
vn -0.1462 0.8290 0.5398
vn -0.4209 0.7290 0.5398
vn -0.6449 0.5411 0.5398
vn -0.7910 0.2879 0.5398
vn -0.8418 0.0000 0.5398
vn -0.7910 -0.2879 0.5398
vn -0.6449 -0.5411 0.5398
vn -0.4209 -0.7290 0.5398
vn -0.1462 -0.8290 0.5398
vn 0.1462 -0.8290 0.5398
vn 0.4209 -0.7290 0.5398
vn 0.6449 -0.5411 0.5398
vn 0.7910 -0.2879 0.5398
vn 0.9659 0.2588 -0.0000
vn 0.4490 0.8935 -0.0000
vn -0.4490 0.8935 -0.0000
vn -0.9659 0.2588 -0.0000
vn -0.9659 -0.2588 -0.0000
vn -0.4490 -0.8935 -0.0000
vn 0.4490 -0.8935 -0.0000
vn 0.9659 -0.2588 -0.0000
vn 0.0366 0.0000 -0.9993
vn 0.0199 0.0000 -0.9998
vn 0.0188 0.0068 -0.9998
vn 0.0344 0.0125 -0.9993
vn 0.0344 -0.0125 -0.9993
vn 0.0188 -0.0068 -0.9998
vn 0.0154 -0.0129 -0.9998
vn 0.0280 -0.0235 -0.9993
vn 0.0183 -0.0317 -0.9993
vn 0.0100 -0.0174 -0.9998
vn 0.0064 -0.0360 -0.9993
vn 0.0034 -0.0197 -0.9998
vn -0.0064 -0.0360 -0.9993
vn -0.0034 -0.0197 -0.9998
vn -0.0183 -0.0317 -0.9993
vn -0.0100 -0.0174 -0.9998
vn -0.0280 -0.0235 -0.9993
vn -0.0154 -0.0129 -0.9998
vn -0.0344 -0.0125 -0.9993
vn -0.0188 -0.0068 -0.9998
vn -0.0374 -0.0007 -0.9993
vn -0.0193 -0.0011 -0.9998
vn -0.0359 0.0138 -0.9993
vn -0.0206 0.0079 -0.9998
vn -0.0280 0.0235 -0.9993
vn -0.0151 0.0132 -0.9998
vn -0.0183 0.0317 -0.9993
vn -0.0100 0.0174 -0.9998
vn -0.0064 0.0360 -0.9993
vn -0.0034 0.0197 -0.9998
vn 0.0064 0.0360 -0.9993
vn 0.0034 0.0197 -0.9998
vn 0.0183 0.0317 -0.9993
vn 0.0100 0.0175 -0.9998
vn 0.0280 0.0235 -0.9993
vn 0.0155 0.0129 -0.9998
vn 0.9838 0.1793 -0.0000
vn 0.2738 0.9618 -0.0000
vn 0.5350 0.8448 -0.0000
vn -0.3182 0.9480 -0.0000
vn -0.7563 0.6543 -0.0000
vn -0.9697 0.2442 -0.0000
vn -0.9697 -0.2442 -0.0000
vn -0.7563 -0.6543 -0.0000
vn -0.3182 -0.9480 -0.0000
vn 0.2738 -0.9618 -0.0000
vn 0.5350 -0.8448 -0.0000
vn 0.9838 -0.1793 -0.0000
vn -0.9838 -0.1793 -0.0000
vn -0.9838 0.1793 -0.0000
vn -0.2738 0.9618 -0.0000
vn -0.5350 0.8448 -0.0000
vn 0.3182 0.9480 -0.0000
vn 0.7563 0.6543 -0.0000
vn 0.9695 0.2441 -0.0212
vn 0.9697 0.2442 -0.0000
vn 0.9697 -0.2442 -0.0000
vn 0.9697 -0.2442 -0.0001
vn 0.7563 -0.6543 -0.0000
vn 0.3182 -0.9480 -0.0000
vn -0.2738 -0.9618 -0.0000
vn -0.5350 -0.8448 -0.0000
vn 0.3449 0.9387 -0.0000
vn 0.6474 0.7621 -0.0000
vn -0.3449 0.9387 -0.0000
vn -0.6474 0.7621 -0.0000
vn -0.9578 -0.2873 -0.0000
vn -0.9998 -0.0196 -0.0000
vn -0.5929 -0.8053 -0.0000
vn 0.5929 -0.8053 -0.0000
vn 0.9578 -0.2873 -0.0000
vn 0.9998 -0.0196 -0.0000
vn -0.6474 -0.7621 -0.0000
vn -0.3449 -0.9387 -0.0000
vn -0.9578 0.2873 -0.0000
vn -0.9998 0.0196 -0.0000
vn -0.5915 0.8063 -0.0000
vn 0.5915 0.8063 -0.0000
vn 0.9578 0.2873 -0.0000
vn 0.9998 0.0196 -0.0000
vn 0.3449 -0.9387 -0.0000
vn 0.6474 -0.7621 -0.0000
vn -0.9805 0.1967 -0.0000
vn -0.9805 -0.1967 -0.0000
vn 0.9805 0.1967 -0.0000
vn 0.9805 -0.1967 -0.0000
vn 0.5929 0.8053 -0.0000
vn -0.5929 0.8053 -0.0000
vn 0.5915 -0.8063 -0.0000
vn -0.5915 -0.8063 -0.0000
vn -0.0003 -0.0008 -1.0000
vn 0.0003 -0.0008 -1.0000
vn 0.0007 0.0003 -1.0000
vn 0.0010 0.0000 -1.0000
vn 0.0006 -0.0003 -1.0000
vn 0.0003 0.0008 -1.0000
vn -0.0003 0.0008 -1.0000
vn -0.0007 -0.0003 -1.0000
vn -0.0010 0.0000 -1.0000
vn -0.0007 0.0003 -1.0000
vn 0.0004 0.0003 -1.0000
vn -0.0004 0.0003 -1.0000
vn 0.0003 0.0004 -1.0000
vn 0.0002 -0.0004 -1.0000
vn 0.0004 -0.0003 -1.0000
vn -0.0004 -0.0003 -1.0000
vn -0.0003 -0.0004 -1.0000
vn -0.0003 0.0004 -1.0000
vn -0.0002 0.0001 -1.0000
vn 0.0002 0.0001 -1.0000
vn 0.0001 0.0002 -1.0000
vn 0.0002 -0.0001 -1.0000
vn 0.0001 -0.0002 -1.0000
vn -0.0001 -0.0002 -1.0000
vn -0.0002 -0.0001 -1.0000
vn 0.0416 0.1650 -0.9854
vn 0.1577 0.0233 -0.9872
vn -0.0418 -0.1644 -0.9855
vn -0.1583 -0.0230 -0.9871
vn -0.0001 0.0002 -1.0000
vn 0.0455 -0.1688 -0.9846
vn 0.1577 -0.0233 -0.9872
vn -0.0457 0.1682 -0.9847
vn -0.2986 0.0434 -0.9534
vn 0.3482 -0.0865 -0.9334
vn 0.3478 -0.0899 -0.9332
vn 0.2981 0.0440 -0.9535
vn 0.3812 0.0269 -0.9241
vn 0.3641 0.0547 -0.9297
vn 0.3757 0.0886 -0.9225
vn 0.3072 -0.0708 -0.9490
vn 0.1106 -0.2937 -0.9495
vn -0.0112 -0.3589 -0.9333
vn -0.0082 -0.3583 -0.9336
vn -0.1011 -0.3021 -0.9479
vn -0.2986 -0.0434 -0.9534
vn -0.3473 0.0865 -0.9337
vn -0.3469 0.0880 -0.9338
vn -0.3473 -0.0865 -0.9337
vn -0.3469 -0.0880 -0.9338
vn -0.1113 0.2931 -0.9496
vn 0.0112 0.3589 -0.9333
vn 0.0080 0.3583 -0.9336
vn 0.1005 0.3027 -0.9478
vn 0.9690 -0.2469 -0.0000
vn 0.8808 -0.4735 -0.0000
vn 0.9880 0.1543 -0.0000
vn 0.9506 0.3104 -0.0000
vn 0.7065 -0.7077 -0.0000
vn -0.0002 -1.0000 -0.0000
vn -0.1758 -0.9844 -0.0000
vn 0.1754 -0.9845 -0.0000
vn -0.7095 -0.7047 -0.0000
vn -0.8807 0.4736 -0.0000
vn -0.8807 -0.4736 -0.0000
vn -0.7095 0.7047 -0.0000
vn -0.0002 1.0000 -0.0000
vn 0.1754 0.9845 -0.0000
vn -0.1758 0.9844 -0.0000
vn 0.7065 0.7077 -0.0000
vn -0.7237 -0.6504 0.2308
vn -0.6066 -0.3275 0.7244
vn -0.8097 0.0378 0.5857
vn -0.9918 -0.0558 0.1151
vn 0.0321 -0.9946 0.0985
vn 0.0164 -0.6892 0.7244
vn 0.9788 0.1649 0.1213
vn 0.5583 0.7906 0.2516
vn 0.2561 0.6351 0.7287
vn 0.6842 0.1185 0.7196
vn -0.1178 0.9881 0.0992
vn -0.1730 0.7907 0.5872
vn -0.6504 0.7237 0.2308
vn -0.3275 0.6066 0.7244
vn 0.0378 0.8097 0.5857
vn -0.0558 0.9918 0.1151
vn -0.9946 -0.0321 0.0985
vn -0.6892 -0.0164 0.7244
vn 0.1649 -0.9788 0.1213
vn 0.7906 -0.5583 0.2515
vn 0.6351 -0.2561 0.7287
vn 0.1185 -0.6842 0.7196
vn 0.9881 0.1178 0.0992
vn 0.7907 0.1730 0.5872
vn 0.7237 0.6504 0.2308
vn 0.6066 0.3275 0.7244
vn 0.8097 -0.0378 0.5856
vn 0.9918 0.0558 0.1151
vn -0.0321 0.9946 0.0985
vn -0.0164 0.6892 0.7244
vn -0.9788 -0.1649 0.1213
vn -0.5583 -0.7906 0.2516
vn -0.2561 -0.6351 0.7287
vn -0.6842 -0.1185 0.7196
vn 0.1178 -0.9881 0.0992
vn 0.1730 -0.7907 0.5872
vn 0.6504 -0.7237 0.2308
vn 0.3275 -0.6066 0.7244
vn -0.0378 -0.8097 0.5857
vn 0.0558 -0.9918 0.1151
vn 0.9946 0.0321 0.0985
vn 0.6892 0.0164 0.7244
vn -0.1649 0.9788 0.1213
vn -0.7906 0.5583 0.2515
vn -0.6351 0.2561 0.7287
vn -0.1185 0.6842 0.7196
vn -0.9881 -0.1178 0.0992
vn -0.7907 -0.1730 0.5872
vn -0.0086 0.2105 -0.9776
vn -0.0085 0.2207 -0.9753
vn 0.0168 0.0056 -0.9998
vn 0.0132 0.0065 -0.9999
vn 0.9943 -0.0158 -0.1050
vn 0.9969 0.0095 -0.0785
vn 0.9977 -0.0100 -0.0668
vn 0.9943 -0.0158 -0.1056
vn -0.0136 -0.0099 0.9999
vn 0.0088 -0.2190 0.9757
vn 0.0051 -0.2230 0.9748
vn -0.0168 -0.0107 0.9998
vn -0.9979 -0.0185 0.0615
vn -0.9945 0.0153 0.1039
vn -0.9944 0.0153 0.1045
vn -0.9969 -0.0176 0.0771
vn -0.0141 0.5899 -0.8074
vn -0.0081 0.5628 -0.8266
vn 0.9909 0.0622 -0.1197
vn 0.9889 0.0745 -0.1285
vn 0.0121 -0.5708 0.8210
vn 0.0106 -0.5837 0.8119
vn -0.9907 -0.0494 0.1267
vn -0.9885 -0.0465 0.1437
vn -0.0077 0.8308 -0.5566
vn -0.0103 0.8429 -0.5380
vn 0.9924 0.0768 -0.0958
vn 0.9922 0.0792 -0.0964
vn 0.0118 -0.8304 0.5570
vn 0.0100 -0.8404 0.5419
vn -0.9928 -0.0742 0.0936
vn -0.9925 -0.0748 0.0964
vn -0.0121 0.9820 -0.1887
vn -0.0116 0.9806 -0.1955
vn 0.9942 0.1049 -0.0220
vn 0.9944 0.1040 -0.0207
vn 0.0129 -0.9811 0.1928
vn 0.0131 -0.9794 0.2017
vn -0.9944 -0.1039 0.0204
vn -0.9945 -0.1029 0.0204
vn 0.0164 0.9816 0.1901
vn 0.0140 0.9802 0.1976
vn 0.9995 -0.0319 0.0077
vn 0.9995 -0.0197 0.0246
vn -0.0167 -0.9802 -0.1975
vn -0.0151 -0.9794 -0.2012
vn -0.9995 0.0300 -0.0018
vn -0.9999 0.0138 0.0013
vn 0.0191 0.8457 0.5333
vn 0.0122 0.8257 0.5640
vn 0.9971 -0.0626 -0.0423
vn 0.9955 -0.0727 -0.0604
vn -0.0184 -0.8272 -0.5615
vn -0.0139 -0.8400 -0.5424
vn -0.9971 0.0651 0.0401
vn -0.9954 0.0876 0.0379
vn 0.0192 0.5609 0.8276
vn 0.0142 0.5445 0.8386
vn 0.9953 -0.0530 -0.0811
vn 0.9936 -0.0465 -0.1034
vn -0.0168 -0.5395 -0.8418
vn -0.0155 -0.5476 -0.8366
vn -0.9954 0.0661 0.0690
vn -0.9936 0.0795 0.0800
vn 0.0097 0.1777 0.9840
vn 0.0074 0.1736 0.9848
vn 0.9997 -0.0236 -0.0026
vn 0.9996 -0.0192 -0.0229
vn -0.0093 -0.1653 -0.9862
vn -0.0052 -0.1782 -0.9840
vn -0.9996 0.0103 0.0258
vn -0.9999 -0.0113 0.0096
vn -0.0125 -0.0102 0.9999
vn -0.0099 -0.0095 0.9999
vn 0.9997 0.0017 0.0242
vn 0.9997 0.0017 0.0248
vn 0.0123 0.0061 -0.9999
vn 0.0101 0.0067 -0.9999
vn -0.9997 -0.0016 -0.0248
vn -0.9997 -0.0016 -0.0242
vn 0.0088 0.0829 -0.9965
vn 0.0101 0.0836 -0.9965
vn -0.0317 -0.9995 -0.0081
vn -0.0510 -0.9986 -0.0166
vn -0.0052 -0.0229 0.9997
vn -0.0054 -0.0239 0.9997
vn -0.0037 0.9982 -0.0597
vn -0.0044 0.9982 -0.0595
vn 0.0050 0.0180 -0.9998
vn 0.0052 0.0192 -0.9998
vn 0.0318 0.9993 0.0214
vn 0.0516 0.9982 0.0298
vn 0.0321 0.9989 -0.0337
vn 0.0503 0.9984 -0.0254
vn 0.0136 0.0936 -0.9955
vn 0.0126 0.0941 -0.9955
vn -0.0547 -0.9983 -0.0187
vn -0.0286 -0.9996 -0.0001
vn -0.0090 -0.0251 0.9996
vn -0.0077 -0.0260 0.9996
vn 0.0088 0.0208 -0.9997
vn 0.0075 0.0219 -0.9997
vn 0.0558 0.9980 0.0285
vn 0.0288 0.9996 0.0079
vn 0.0045 0.1031 -0.9947
vn 0.0044 0.1037 -0.9946
vn -0.0028 -0.0265 0.9996
vn -0.0020 -0.0273 0.9996
vn 0.0026 0.0227 -0.9997
vn 0.0018 0.0238 -0.9997
vn 0.0044 0.0150 0.9999
vn 0.0084 0.0360 0.9993
vn 0.0087 0.0366 0.9993
vn 0.0044 0.0155 0.9999
vn 0.0039 -0.9971 -0.0756
vn 0.0022 -0.9945 -0.1044
vn 0.0016 -0.9945 -0.1048
vn 0.0160 -0.9977 -0.0662
vn -0.0091 -0.0231 -0.9997
vn -0.0052 -0.0193 -0.9998
vn -0.0055 -0.0203 -0.9998
vn -0.0098 -0.0241 -0.9997
vn 0.0011 0.9855 0.1696
vn 0.0021 0.9892 0.1466
vn 0.0020 0.9892 0.1467
vn 0.0065 0.9859 0.1672
vn 0.0057 0.0198 0.9998
vn 0.0053 0.0186 0.9998
vn 0.0093 0.0235 0.9997
vn 0.0100 0.0247 0.9996
vn -0.0017 0.9973 0.0735
vn -0.0021 0.9973 0.0732
vn -0.0043 0.9992 0.0400
vn -0.0163 0.9994 0.0311
vn 0.0141 0.0566 0.9983
vn 0.0141 0.0571 0.9983
vn -0.0153 -0.0263 -0.9995
vn -0.0157 -0.0272 -0.9995
vn 0.0157 0.0278 0.9995
vn 0.0162 0.0289 0.9995
vn -0.9997 0.0246 0.0048
vn -0.9995 0.0293 -0.0147
vn -0.9995 0.0293 -0.0144
vn -0.9997 0.0241 0.0053
vn -0.0122 -0.9995 -0.0298
vn -0.0068 -1.0000 0.0011
vn -0.0046 -1.0000 0.0004
vn -0.0140 -0.9994 -0.0307
vn 0.9997 -0.0188 0.0127
vn 0.9996 -0.0228 0.0171
vn 0.9999 -0.0168 0.0013
vn 0.9999 -0.0132 -0.0041
vn -0.0966 0.9952 -0.0140
vn -0.0884 0.9961 0.0035
vn -0.0899 0.9959 0.0049
vn -0.0937 0.9956 -0.0067
vn -0.9994 0.0349 -0.0081
vn -0.9997 0.0240 -0.0008
vn -0.9996 0.0274 -0.0065
vn -0.9995 0.0309 -0.0035
vn 0.0463 0.9989 -0.0001
vn 0.0480 0.9988 -0.0005
vn 0.0537 0.9981 0.0295
vn 0.0554 0.9980 0.0300
vn -0.1396 0.9898 0.0283
vn -0.1392 0.9899 0.0282
vn -0.9998 0.0190 0.0109
vn -0.9999 0.0088 0.0064
vn -0.9999 0.0083 0.0064
vn -0.0260 -0.9996 -0.0140
vn -0.0367 -0.9993 -0.0004
vn 0.9999 -0.0111 -0.0038
vn 1.0000 -0.0025 -0.0040
vn 1.0000 0.0021 -0.0075
vn 0.9999 -0.0070 -0.0081
vn -0.9998 0.0183 -0.0076
vn -1.0000 0.0060 0.0073
vn -1.0000 -0.0045 0.0069
vn -1.0000 0.0005 0.0034
vn 0.0785 0.9969 -0.0004
vn 0.0682 0.9976 0.0136
vn 0.9993 0.0367 0.0074
vn 0.9993 0.0368 0.0071
vn -0.1351 -0.9906 0.0217
vn -0.1309 -0.9914 -0.0008
vn -0.9999 -0.0077 -0.0102
vn -1.0000 -0.0072 -0.0060
vn 0.1157 0.9925 -0.0391
vn 0.1158 0.9925 -0.0386
vn 1.0000 0.0005 0.0096
vn 0.9999 -0.0039 0.0141
vn 0.1197 0.9925 -0.0239
vn 0.1127 0.9936 -0.0007
vn 0.1600 0.9870 -0.0170
vn 0.1517 0.9884 0.0033
vn 0.9995 0.0319 0.0058
vn 0.9995 0.0314 0.0059
vn -0.1076 -0.9930 -0.0487
vn -0.0877 -0.9933 -0.0756
vn -1.0000 -0.0034 -0.0040
vn -1.0000 0.0002 -0.0088
vn 1.0000 -0.0064 0.0044
vn 0.9999 -0.0105 0.0094
vn 0.0876 0.9950 0.0478
vn 0.0660 0.9950 0.0754
vn 0.9996 0.0269 0.0069
vn 0.9996 0.0264 0.0069
vn -1.0000 0.0005 -0.0053
vn -0.9999 0.0040 -0.0102
vn 0.9999 -0.0110 0.0055
vn 0.9998 -0.0149 0.0105
vn 0.0000 0.7071 0.7071
vn 0.0000 0.7071 -0.7071
vn -0.0090 -0.9991 -0.0415
vn 0.0000 -0.9673 -0.2537
vn -0.0032 -0.9634 -0.2679
vn 0.0000 -0.9609 -0.2767
vn 0.0000 -0.9981 -0.0621
vn 0.0000 0.9980 -0.0638
vn 0.0000 0.9600 -0.2801
vn 0.0000 0.8164 -0.5775
vn 0.0000 0.5845 -0.8114
vn 0.0006 0.4063 -0.9137
vn 0.0003 0.4156 -0.9095
vn 0.0006 0.4092 -0.9125
vn 0.0021 0.9999 -0.0144
vn 0.0021 0.9999 -0.0147
vn 0.0021 0.9999 -0.0157
vn 0.0008 0.3601 0.9329
vn 0.0007 0.3600 0.9329
vn 0.0008 0.3592 0.9332
vn 0.0000 -0.9981 0.0621
vn -0.0090 -0.9991 0.0415
vn -0.0006 -0.4063 0.9137
vn -0.0025 -0.3571 0.9341
vn -0.0020 -0.3561 0.9345
vn -0.0003 -0.4143 0.9102
vn -0.0024 -0.3507 0.9365
vn -0.0006 -0.4036 0.9150
vn 0.0000 -0.9609 0.2767
vn 0.0000 -0.8192 0.5736
vn 0.0000 -0.9673 0.2537
vn 0.0000 -0.5873 0.8094
vn 0.0000 0.9980 0.0638
vn 0.0000 0.9600 0.2801
vn 0.0000 0.8164 0.5775
vn 0.0000 0.5845 0.8114
vn 0.0002 0.4083 0.9128
vn 0.0001 0.4166 0.9091
vn 0.0002 0.4075 0.9132
vn 0.0024 0.3590 -0.9333
vn 0.0024 0.3589 -0.9334
vn 0.0025 0.3607 -0.9327
vn 0.0024 0.3582 -0.9337
vn 0.0024 0.3594 -0.9332
vn -0.0002 -0.4047 -0.9144
vn -0.0008 -0.3534 -0.9355
vn -0.0006 -0.3537 -0.9354
vn -0.0001 -0.4137 -0.9104
vn -0.0008 -0.3554 -0.9347
vn -0.0002 -0.4055 -0.9141
vn 0.0000 -0.8192 -0.5736
vn 0.0000 -0.5873 -0.8094
vn -0.0024 -0.3299 0.9440
vn -0.0023 -0.3299 0.9440
vn -0.0024 -0.3301 0.9439
vn -0.0023 -0.3308 0.9437
vn -0.0024 -0.3308 0.9437
vn -0.0018 -0.8310 0.5562
vn -0.0018 -0.8311 0.5561
vn -0.0018 -0.8311 0.5562
vn -0.0018 -0.8309 0.5565
vn -0.0007 -0.3305 -0.9438
vn -0.0007 -0.3304 -0.9438
vn -0.0007 -0.3302 -0.9439
vn 0.0021 0.9999 0.0160
vn 0.0021 0.9999 0.0161
vn 0.0021 0.9999 0.0156
vn 0.0021 0.9999 0.0155
vn 0.0021 0.9999 0.0140
vn 0.0021 0.9999 0.0141
vn -0.0008 -0.8311 -0.5561
vn -0.0008 -0.8310 -0.5562
vn -0.0008 -0.8308 -0.5565
vn -0.9630 0.2695 -0.0023
vn -0.9625 0.2711 -0.0023
vn 0.9639 -0.2661 0.0022
vn 0.9635 -0.2678 0.0022
vn 0.9635 -0.2677 0.0022
vn 0.0159 0.9999 0.0026
vn 0.0151 0.9999 0.0026
vn 0.2365 -0.9716 -0.0019
vn 0.2378 -0.9713 -0.0019
vn 0.9628 0.2702 0.0003
vn -0.9637 -0.2671 -0.0003
vn -0.9637 -0.2668 -0.0003
vn -0.0159 0.9999 0.0025
vn -0.2363 -0.9717 -0.0024
vn -0.2380 -0.9713 -0.0024
vn -0.2529 -0.8774 -0.4077
vn -0.1957 -0.2953 0.9352
vn -0.1827 0.3015 -0.9358
vn -0.1786 0.8929 0.4132
vn -0.0276 -0.9068 0.4206
vn -0.0315 -0.9068 -0.4204
vn 0.0144 0.3039 0.9526
vn 0.0276 0.9068 -0.4206
vn -0.5576 -0.8173 -0.1455
vn -0.9439 -0.2039 -0.2597
vn -0.4620 -0.2639 -0.8467
vn -0.4620 -0.1010 0.8811
vn -0.9422 -0.2041 0.2659
vn -0.5232 -0.7712 0.3628
vn -0.4636 0.1148 -0.8786
vn -0.9361 0.2341 -0.2624
vn -0.4733 0.8010 -0.3666
vn -0.5004 0.8523 0.1522
vn -0.9342 0.2345 0.2687
vn -0.4338 0.2795 0.8566
vn -0.0055 -0.3039 0.9527
vn -0.0144 -0.3039 -0.9526
vn 0.0315 0.9068 0.4204
vn 0.0055 0.3039 -0.9527
vn -0.0326 -0.9995 0.0001
vn 0.0326 0.9995 -0.0001
vn -0.9774 -0.2114 0.0030
vn -0.9700 0.2430 0.0030
vn -0.5629 -0.8265 0.0017
vn -0.5630 -0.8265 0.0017
vn -0.5069 0.8620 0.0016
vn -0.9616 0.0144 0.2740
vn -0.9617 0.0144 0.2739
vn -0.9634 0.0143 -0.2676
vn -0.4609 0.0069 0.8874
vn -0.4701 0.0069 -0.8826
vn -0.9999 0.0149 0.0031
vn -0.0371 0.0000 -0.9993
vn -0.0247 0.0000 -0.9997
vn -0.9213 0.0000 0.3888
vn -0.9998 0.0000 -0.0182
vn -0.0614 0.0000 0.9981
vn -0.0307 0.0000 0.9995
vn -0.0205 0.0000 0.9998
vn -0.0742 0.0000 -0.9972
vn -0.7537 0.0000 0.6572
vn -0.9234 0.0000 -0.3837
vn -0.7840 0.0000 -0.6207
vn 0.0069 1.0000 0.0070
vn -0.0099 0.9999 0.0118
vn -0.0088 0.9999 -0.0119
vn 0.0069 1.0000 -0.0070
vn -0.0237 0.9996 -0.0131
vn -0.0336 0.9994 -0.0002
vn -0.0316 0.9995 -0.0000
vn 0.0142 0.9998 0.0135
vn -0.0206 0.9997 0.0138
vn 0.0281 0.9996 -0.0000
vn 0.0142 0.9998 -0.0135
vn 0.9916 0.1296 -0.0000
vn 0.7827 -0.4972 0.3745
vn 0.8257 -0.4272 0.3685
vn -0.7875 0.5757 0.2198
vn -0.7826 -0.4972 -0.3745
vn -0.8256 -0.4273 -0.3685
vn -0.8256 -0.4273 0.3685
vn -0.7826 -0.4972 0.3745
vn -0.7875 0.5757 -0.2198
vn 0.8257 -0.4272 -0.3685
vn 0.7827 -0.4972 -0.3745
vn -0.4619 -0.1011 0.8811
vn 0.1546 -0.9695 -0.1902
vn 0.1548 -0.9695 0.1899
vn -0.4288 -0.8779 0.2131
vn -0.4283 -0.8780 -0.2136
vn 0.5466 0.0251 -0.8370
vn 0.4146 -0.3170 -0.8530
vn -0.0648 -0.1722 -0.9829
vn 0.1356 0.2167 -0.9668
vn 0.7657 0.6172 0.1808
vn 0.7721 0.6190 -0.1442
vn 0.4698 0.8671 -0.1654
vn 0.4666 0.8602 0.2057
vn -0.0646 -0.1727 0.9829
vn 0.4143 -0.3172 0.8531
vn 0.5406 -0.0070 0.8412
vn 0.1128 0.1730 0.9784
vn -0.2969 -0.6209 -0.7255
vn 0.2279 -0.7414 -0.6312
vn 0.2281 -0.7410 0.6316
vn -0.2965 -0.6204 0.7261
vn 0.3703 0.6736 -0.6397
vn 0.6830 0.4397 -0.5832
vn 0.3444 0.6233 0.7021
vn 0.6643 0.3880 0.6389
vn 0.7293 -0.6785 0.0884
vn 0.7720 -0.5498 0.3189
vn 0.8413 -0.3176 -0.4375
vn 0.7720 -0.5498 -0.3189
vn 0.8832 -0.1608 0.4406
vn 0.9437 0.0758 0.3219
vn 0.9709 0.2287 -0.0718
vn 0.9483 0.0943 -0.3029
vn 0.9661 -0.2581 -0.0000
vn 0.1054 -0.0321 0.9939
vn 0.1958 0.2632 0.9447
vn 0.1989 0.2613 0.9445
vn 0.1056 -0.0317 0.9939
vn 0.3349 0.8713 0.3587
vn 0.3198 0.9474 0.0116
vn 0.3198 0.9474 0.0114
vn 0.3285 0.8743 0.3573
vn 0.3300 0.8878 -0.3209
vn 0.3358 0.8862 -0.3192
vn 0.2046 0.2840 -0.9367
vn 0.1066 -0.0274 -0.9939
vn 0.1068 -0.0271 -0.9939
vn 0.2011 0.2843 -0.9374
vn 0.0345 -0.3366 -0.9410
vn 0.0381 -0.3365 -0.9409
vn -0.1480 -0.9260 -0.3474
vn -0.1971 -0.9804 0.0045
vn -0.1970 -0.9804 0.0043
vn -0.1550 -0.9254 -0.3459
vn -0.1558 -0.9277 0.3393
vn -0.1498 -0.9293 0.3376
vn 0.0369 -0.3417 0.9391
vn 0.0337 -0.3400 0.9398
vn 0.0043 0.6843 0.7292
vn -0.0003 -0.0507 0.9987
vn 0.3585 -0.0038 0.9335
vn 0.3665 0.6681 0.6475
vn 0.0063 1.0000 -0.0000
vn 0.3681 0.9298 -0.0003
vn 0.3669 0.6681 -0.6473
vn 0.0042 0.6843 -0.7292
vn 0.3585 -0.0037 -0.9335
vn -0.0002 -0.0508 -0.9987
vn 0.3562 -0.6743 -0.6468
vn -0.0042 -0.7578 -0.6524
vn 0.3541 -0.9352 0.0003
vn -0.0055 -1.0000 -0.0000
vn -0.0043 -0.7578 0.6524
vn 0.3565 -0.6744 0.6466
vn 0.7078 -0.0077 0.7064
vn 0.7368 0.4853 0.4707
vn 0.7137 0.7004 -0.0009
vn 0.7365 0.4862 -0.4704
vn 0.7078 -0.0073 -0.7064
vn 0.7281 -0.4991 -0.4699
vn 0.7013 -0.7129 0.0009
vn 0.7277 -0.5000 0.4696
vn 0.9999 -0.0116 -0.0000
vn 0.9998 -0.0191 -0.0071
vn 0.9999 -0.0116 -0.0113
vn 0.9997 -0.0227 -0.0000
vn 0.9998 -0.0191 0.0071
vn 0.9999 -0.0116 0.0113
vn 1.0000 -0.0041 0.0071
vn 1.0000 -0.0005 -0.0000
vn 1.0000 -0.0041 -0.0071
vn 0.8412 -0.3176 0.4375
vn 0.9705 0.2231 0.0917
vn 0.8885 -0.1409 -0.4368
vn 0.7293 -0.6785 -0.0884
vn 0.9997 0.0242 -0.0058
vn -0.9945 0.0153 0.1040
vn 0.9889 0.0744 -0.1285
vn 0.9924 0.0769 -0.0958
vn 0.0100 -0.8404 0.5420
vn 0.9995 -0.0197 0.0245
vn 0.9953 -0.0531 -0.0811
vn 0.9997 -0.0236 -0.0027
vn -0.9999 -0.0113 0.0097
vn 0.6613 -0.7496 0.0265
vn 0.7661 0.6428 -0.0000
vn 0.7661 -0.6428 -0.0000
vn 0.7562 -0.6543 -0.0000
vn -0.3449 -0.9386 -0.0000
vn -0.5351 0.8448 -0.0000
vn -0.5351 -0.8448 -0.0000
vn -0.3449 0.9386 -0.0000
vn -0.7661 0.6428 -0.0000
vn -0.7661 -0.6428 -0.0000
vn 0.3642 0.0547 -0.9297
vn -0.8808 0.4736 -0.0000
vn -0.8808 -0.4736 -0.0000
vn -0.9332 0.3396 -0.1176
vn -0.9931 0.0000 -0.1176
vn -0.7607 0.6383 -0.1176
vn -0.4965 0.8600 -0.1176
vn -0.1724 0.9780 -0.1176
vn 0.1724 0.9780 -0.1176
vn 0.4965 0.8600 -0.1176
vn 0.7607 0.6383 -0.1176
vn 0.9332 0.3396 -0.1176
vn 0.9931 0.0000 -0.1176
vn 0.9332 -0.3396 -0.1176
vn 0.7607 -0.6383 -0.1176
vn 0.4965 -0.8600 -0.1176
vn 0.1724 -0.9780 -0.1176
vn -0.1724 -0.9780 -0.1176
vn -0.4965 -0.8600 -0.1176
vn -0.7607 -0.6383 -0.1176
vn -0.9332 -0.3396 -0.1176
vn -0.1063 0.0000 -0.9943
vn -0.0999 0.0364 -0.9943
vn -0.3427 0.1247 -0.9311
vn -0.3647 0.0000 -0.9311
vn -0.0999 -0.0364 -0.9943
vn -0.3427 -0.1247 -0.9311
vn -0.2794 -0.2344 -0.9311
vn -0.0815 -0.0683 -0.9943
vn -0.1824 -0.3159 -0.9311
vn -0.0532 -0.0921 -0.9943
vn -0.0633 -0.3592 -0.9311
vn -0.0185 -0.1047 -0.9943
vn 0.0633 -0.3592 -0.9311
vn 0.0185 -0.1047 -0.9943
vn 0.1824 -0.3159 -0.9311
vn 0.0532 -0.0921 -0.9943
vn 0.2794 -0.2344 -0.9311
vn 0.0815 -0.0683 -0.9943
vn 0.3427 -0.1247 -0.9311
vn 0.0999 -0.0364 -0.9943
vn 0.3647 0.0000 -0.9311
vn 0.1063 0.0000 -0.9943
vn 0.3427 0.1247 -0.9311
vn 0.0999 0.0364 -0.9943
vn 0.2794 0.2344 -0.9311
vn 0.0815 0.0683 -0.9943
vn 0.1824 0.3159 -0.9311
vn 0.0532 0.0921 -0.9943
vn 0.0633 0.3592 -0.9311
vn 0.0185 0.1047 -0.9943
vn -0.0633 0.3592 -0.9311
vn -0.0185 0.1047 -0.9943
vn -0.1824 0.3159 -0.9311
vn -0.0532 0.0921 -0.9943
vn -0.2794 0.2344 -0.9311
vn -0.0815 0.0683 -0.9943
vn -0.7910 0.2879 -0.5398
vn -0.8418 0.0000 -0.5398
vn -0.6449 0.5411 -0.5398
vn -0.4209 0.7290 -0.5398
vn -0.1462 0.8290 -0.5398
vn 0.1462 0.8290 -0.5398
vn 0.4209 0.7290 -0.5398
vn 0.6449 0.5411 -0.5398
vn 0.7910 0.2879 -0.5398
vn 0.8418 0.0000 -0.5398
vn 0.7910 -0.2879 -0.5398
vn 0.6449 -0.5411 -0.5398
vn 0.4209 -0.7290 -0.5398
vn 0.1462 -0.8290 -0.5398
vn -0.1462 -0.8290 -0.5398
vn -0.4209 -0.7290 -0.5398
vn -0.6449 -0.5411 -0.5398
vn -0.7910 -0.2879 -0.5398
vn -0.0366 0.0000 0.9993
vn -0.0199 0.0000 0.9998
vn -0.0188 0.0068 0.9998
vn -0.0344 0.0125 0.9993
vn -0.0344 -0.0125 0.9993
vn -0.0188 -0.0068 0.9998
vn -0.0154 -0.0129 0.9998
vn -0.0280 -0.0235 0.9993
vn -0.0183 -0.0317 0.9993
vn -0.0100 -0.0174 0.9998
vn -0.0064 -0.0360 0.9993
vn -0.0034 -0.0197 0.9998
vn 0.0064 -0.0360 0.9993
vn 0.0034 -0.0197 0.9998
vn 0.0183 -0.0317 0.9993
vn 0.0100 -0.0174 0.9998
vn 0.0280 -0.0235 0.9993
vn 0.0154 -0.0129 0.9998
vn 0.0344 -0.0125 0.9993
vn 0.0188 -0.0068 0.9998
vn 0.0374 -0.0007 0.9993
vn 0.0193 -0.0011 0.9998
vn 0.0359 0.0138 0.9993
vn 0.0206 0.0079 0.9998
vn 0.0280 0.0235 0.9993
vn 0.0151 0.0132 0.9998
vn 0.0183 0.0317 0.9993
vn 0.0100 0.0174 0.9998
vn 0.0064 0.0360 0.9993
vn 0.0034 0.0197 0.9998
vn -0.0064 0.0360 0.9993
vn -0.0034 0.0197 0.9998
vn -0.0183 0.0317 0.9993
vn -0.0100 0.0175 0.9998
vn -0.0280 0.0235 0.9993
vn -0.0155 0.0129 0.9998
vn -0.9695 0.2441 0.0212
vn -0.9697 -0.2442 0.0001
vn 0.7562 0.6543 -0.0000
vn 0.0003 -0.0008 1.0000
vn -0.0003 -0.0008 1.0000
vn -0.0007 0.0003 1.0000
vn -0.0010 0.0000 1.0000
vn -0.0006 -0.0003 1.0000
vn -0.0003 0.0008 1.0000
vn 0.0003 0.0008 1.0000
vn 0.0007 -0.0003 1.0000
vn 0.0010 0.0000 1.0000
vn 0.0007 0.0003 1.0000
vn -0.0004 0.0003 1.0000
vn 0.0004 0.0003 1.0000
vn -0.0003 0.0004 1.0000
vn -0.0002 -0.0004 1.0000
vn -0.0004 -0.0003 1.0000
vn 0.0004 -0.0003 1.0000
vn 0.0003 -0.0004 1.0000
vn 0.0003 0.0004 1.0000
vn 0.0002 0.0001 1.0000
vn -0.0002 0.0001 1.0000
vn -0.0001 0.0002 1.0000
vn -0.0002 -0.0001 1.0000
vn -0.0001 -0.0002 1.0000
vn 0.0001 -0.0002 1.0000
vn 0.0002 -0.0001 1.0000
vn -0.0416 0.1650 0.9854
vn -0.1577 0.0233 0.9872
vn 0.0418 -0.1644 0.9855
vn 0.1583 -0.0230 0.9871
vn 0.0001 0.0002 1.0000
vn -0.0455 -0.1688 0.9846
vn -0.1577 -0.0233 0.9872
vn 0.0457 0.1682 0.9847
vn 0.2986 0.0434 0.9534
vn -0.3482 -0.0865 0.9334
vn -0.3478 -0.0899 0.9332
vn -0.2981 0.0440 0.9535
vn -0.3812 0.0269 0.9241
vn -0.3641 0.0547 0.9297
vn -0.3757 0.0886 0.9225
vn -0.3072 -0.0708 0.9490
vn -0.1106 -0.2937 0.9495
vn 0.0112 -0.3589 0.9333
vn 0.0082 -0.3583 0.9336
vn 0.1011 -0.3021 0.9479
vn 0.2986 -0.0434 0.9534
vn 0.3473 0.0865 0.9337
vn 0.3469 0.0880 0.9338
vn 0.3473 -0.0865 0.9337
vn 0.3469 -0.0880 0.9338
vn 0.1113 0.2931 0.9496
vn -0.0112 0.3589 0.9333
vn -0.0080 0.3583 0.9336
vn -0.1005 0.3027 0.9478
vn -0.9690 -0.2469 -0.0000
vn -0.9880 0.1544 -0.0000
vn -0.9506 0.3104 -0.0000
vn -0.7065 -0.7077 -0.0000
vn 0.0002 -1.0000 -0.0000
vn 0.1758 -0.9844 -0.0000
vn -0.1754 -0.9845 -0.0000
vn 0.7095 -0.7047 -0.0000
vn 0.8807 0.4737 -0.0000
vn 0.8807 -0.4737 -0.0000
vn 0.7095 0.7047 -0.0000
vn 0.0002 1.0000 -0.0000
vn -0.1754 0.9845 -0.0000
vn 0.1758 0.9844 -0.0000
vn -0.7065 0.7077 -0.0000
vn 0.1737 0.9848 -0.0000
vn -0.7562 -0.6543 -0.0000
vn 0.3449 -0.9386 -0.0000
vn 0.5351 0.8448 -0.0000
vn 0.5351 -0.8448 -0.0000
vn 0.3449 0.9386 -0.0000
vn -0.3642 0.0547 0.9297
vn -0.8808 -0.4735 -0.0000
vn -0.9880 0.1543 -0.0000
vn 0.8808 0.4736 -0.0000
vn 0.8808 -0.4736 -0.0000
# 1775 vertex normals

vt 0.7664 0.1116 0.0000
vt 0.7681 0.1335 0.0000
vt 0.7681 0.2091 0.0000
vt 0.7613 0.2489 0.0000
vt 0.7664 0.2309 0.0000
vt 0.7438 0.2639 0.0000
vt 0.7250 0.2725 0.0000
vt 0.7251 0.0701 0.0000
vt 0.6191 0.2183 0.0000
vt 0.6191 0.1243 0.0000
vt 0.6191 0.0303 0.0000
vt 0.6191 0.3123 0.0000
vt 0.7438 0.0787 0.0000
vt 0.7613 0.0937 0.0000
vt 0.2045 0.8035 0.0000
vt 0.1286 0.8035 0.0000
vt 0.1290 0.7807 0.0000
vt 0.2045 0.7807 0.0000
vt 0.5772 0.2173 0.0000
vt 0.5769 0.1256 0.0000
vt 0.5919 0.1237 0.0000
vt 0.5919 0.2189 0.0000
vt 0.2045 0.3066 0.0000
vt 0.1287 0.3066 0.0000
vt 0.1291 0.2847 0.0000
vt 0.2045 0.2847 0.0000
vt 0.1276 0.3240 0.0000
vt 0.2045 0.3240 0.0000
vt 0.2045 0.3376 0.0000
vt 0.1257 0.3376 0.0000
vt 0.2045 0.3566 0.0000
vt 0.1231 0.3566 0.0000
vt 0.5996 0.2197 0.0000
vt 0.5996 0.1228 0.0000
vt 0.6139 0.1246 0.0000
vt 0.6144 0.2178 0.0000
vt 0.3016 0.0079 0.0000
vt 0.2045 0.0079 0.0000
vt 0.2045 0.0000 0.0000
vt 0.3029 0.0000 0.0000
vt 0.5953 0.2198 0.0000
vt 0.5953 0.1226 0.0000
vt 0.0485 0.7027 0.0000
vt 0.0514 0.7019 0.0000
vt 0.0521 0.7809 0.0000
vt 0.0485 0.7802 0.0000
vt 0.0507 0.8026 0.0000
vt 0.0477 0.8028 0.0000
vt 0.0485 0.7812 0.0000
vt 0.0490 0.8218 0.0000
vt 0.0459 0.8214 0.0000
vt 0.0480 0.8037 0.0000
vt 0.0454 0.8374 0.0000
vt 0.0423 0.8370 0.0000
vt 0.0464 0.8213 0.0000
vt 0.0404 0.8567 0.0000
vt 0.0370 0.8565 0.0000
vt 0.0421 0.8369 0.0000
vt 0.0083 0.9663 0.0000
vt 0.0369 0.8566 0.0000
vt 0.0107 0.9672 0.0000
vt 0.0484 0.6613 0.0000
vt 0.0510 0.6798 0.0000
vt 0.0479 0.6791 0.0000
vt 0.0456 0.6611 0.0000
vt 0.0476 0.6801 0.0000
vt 0.0485 0.7019 0.0000
vt 0.0463 0.6614 0.0000
vt 0.0423 0.6458 0.0000
vt 0.0459 0.6466 0.0000
vt 0.0421 0.6455 0.0000
vt 0.0370 0.6262 0.0000
vt 0.0405 0.6261 0.0000
vt 0.0124 0.5146 0.0000
vt 0.0369 0.6261 0.0000
vt 0.0089 0.5165 0.0000
vt 0.0071 0.5112 0.0000
vt 0.0035 0.5130 0.0000
vt 0.0000 0.4949 0.0000
vt 0.0066 0.4910 0.0000
vt 0.0111 0.5110 0.0000
vt 0.3008 0.0256 0.0000
vt 0.2045 0.0256 0.0000
vt 0.0092 0.9710 0.0000
vt 0.0123 0.9715 0.0000
vt 0.0038 0.9875 0.0000
vt 0.0055 0.9695 0.0000
vt 0.0106 0.9907 0.0000
vt 0.4090 0.1336 0.0000
vt 0.4139 0.1338 0.0000
vt 0.4139 0.2082 0.0000
vt 0.4090 0.2084 0.0000
vt 0.5789 0.0156 0.0000
vt 0.5635 0.0215 0.0000
vt 0.5617 0.0181 0.0000
vt 0.5788 0.0121 0.0000
vt 0.7398 0.0544 0.0000
vt 0.7408 0.0500 0.0000
vt 0.7593 0.0571 0.0000
vt 0.7588 0.0617 0.0000
vt 0.4168 0.0813 0.0000
vt 0.4206 0.0830 0.0000
vt 0.4167 0.0968 0.0000
vt 0.4123 0.0974 0.0000
vt 0.4123 0.0951 0.0000
vt 0.4146 0.1132 0.0000
vt 0.4099 0.1137 0.0000
vt 0.4090 0.1340 0.0000
vt 0.4098 0.1123 0.0000
vt 0.4146 0.2288 0.0000
vt 0.4098 0.2297 0.0000
vt 0.4090 0.2080 0.0000
vt 0.4167 0.2452 0.0000
vt 0.4123 0.2469 0.0000
vt 0.4099 0.2283 0.0000
vt 0.4206 0.2590 0.0000
vt 0.4168 0.2607 0.0000
vt 0.4123 0.2446 0.0000
vt 0.7592 0.2855 0.0000
vt 0.7407 0.2926 0.0000
vt 0.7398 0.2882 0.0000
vt 0.7587 0.2809 0.0000
vt 0.6026 0.3194 0.0000
vt 0.5997 0.3165 0.0000
vt 0.6145 0.3108 0.0000
vt 0.7403 0.2928 0.0000
vt 0.6340 0.3317 0.0000
vt 0.6341 0.3277 0.0000
vt 0.4717 0.0742 0.0000
vt 0.5766 0.0339 0.0000
vt 0.4327 0.1133 0.0000
vt 0.4537 0.0839 0.0000
vt 0.4717 0.2683 0.0000
vt 0.5775 0.3090 0.0000
vt 0.4376 0.2458 0.0000
vt 0.4537 0.2587 0.0000
vt 0.4327 0.2293 0.0000
vt 0.4310 0.2085 0.0000
vt 0.4310 0.1341 0.0000
vt 0.4376 0.0967 0.0000
vt 0.7404 0.0498 0.0000
vt 0.6341 0.0148 0.0000
vt 0.6350 0.0111 0.0000
vt 0.5787 0.3303 0.0000
vt 0.5616 0.3245 0.0000
vt 0.5643 0.3215 0.0000
vt 0.5787 0.3270 0.0000
vt 0.7891 0.2090 0.0000
vt 0.7891 0.1330 0.0000
vt 0.7883 0.1110 0.0000
vt 0.7861 0.0930 0.0000
vt 0.7824 0.0789 0.0000
vt 0.7614 0.0792 0.0000
vt 0.6171 0.0081 0.0000
vt 0.6024 0.0233 0.0000
vt 0.6026 0.0185 0.0000
vt 0.6145 0.0056 0.0000
vt 0.5919 0.0280 0.0000
vt 0.4589 0.0620 0.0000
vt 0.4538 0.0813 0.0000
vt 0.4409 0.0690 0.0000
vt 0.4376 0.0839 0.0000
vt 0.4376 0.2587 0.0000
vt 0.4590 0.2806 0.0000
vt 0.4410 0.2736 0.0000
vt 0.4539 0.2613 0.0000
vt 0.5918 0.3145 0.0000
vt 0.6172 0.3345 0.0000
vt 0.6148 0.3369 0.0000
vt 0.6029 0.3240 0.0000
vt 0.7824 0.2631 0.0000
vt 0.7614 0.2634 0.0000
vt 0.7861 0.2490 0.0000
vt 0.7883 0.2310 0.0000
vt 0.6140 0.0320 0.0000
vt 0.5996 0.0260 0.0000
vt 0.2045 0.7022 0.0000
vt 0.2800 0.7022 0.0000
vt 0.2800 0.7807 0.0000
vt 0.2860 0.6260 0.0000
vt 0.2045 0.6260 0.0000
vt 0.2045 0.5146 0.0000
vt 0.3006 0.5146 0.0000
vt 0.2804 0.6794 0.0000
vt 0.2045 0.6794 0.0000
vt 0.2045 0.6609 0.0000
vt 0.2815 0.6608 0.0000
vt 0.2045 0.6454 0.0000
vt 0.2834 0.6454 0.0000
vt 0.2045 0.1844 0.0000
vt 0.2803 0.1844 0.0000
vt 0.2799 0.2063 0.0000
vt 0.2045 0.2063 0.0000
vt 0.2045 0.1670 0.0000
vt 0.2815 0.1670 0.0000
vt 0.2833 0.1534 0.0000
vt 0.2045 0.1534 0.0000
vt 0.2045 0.1344 0.0000
vt 0.2859 0.1344 0.0000
vt 0.2045 0.4831 0.0000
vt 0.2045 0.4654 0.0000
vt 0.3005 0.4654 0.0000
vt 0.3016 0.4831 0.0000
vt 0.4894 0.4394 0.0000
vt 0.5069 0.4304 0.0000
vt 0.5287 0.4286 0.0000
vt 0.6256 0.4300 0.0000
vt 0.6038 0.4284 0.0000
vt 0.6431 0.4389 0.0000
vt 0.6573 0.4496 0.0000
vt 0.6674 0.4712 0.0000
vt 0.4654 0.4719 0.0000
vt 0.7077 0.5767 0.0000
vt 0.6138 0.5771 0.0000
vt 0.5198 0.5774 0.0000
vt 0.4259 0.5777 0.0000
vt 0.4754 0.4502 0.0000
vt 0.1231 0.8569 0.0000
vt 0.2045 0.8569 0.0000
vt 0.2045 0.9672 0.0000
vt 0.1076 0.9672 0.0000
vt 0.2045 0.8220 0.0000
vt 0.1276 0.8221 0.0000
vt 0.2045 0.8375 0.0000
vt 0.1256 0.8375 0.0000
vt 0.1291 0.2063 0.0000
vt 0.1085 0.4654 0.0000
vt 0.5191 0.6049 0.0000
vt 0.6147 0.6045 0.0000
vt 0.6127 0.6196 0.0000
vt 0.5208 0.6196 0.0000
vt 0.3000 0.5087 0.0000
vt 0.2041 0.5096 0.0000
vt 0.2045 0.4910 0.0000
vt 0.3035 0.4910 0.0000
vt 0.5210 0.5813 0.0000
vt 0.6127 0.5814 0.0000
vt 0.6153 0.5966 0.0000
vt 0.5184 0.5969 0.0000
vt 0.6159 0.6010 0.0000
vt 0.5180 0.6014 0.0000
vt 0.2045 0.9706 0.0000
vt 0.1088 0.9706 0.0000
vt 0.3572 0.7810 0.0000
vt 0.3582 0.7015 0.0000
vt 0.3605 0.7027 0.0000
vt 0.3605 0.7802 0.0000
vt 0.3605 0.7810 0.0000
vt 0.3614 0.8028 0.0000
vt 0.3586 0.8022 0.0000
vt 0.3612 0.8038 0.0000
vt 0.3634 0.8218 0.0000
vt 0.3610 0.8204 0.0000
vt 0.3645 0.8365 0.0000
vt 0.3627 0.8215 0.0000
vt 0.3667 0.8371 0.0000
vt 0.3686 0.8565 0.0000
vt 0.3670 0.8374 0.0000
vt 0.3721 0.8567 0.0000
vt 0.4007 0.9663 0.0000
vt 0.4009 0.9671 0.0000
vt 0.3722 0.8568 0.0000
vt 0.3611 0.6792 0.0000
vt 0.3586 0.6794 0.0000
vt 0.3593 0.6608 0.0000
vt 0.3632 0.6615 0.0000
vt 0.3613 0.6802 0.0000
vt 0.3605 0.7019 0.0000
vt 0.3626 0.6616 0.0000
vt 0.3623 0.6454 0.0000
vt 0.3667 0.6459 0.0000
vt 0.3669 0.6460 0.0000
vt 0.3674 0.6260 0.0000
vt 0.3720 0.6264 0.0000
vt 0.3966 0.5146 0.0000
vt 0.4001 0.5166 0.0000
vt 0.3721 0.6263 0.0000
vt 0.3968 0.5088 0.0000
vt 0.4024 0.4910 0.0000
vt 0.4090 0.4949 0.0000
vt 0.4019 0.5112 0.0000
vt 0.4055 0.5130 0.0000
vt 0.4033 0.9883 0.0000
vt 0.3962 0.9907 0.0000
vt 0.3959 0.9706 0.0000
vt 0.3998 0.9714 0.0000
vt 0.4036 0.9703 0.0000
vt 0.6039 0.4076 0.0000
vt 0.5290 0.4079 0.0000
vt 0.5293 0.4031 0.0000
vt 0.6036 0.4028 0.0000
vt 0.7229 0.5617 0.0000
vt 0.7267 0.5609 0.0000
vt 0.7324 0.5762 0.0000
vt 0.7297 0.5786 0.0000
vt 0.6803 0.4370 0.0000
vt 0.6874 0.4554 0.0000
vt 0.6830 0.4564 0.0000
vt 0.6757 0.4375 0.0000
vt 0.6519 0.4147 0.0000
vt 0.6654 0.4230 0.0000
vt 0.6628 0.4264 0.0000
vt 0.6492 0.4180 0.0000
vt 0.6351 0.4066 0.0000
vt 0.6513 0.4138 0.0000
vt 0.6324 0.4105 0.0000
vt 0.6253 0.4034 0.0000
vt 0.6257 0.4083 0.0000
vt 0.6045 0.4028 0.0000
vt 0.5076 0.4039 0.0000
vt 0.5284 0.4031 0.0000
vt 0.5072 0.4088 0.0000
vt 0.4837 0.4184 0.0000
vt 0.4820 0.4140 0.0000
vt 0.4980 0.4069 0.0000
vt 0.5006 0.4108 0.0000
vt 0.4703 0.4269 0.0000
vt 0.4676 0.4235 0.0000
vt 0.4811 0.4151 0.0000
vt 0.4497 0.4573 0.0000
vt 0.4452 0.4564 0.0000
vt 0.4523 0.4379 0.0000
vt 0.4569 0.4383 0.0000
vt 0.4191 0.5943 0.0000
vt 0.4279 0.5811 0.0000
vt 0.4215 0.5972 0.0000
vt 0.4451 0.4568 0.0000
vt 0.4106 0.5628 0.0000
vt 0.4066 0.5629 0.0000
vt 0.4918 0.7548 0.0000
vt 0.4796 0.7431 0.0000
vt 0.4701 0.7252 0.0000
vt 0.7045 0.6195 0.0000
vt 0.4290 0.6196 0.0000
vt 0.6645 0.7246 0.0000
vt 0.6545 0.7431 0.0000
vt 0.6258 0.7628 0.0000
vt 0.6423 0.7550 0.0000
vt 0.5302 0.7659 0.0000
vt 0.6047 0.7656 0.0000
vt 0.5091 0.7632 0.0000
vt 0.6877 0.4560 0.0000
vt 0.7266 0.5608 0.0000
vt 0.4039 0.5796 0.0000
vt 0.4013 0.5774 0.0000
vt 0.7322 0.5812 0.0000
vt 0.7197 0.5935 0.0000
vt 0.7145 0.5934 0.0000
vt 0.7103 0.6042 0.0000
vt 0.7227 0.6172 0.0000
vt 0.7169 0.6326 0.0000
vt 0.6576 0.7424 0.0000
vt 0.6768 0.7373 0.0000
vt 0.6699 0.7553 0.0000
vt 0.6644 0.7615 0.0000
vt 0.6528 0.7728 0.0000
vt 0.6473 0.7725 0.0000
vt 0.6315 0.7798 0.0000
vt 0.6279 0.7805 0.0000
vt 0.6066 0.7833 0.0000
vt 0.6051 0.7828 0.0000
vt 0.5305 0.7830 0.0000
vt 0.5290 0.7836 0.0000
vt 0.5077 0.7809 0.0000
vt 0.5041 0.7804 0.0000
vt 0.4882 0.7733 0.0000
vt 0.4831 0.7738 0.0000
vt 0.4708 0.7626 0.0000
vt 0.4771 0.7430 0.0000
vt 0.4649 0.7559 0.0000
vt 0.4579 0.7380 0.0000
vt 0.4111 0.6185 0.0000
vt 0.4235 0.6052 0.0000
vt 0.4166 0.6328 0.0000
vt 0.4142 0.5943 0.0000
vt 0.4014 0.5821 0.0000
vt 0.7122 0.5962 0.0000
vt 0.7057 0.5808 0.0000
vt 0.2034 0.9907 0.0000
vt 0.1070 0.9907 0.0000
vt 0.1074 0.4831 0.0000
vt 0.1055 0.4910 0.0000
vt 0.3692 0.7611 0.0000
vt 0.3693 0.6873 0.0000
vt 0.3648 0.6873 0.0000
vt 0.3654 0.7611 0.0000
vt 0.4214 0.7692 0.0000
vt 0.3770 0.7691 0.0000
vt 0.3794 0.7726 0.0000
vt 0.4236 0.7732 0.0000
vt 0.4294 0.6873 0.0000
vt 0.4290 0.7609 0.0000
vt 0.4339 0.7610 0.0000
vt 0.4332 0.6871 0.0000
vt 0.3794 0.6757 0.0000
vt 0.3771 0.6794 0.0000
vt 0.4215 0.6790 0.0000
vt 0.4236 0.6751 0.0000
vt 0.3645 0.7670 0.0000
vt 0.3686 0.7666 0.0000
vt 0.3684 0.6817 0.0000
vt 0.3641 0.6814 0.0000
vt 0.4300 0.7730 0.0000
vt 0.4277 0.7690 0.0000
vt 0.4313 0.6806 0.0000
vt 0.4268 0.6812 0.0000
vt 0.3736 0.7730 0.0000
vt 0.3713 0.7694 0.0000
vt 0.3736 0.6754 0.0000
vt 0.3713 0.6791 0.0000
vt 0.4322 0.7662 0.0000
vt 0.4275 0.7659 0.0000
vt 0.4265 0.6791 0.0000
vt 0.4289 0.6753 0.0000
vt 0.3709 0.6880 0.0000
vt 0.3730 0.6834 0.0000
vt 0.3717 0.6819 0.0000
vt 0.3775 0.7671 0.0000
vt 0.3729 0.7649 0.0000
vt 0.3716 0.7666 0.0000
vt 0.4210 0.6814 0.0000
vt 0.4254 0.6831 0.0000
vt 0.4274 0.7603 0.0000
vt 0.4259 0.7645 0.0000
vt 0.3777 0.6812 0.0000
vt 0.3989 0.7143 0.0000
vt 0.4059 0.7167 0.0000
vt 0.4087 0.7241 0.0000
vt 0.4276 0.6881 0.0000
vt 0.4062 0.7314 0.0000
vt 0.3990 0.7341 0.0000
vt 0.4209 0.7670 0.0000
vt 0.3919 0.7315 0.0000
vt 0.3893 0.7241 0.0000
vt 0.3709 0.7603 0.0000
vt 0.3919 0.7168 0.0000
vt 0.3990 0.7157 0.0000
vt 0.4051 0.7178 0.0000
vt 0.4076 0.7242 0.0000
vt 0.4055 0.7303 0.0000
vt 0.3990 0.7326 0.0000
vt 0.3928 0.7304 0.0000
vt 0.3904 0.7241 0.0000
vt 0.3927 0.7179 0.0000
vt 0.3990 0.7190 0.0000
vt 0.4033 0.7204 0.0000
vt 0.4044 0.7242 0.0000
vt 0.4034 0.7280 0.0000
vt 0.3990 0.7293 0.0000
vt 0.3947 0.7279 0.0000
vt 0.3936 0.7241 0.0000
vt 0.3947 0.7203 0.0000
vt 0.3844 0.6442 0.0000
vt 0.3844 0.6392 0.0000
vt 0.4046 0.6392 0.0000
vt 0.4046 0.6442 0.0000
vt 0.3844 0.6486 0.0000
vt 0.4046 0.6486 0.0000
vt 0.4046 0.6531 0.0000
vt 0.3844 0.6531 0.0000
vt 0.4046 0.6203 0.0000
vt 0.3844 0.6203 0.0000
vt 0.3844 0.6153 0.0000
vt 0.4046 0.6153 0.0000
vt 0.4046 0.6253 0.0000
vt 0.3844 0.6253 0.0000
vt 0.4046 0.6298 0.0000
vt 0.3844 0.6298 0.0000
vt 0.3844 0.6342 0.0000
vt 0.4046 0.6342 0.0000
vt 0.3884 0.6548 0.0000
vt 0.3887 0.6554 0.0000
vt 0.3931 0.6556 0.0000
vt 0.3933 0.6549 0.0000
vt 0.3960 0.6586 0.0000
vt 0.3953 0.6589 0.0000
vt 0.3953 0.6629 0.0000
vt 0.3960 0.6631 0.0000
vt 0.3920 0.6661 0.0000
vt 0.3917 0.6655 0.0000
vt 0.3872 0.6653 0.0000
vt 0.3870 0.6660 0.0000
vt 0.3844 0.6623 0.0000
vt 0.3851 0.6620 0.0000
vt 0.3851 0.6580 0.0000
vt 0.3844 0.6578 0.0000
vt 0.3902 0.6604 0.0000
vt 0.3910 0.2342 0.0000
vt 0.4061 0.2342 0.0000
vt 0.4061 0.2572 0.0000
vt 0.3910 0.2572 0.0000
vt 0.3733 0.2572 0.0000
vt 0.3733 0.2342 0.0000
vt 0.3856 0.2342 0.0000
vt 0.3856 0.2572 0.0000
vt 0.3733 0.2065 0.0000
vt 0.3856 0.2065 0.0000
vt 0.3856 0.2130 0.0000
vt 0.3733 0.2130 0.0000
vt 0.3856 0.3372 0.0000
vt 0.3856 0.3444 0.0000
vt 0.3733 0.3444 0.0000
vt 0.3733 0.3372 0.0000
vt 0.3733 0.3116 0.0000
vt 0.3663 0.3116 0.0000
vt 0.3663 0.2878 0.0000
vt 0.3733 0.2878 0.0000
vt 0.3910 0.2878 0.0000
vt 0.4061 0.2878 0.0000
vt 0.4061 0.3116 0.0000
vt 0.3910 0.3116 0.0000
vt 0.3856 0.2878 0.0000
vt 0.3856 0.3116 0.0000
vt 0.3910 0.3372 0.0000
vt 0.3910 0.2130 0.0000
vt 0.3733 0.2303 0.0000
vt 0.3663 0.2342 0.0000
vt 0.3663 0.2130 0.0000
vt 0.3663 0.2572 0.0000
vt 0.3663 0.3372 0.0000
vt 0.4061 0.2745 0.0000
vt 0.3910 0.2745 0.0000
vt 0.3733 0.2745 0.0000
vt 0.3856 0.2745 0.0000
vt 0.3663 0.2745 0.0000
vt 0.7204 0.7727 0.0000
vt 0.9928 0.7727 0.0000
vt 0.9928 0.7818 0.0000
vt 0.7204 0.7818 0.0000
vt 0.7204 0.7636 0.0000
vt 0.9928 0.7636 0.0000
vt 0.7204 0.7545 0.0000
vt 0.9928 0.7545 0.0000
vt 0.7230 0.7480 0.0000
vt 0.9954 0.7480 0.0000
vt 0.7230 0.7389 0.0000
vt 0.9954 0.7389 0.0000
vt 0.7204 0.7272 0.0000
vt 0.9928 0.7272 0.0000
vt 0.7204 0.7181 0.0000
vt 0.9928 0.7181 0.0000
vt 0.9928 0.7909 0.0000
vt 0.7204 0.7909 0.0000
vt 0.9893 0.6998 0.0000
vt 0.9860 0.6997 0.0000
vt 0.9860 0.5972 0.0000
vt 0.9893 0.5972 0.0000
vt 0.9712 0.6043 0.0000
vt 0.9714 0.7143 0.0000
vt 0.9365 0.7142 0.0000
vt 0.9364 0.6037 0.0000
vt 0.9329 0.2754 0.0000
vt 0.9361 0.2722 0.0000
vt 0.9362 0.3827 0.0000
vt 0.9330 0.3843 0.0000
vt 0.9333 0.6021 0.0000
vt 0.9334 0.7110 0.0000
vt 0.9018 0.7117 0.0000
vt 0.9016 0.6031 0.0000
vt 0.8899 0.7002 0.0000
vt 0.8898 0.5974 0.0000
vt 0.9969 0.1318 0.0000
vt 0.9965 0.2447 0.0000
vt 0.9932 0.2442 0.0000
vt 0.9936 0.1315 0.0000
vt 0.9788 0.2580 0.0000
vt 0.9791 0.1303 0.0000
vt 0.9442 0.1309 0.0000
vt 0.9440 0.2595 0.0000
vt 0.9444 0.0345 0.0000
vt 0.9411 0.0368 0.0000
vt 0.9411 0.0055 0.0000
vt 0.9445 0.0023 0.0000
vt 0.9410 0.1308 0.0000
vt 0.9409 0.2561 0.0000
vt 0.9094 0.2536 0.0000
vt 0.9094 0.1290 0.0000
vt 0.8981 0.2419 0.0000
vt 0.8979 0.1290 0.0000
vt 0.8709 0.6966 0.0000
vt 0.8676 0.6965 0.0000
vt 0.8673 0.4925 0.0000
vt 0.8706 0.4924 0.0000
vt 0.8524 0.4931 0.0000
vt 0.8529 0.7119 0.0000
vt 0.8174 0.7118 0.0000
vt 0.8169 0.4920 0.0000
vt 0.8131 0.2753 0.0000
vt 0.8164 0.2722 0.0000
vt 0.8166 0.3271 0.0000
vt 0.8132 0.3294 0.0000
vt 0.8135 0.4918 0.0000
vt 0.8139 0.7083 0.0000
vt 0.7825 0.7087 0.0000
vt 0.7822 0.4929 0.0000
vt 0.7709 0.6968 0.0000
vt 0.7706 0.4926 0.0000
vt 0.8942 0.1864 0.0000
vt 0.8940 0.2419 0.0000
vt 0.8908 0.2411 0.0000
vt 0.8909 0.1859 0.0000
vt 0.8746 0.1939 0.0000
vt 0.8745 0.2570 0.0000
vt 0.8399 0.1953 0.0000
vt 0.8398 0.2594 0.0000
vt 0.8400 0.0672 0.0000
vt 0.8365 0.0691 0.0000
vt 0.8365 0.0067 0.0000
vt 0.8400 0.0031 0.0000
vt 0.8366 0.1937 0.0000
vt 0.8367 0.2561 0.0000
vt 0.8051 0.2543 0.0000
vt 0.8051 0.1926 0.0000
vt 0.7935 0.2419 0.0000
vt 0.7934 0.1864 0.0000
vt 0.5379 0.3474 0.0000
vt 0.5370 0.3485 0.0000
vt 0.5367 0.3474 0.0000
vt 0.5971 0.3500 0.0000
vt 0.5962 0.3491 0.0000
vt 0.5971 0.3487 0.0000
vt 0.5354 0.3743 0.0000
vt 0.5363 0.3752 0.0000
vt 0.5354 0.3756 0.0000
vt 0.5948 0.3768 0.0000
vt 0.5957 0.3758 0.0000
vt 0.5960 0.3768 0.0000
vt 0.5948 0.3474 0.0000
vt 0.5948 0.3369 0.0000
vt 0.5960 0.3369 0.0000
vt 0.5960 0.3474 0.0000
vt 0.5379 0.3369 0.0000
vt 0.5367 0.3369 0.0000
vt 0.5973 0.3743 0.0000
vt 0.6079 0.3742 0.0000
vt 0.6079 0.3755 0.0000
vt 0.5973 0.3756 0.0000
vt 0.5379 0.3768 0.0000
vt 0.5379 0.3874 0.0000
vt 0.5367 0.3874 0.0000
vt 0.5367 0.3768 0.0000
vt 0.5379 0.3487 0.0000
vt 0.5379 0.3500 0.0000
vt 0.5367 0.3500 0.0000
vt 0.5354 0.3487 0.0000
vt 0.5363 0.3487 0.0000
vt 0.5354 0.3500 0.0000
vt 0.5958 0.3500 0.0000
vt 0.5960 0.3487 0.0000
vt 0.5948 0.3500 0.0000
vt 0.5948 0.3487 0.0000
vt 0.5367 0.3743 0.0000
vt 0.5367 0.3756 0.0000
vt 0.5379 0.3743 0.0000
vt 0.5379 0.3756 0.0000
vt 0.5948 0.3756 0.0000
vt 0.5948 0.3743 0.0000
vt 0.5960 0.3743 0.0000
vt 0.5964 0.3756 0.0000
vt 0.6077 0.3486 0.0000
vt 0.6077 0.3499 0.0000
vt 0.5248 0.3500 0.0000
vt 0.5248 0.3487 0.0000
vt 0.5960 0.3874 0.0000
vt 0.5948 0.3874 0.0000
vt 0.5248 0.3756 0.0000
vt 0.5248 0.3743 0.0000
vt 0.5663 0.3474 0.0000
vt 0.5663 0.3369 0.0000
vt 0.5663 0.3768 0.0000
vt 0.5663 0.3874 0.0000
vt 0.5663 0.3500 0.0000
vt 0.5663 0.3487 0.0000
vt 0.5663 0.3743 0.0000
vt 0.5663 0.3756 0.0000
vt 0.5972 0.3621 0.0000
vt 0.6078 0.3621 0.0000
vt 0.5354 0.3621 0.0000
vt 0.5248 0.3621 0.0000
vt 0.5948 0.3621 0.0000
vt 0.5959 0.3621 0.0000
vt 0.5379 0.3621 0.0000
vt 0.5367 0.3621 0.0000
vt 0.5663 0.3621 0.0000
vt 0.4551 0.3813 0.0000
vt 0.4478 0.3813 0.0000
vt 0.4478 0.3696 0.0000
vt 0.4551 0.3696 0.0000
vt 0.4942 0.3677 0.0000
vt 0.4825 0.3677 0.0000
vt 0.4825 0.3604 0.0000
vt 0.4942 0.3604 0.0000
vt 0.4550 0.3352 0.0000
vt 0.4550 0.3440 0.0000
vt 0.4478 0.3440 0.0000
vt 0.4477 0.3352 0.0000
vt 0.4138 0.3813 0.0000
vt 0.4138 0.3696 0.0000
vt 0.4227 0.3696 0.0000
vt 0.4227 0.3813 0.0000
vt 0.4344 0.4040 0.0000
vt 0.4344 0.3952 0.0000
vt 0.4478 0.3952 0.0000
vt 0.4478 0.4040 0.0000
vt 0.4227 0.3579 0.0000
vt 0.4478 0.3579 0.0000
vt 0.4664 0.3780 0.0000
vt 0.4687 0.3782 0.0000
vt 0.4685 0.3825 0.0000
vt 0.4663 0.3823 0.0000
vt 0.4343 0.3440 0.0000
vt 0.4343 0.3352 0.0000
vt 0.4550 0.3952 0.0000
vt 0.4550 0.4040 0.0000
vt 0.4477 0.3190 0.0000
vt 0.4550 0.3190 0.0000
vt 0.4708 0.3397 0.0000
vt 0.4825 0.3397 0.0000
vt 0.4708 0.3604 0.0000
vt 0.4550 0.4200 0.0000
vt 0.4478 0.4200 0.0000
vt 0.4551 0.3952 0.0000
vt 0.4551 0.3579 0.0000
vt 0.4551 0.3440 0.0000
vt 0.5037 0.3604 0.0000
vt 0.5037 0.3677 0.0000
vt 0.4708 0.3677 0.0000
vt 0.4610 0.3677 0.0000
vt 0.4610 0.3604 0.0000
vt 0.4227 0.3952 0.0000
vt 0.4138 0.3952 0.0000
vt 0.4138 0.3579 0.0000
vt 0.4138 0.3440 0.0000
vt 0.4227 0.3440 0.0000
vt 0.5081 0.3262 0.0000
vt 0.5081 0.3397 0.0000
vt 0.4942 0.3397 0.0000
vt 0.4942 0.3147 0.0000
vt 0.4569 0.3262 0.0000
vt 0.4708 0.3147 0.0000
vt 0.4569 0.3397 0.0000
vt 0.4746 0.3183 0.0000
vt 0.4825 0.3147 0.0000
vt 0.4825 0.3183 0.0000
vt 0.4904 0.3361 0.0000
vt 0.4905 0.3184 0.0000
vt 0.4825 0.3361 0.0000
vt 0.4745 0.3360 0.0000
vt 0.4761 0.3199 0.0000
vt 0.4826 0.3199 0.0000
vt 0.4889 0.3345 0.0000
vt 0.4891 0.3200 0.0000
vt 0.4825 0.3345 0.0000
vt 0.4760 0.3344 0.0000
vt 0.4789 0.3226 0.0000
vt 0.4826 0.3227 0.0000
vt 0.4862 0.3317 0.0000
vt 0.4863 0.3227 0.0000
vt 0.4825 0.3317 0.0000
vt 0.4788 0.3317 0.0000
vt 0.4245 0.3238 0.0000
vt 0.4245 0.3276 0.0000
vt 0.4138 0.3276 0.0000
vt 0.4138 0.3238 0.0000
vt 0.4150 0.3147 0.0000
vt 0.4254 0.3174 0.0000
vt 0.4771 0.3876 0.0000
vt 0.4772 0.3830 0.0000
vt 0.4877 0.3830 0.0000
vt 0.4876 0.3867 0.0000
vt 0.4254 0.3377 0.0000
vt 0.4150 0.3404 0.0000
vt 0.4138 0.3314 0.0000
vt 0.4245 0.3313 0.0000
vt 0.4575 0.3777 0.0000
vt 0.4602 0.3778 0.0000
vt 0.4600 0.3820 0.0000
vt 0.4573 0.3820 0.0000
vt 0.4758 0.3730 0.0000
vt 0.4749 0.3696 0.0000
vt 0.4765 0.3700 0.0000
vt 0.4770 0.3723 0.0000
vt 0.4745 0.3870 0.0000
vt 0.4746 0.3828 0.0000
vt 0.4743 0.3959 0.0000
vt 0.4752 0.3924 0.0000
vt 0.4764 0.3935 0.0000
vt 0.4758 0.3956 0.0000
vt 0.4300 0.3203 0.0000
vt 0.4298 0.3222 0.0000
vt 0.4772 0.3783 0.0000
vt 0.4747 0.3786 0.0000
vt 0.4669 0.3769 0.0000
vt 0.4700 0.3720 0.0000
vt 0.4720 0.3730 0.0000
vt 0.4594 0.3721 0.0000
vt 0.4633 0.3722 0.0000
vt 0.4298 0.3329 0.0000
vt 0.4300 0.3348 0.0000
vt 0.4570 0.3873 0.0000
vt 0.4599 0.3863 0.0000
vt 0.4586 0.3921 0.0000
vt 0.4572 0.3925 0.0000
vt 0.4684 0.3868 0.0000
vt 0.4715 0.3924 0.0000
vt 0.4694 0.3935 0.0000
vt 0.4664 0.3881 0.0000
vt 0.4717 0.3711 0.0000
vt 0.4711 0.3943 0.0000
vt 0.4569 0.3758 0.0000
vt 0.4580 0.3710 0.0000
vt 0.4661 0.3866 0.0000
vt 0.4625 0.3922 0.0000
vt 0.5081 0.3559 0.0000
vt 0.4569 0.3561 0.0000
vt 0.7103 0.3973 0.0000
vt 0.6972 0.3973 0.0000
vt 0.6972 0.3876 0.0000
vt 0.7105 0.3876 0.0000
vt 0.7224 0.3876 0.0000
vt 0.7224 0.3973 0.0000
vt 0.7140 0.3973 0.0000
vt 0.7140 0.3876 0.0000
vt 0.7255 0.4193 0.0000
vt 0.7133 0.4195 0.0000
vt 0.7139 0.4145 0.0000
vt 0.7223 0.4146 0.0000
vt 0.7139 0.3364 0.0000
vt 0.7137 0.3322 0.0000
vt 0.7220 0.3322 0.0000
vt 0.7222 0.3364 0.0000
vt 0.7224 0.3535 0.0000
vt 0.7271 0.3535 0.0000
vt 0.7271 0.3635 0.0000
vt 0.7224 0.3635 0.0000
vt 0.7105 0.3635 0.0000
vt 0.6972 0.3635 0.0000
vt 0.6972 0.3535 0.0000
vt 0.7103 0.3535 0.0000
vt 0.7140 0.3635 0.0000
vt 0.7140 0.3535 0.0000
vt 0.7099 0.3364 0.0000
vt 0.7099 0.4145 0.0000
vt 0.7271 0.4145 0.0000
vt 0.7271 0.3973 0.0000
vt 0.7271 0.3876 0.0000
vt 0.7271 0.3364 0.0000
vt 0.6972 0.3831 0.0000
vt 0.7105 0.3831 0.0000
vt 0.7224 0.3831 0.0000
vt 0.7140 0.3831 0.0000
vt 0.7271 0.3691 0.0000
vt 0.7224 0.3691 0.0000
vt 0.6972 0.3782 0.0000
vt 0.7105 0.3782 0.0000
vt 0.6972 0.3739 0.0000
vt 0.7105 0.3739 0.0000
vt 0.6972 0.3691 0.0000
vt 0.7105 0.3691 0.0000
vt 0.7224 0.3782 0.0000
vt 0.7140 0.3782 0.0000
vt 0.7224 0.3739 0.0000
vt 0.7140 0.3739 0.0000
vt 0.7140 0.3691 0.0000
vt 0.7271 0.3739 0.0000
vt 0.7271 0.3782 0.0000
vt 0.7271 0.3831 0.0000
vt 0.4711 0.9358 0.0000
vt 0.4711 0.9432 0.0000
vt 0.4530 0.9432 0.0000
vt 0.4530 0.9358 0.0000
vt 0.4890 0.9358 0.0000
vt 0.4890 0.9432 0.0000
vt 0.5069 0.9358 0.0000
vt 0.5069 0.9432 0.0000
vt 0.5249 0.9358 0.0000
vt 0.5249 0.9432 0.0000
vt 0.5430 0.9358 0.0000
vt 0.5430 0.9432 0.0000
vt 0.5614 0.9358 0.0000
vt 0.5614 0.9432 0.0000
vt 0.5801 0.9358 0.0000
vt 0.5801 0.9432 0.0000
vt 0.5990 0.9358 0.0000
vt 0.5990 0.9432 0.0000
vt 0.6179 0.9358 0.0000
vt 0.6179 0.9432 0.0000
vt 0.6366 0.9358 0.0000
vt 0.6366 0.9432 0.0000
vt 0.6552 0.9358 0.0000
vt 0.6552 0.9432 0.0000
vt 0.6739 0.9358 0.0000
vt 0.6739 0.9432 0.0000
vt 0.6925 0.9358 0.0000
vt 0.6925 0.9432 0.0000
vt 0.7113 0.9358 0.0000
vt 0.7113 0.9432 0.0000
vt 0.7303 0.9358 0.0000
vt 0.7303 0.9432 0.0000
vt 0.7495 0.9358 0.0000
vt 0.7495 0.9432 0.0000
vt 0.4344 0.9358 0.0000
vt 0.4344 0.9432 0.0000
vt 0.4153 0.9432 0.0000
vt 0.4153 0.9358 0.0000
vt 0.4711 0.9608 0.0000
vt 0.4711 0.9698 0.0000
vt 0.4530 0.9698 0.0000
vt 0.4530 0.9608 0.0000
vt 0.4890 0.9608 0.0000
vt 0.4890 0.9698 0.0000
vt 0.5069 0.9608 0.0000
vt 0.5069 0.9698 0.0000
vt 0.5249 0.9608 0.0000
vt 0.5249 0.9698 0.0000
vt 0.5430 0.9608 0.0000
vt 0.5430 0.9698 0.0000
vt 0.5614 0.9608 0.0000
vt 0.5614 0.9698 0.0000
vt 0.5801 0.9608 0.0000
vt 0.5801 0.9698 0.0000
vt 0.5990 0.9608 0.0000
vt 0.5990 0.9698 0.0000
vt 0.6179 0.9608 0.0000
vt 0.6179 0.9698 0.0000
vt 0.6366 0.9608 0.0000
vt 0.6366 0.9698 0.0000
vt 0.6552 0.9608 0.0000
vt 0.6552 0.9698 0.0000
vt 0.6739 0.9608 0.0000
vt 0.6739 0.9698 0.0000
vt 0.6925 0.9608 0.0000
vt 0.6925 0.9698 0.0000
vt 0.7113 0.9608 0.0000
vt 0.7113 0.9698 0.0000
vt 0.7303 0.9608 0.0000
vt 0.7303 0.9698 0.0000
vt 0.7495 0.9608 0.0000
vt 0.7495 0.9698 0.0000
vt 0.4344 0.9608 0.0000
vt 0.4344 0.9698 0.0000
vt 0.4153 0.9698 0.0000
vt 0.4153 0.9608 0.0000
vt 0.4711 0.9547 0.0000
vt 0.4530 0.9547 0.0000
vt 0.4344 0.9547 0.0000
vt 0.4153 0.9547 0.0000
vt 0.7303 0.9547 0.0000
vt 0.7495 0.9547 0.0000
vt 0.7113 0.9547 0.0000
vt 0.6925 0.9547 0.0000
vt 0.6739 0.9547 0.0000
vt 0.6552 0.9547 0.0000
vt 0.6366 0.9547 0.0000
vt 0.6179 0.9547 0.0000
vt 0.5990 0.9547 0.0000
vt 0.5801 0.9547 0.0000
vt 0.5614 0.9547 0.0000
vt 0.5430 0.9547 0.0000
vt 0.5249 0.9547 0.0000
vt 0.5069 0.9547 0.0000
vt 0.4890 0.9547 0.0000
vt 0.4711 0.9575 0.0000
vt 0.4530 0.9575 0.0000
vt 0.4890 0.9575 0.0000
vt 0.5069 0.9575 0.0000
vt 0.5249 0.9575 0.0000
vt 0.5430 0.9575 0.0000
vt 0.5614 0.9575 0.0000
vt 0.5801 0.9575 0.0000
vt 0.5990 0.9575 0.0000
vt 0.6179 0.9575 0.0000
vt 0.6366 0.9575 0.0000
vt 0.6552 0.9575 0.0000
vt 0.6739 0.9575 0.0000
vt 0.6925 0.9575 0.0000
vt 0.7113 0.9575 0.0000
vt 0.7303 0.9575 0.0000
vt 0.7495 0.9575 0.0000
vt 0.4344 0.9575 0.0000
vt 0.4153 0.9575 0.0000
vt 0.4530 0.9756 0.0000
vt 0.4711 0.9756 0.0000
vt 0.4890 0.9756 0.0000
vt 0.5069 0.9756 0.0000
vt 0.5249 0.9756 0.0000
vt 0.5430 0.9756 0.0000
vt 0.5614 0.9756 0.0000
vt 0.5801 0.9756 0.0000
vt 0.5990 0.9756 0.0000
vt 0.6179 0.9756 0.0000
vt 0.6366 0.9756 0.0000
vt 0.6552 0.9756 0.0000
vt 0.6739 0.9756 0.0000
vt 0.6925 0.9756 0.0000
vt 0.7113 0.9756 0.0000
vt 0.7303 0.9756 0.0000
vt 0.7495 0.9756 0.0000
vt 0.4153 0.9756 0.0000
vt 0.4344 0.9756 0.0000
vt 0.4711 0.9945 0.0000
vt 0.4530 0.9945 0.0000
vt 0.4890 0.9945 0.0000
vt 0.5069 0.9945 0.0000
vt 0.5249 0.9945 0.0000
vt 0.5430 0.9945 0.0000
vt 0.5614 0.9945 0.0000
vt 0.5801 0.9945 0.0000
vt 0.5990 0.9945 0.0000
vt 0.6179 0.9945 0.0000
vt 0.6366 0.9945 0.0000
vt 0.6552 0.9945 0.0000
vt 0.6739 0.9945 0.0000
vt 0.6925 0.9945 0.0000
vt 0.7113 0.9945 0.0000
vt 0.7303 0.9945 0.0000
vt 0.7495 0.9945 0.0000
vt 0.4344 0.9945 0.0000
vt 0.4153 0.9945 0.0000
vt 0.8152 0.9303 0.0000
vt 0.8116 0.9306 0.0000
vt 0.8095 0.9239 0.0000
vt 0.8157 0.9231 0.0000
vt 0.8185 0.9314 0.0000
vt 0.8224 0.9254 0.0000
vt 0.8223 0.9353 0.0000
vt 0.8282 0.9316 0.0000
vt 0.8240 0.9404 0.0000
vt 0.8312 0.9397 0.0000
vt 0.8236 0.9440 0.0000
vt 0.8305 0.9467 0.0000
vt 0.8217 0.9469 0.0000
vt 0.8266 0.9520 0.0000
vt 0.8155 0.9506 0.0000
vt 0.8177 0.9572 0.0000
vt 0.8118 0.9508 0.0000
vt 0.8113 0.9580 0.0000
vt 0.8085 0.9497 0.0000
vt 0.8046 0.9557 0.0000
vt 0.8047 0.9458 0.0000
vt 0.7987 0.9494 0.0000
vt 0.8030 0.9407 0.0000
vt 0.7955 0.9412 0.0000
vt 0.8035 0.9372 0.0000
vt 0.7969 0.9344 0.0000
vt 0.8054 0.9342 0.0000
vt 0.8006 0.9291 0.0000
vt 0.5566 0.8654 0.0000
vt 0.5348 0.8654 0.0000
vt 0.5321 0.8500 0.0000
vt 0.5526 0.8426 0.0000
vt 0.5526 0.8882 0.0000
vt 0.5321 0.8808 0.0000
vt 0.5243 0.8943 0.0000
vt 0.5410 0.9083 0.0000
vt 0.5232 0.9232 0.0000
vt 0.5123 0.9044 0.0000
vt 0.5014 0.9312 0.0000
vt 0.4977 0.9097 0.0000
vt 0.4783 0.9312 0.0000
vt 0.4820 0.9097 0.0000
vt 0.4565 0.9232 0.0000
vt 0.4674 0.9044 0.0000
vt 0.4387 0.9083 0.0000
vt 0.4554 0.8943 0.0000
vt 0.4271 0.8882 0.0000
vt 0.4476 0.8808 0.0000
vt 0.4231 0.8654 0.0000
vt 0.4449 0.8654 0.0000
vt 0.4271 0.8426 0.0000
vt 0.4460 0.8500 0.0000
vt 0.4387 0.8225 0.0000
vt 0.4554 0.8365 0.0000
vt 0.4565 0.8076 0.0000
vt 0.4674 0.8265 0.0000
vt 0.4783 0.7997 0.0000
vt 0.4820 0.8211 0.0000
vt 0.5014 0.7997 0.0000
vt 0.4977 0.8211 0.0000
vt 0.5232 0.8076 0.0000
vt 0.5123 0.8265 0.0000
vt 0.5410 0.8225 0.0000
vt 0.5243 0.8365 0.0000
vt 0.7866 0.8954 0.0000
vt 0.8039 0.8889 0.0000
vt 0.8004 0.8975 0.0000
vt 0.7901 0.9014 0.0000
vt 0.8221 0.8888 0.0000
vt 0.8054 0.9002 0.0000
vt 0.8080 0.9203 0.0000
vt 0.8102 0.9165 0.0000
vt 0.7985 0.9262 0.0000
vt 0.7942 0.9263 0.0000
vt 0.7827 0.9409 0.0000
vt 0.7875 0.9233 0.0000
vt 0.7611 0.9407 0.0000
vt 0.7640 0.9234 0.0000
vt 0.7820 0.9141 0.0000
vt 0.7726 0.9076 0.0000
vt 0.7821 0.9084 0.0000
vt 0.8533 0.9061 0.0000
vt 0.8473 0.9117 0.0000
vt 0.8399 0.9095 0.0000
vt 0.8388 0.8945 0.0000
vt 0.8628 0.9222 0.0000
vt 0.8550 0.9245 0.0000
vt 0.8660 0.9404 0.0000
vt 0.8535 0.9323 0.0000
vt 0.8453 0.9370 0.0000
vt 0.8634 0.9571 0.0000
vt 0.8426 0.9507 0.0000
vt 0.8378 0.9368 0.0000
vt 0.8309 0.9300 0.0000
vt 0.8284 0.9213 0.0000
vt 0.8541 0.9741 0.0000
vt 0.8450 0.9725 0.0000
vt 0.8450 0.9669 0.0000
vt 0.8398 0.9860 0.0000
vt 0.8367 0.9799 0.0000
vt 0.8237 0.9920 0.0000
vt 0.8266 0.9834 0.0000
vt 0.8046 0.9922 0.0000
vt 0.8216 0.9808 0.0000
vt 0.8189 0.9606 0.0000
vt 0.8167 0.9644 0.0000
vt 0.8286 0.9549 0.0000
vt 0.8329 0.9548 0.0000
vt 0.8393 0.9576 0.0000
vt 0.7738 0.9749 0.0000
vt 0.7791 0.9687 0.0000
vt 0.7874 0.9717 0.0000
vt 0.7882 0.9865 0.0000
vt 0.7643 0.9590 0.0000
vt 0.7723 0.9572 0.0000
vt 0.7735 0.9487 0.0000
vt 0.7818 0.9441 0.0000
vt 0.7892 0.9443 0.0000
vt 0.7962 0.9510 0.0000
vt 0.7985 0.9596 0.0000
vt 0.7987 0.9033 0.0000
vt 0.7922 0.9059 0.0000
vt 0.7915 0.9043 0.0000
vt 0.7995 0.9009 0.0000
vt 0.8027 0.9028 0.0000
vt 0.8015 0.9046 0.0000
vt 0.8074 0.9102 0.0000
vt 0.8054 0.9108 0.0000
vt 0.8069 0.9153 0.0000
vt 0.8051 0.9150 0.0000
vt 0.8054 0.9180 0.0000
vt 0.8038 0.9174 0.0000
vt 0.7977 0.9229 0.0000
vt 0.7978 0.9212 0.0000
vt 0.7951 0.9214 0.0000
vt 0.7948 0.9229 0.0000
vt 0.7911 0.9199 0.0000
vt 0.7898 0.9209 0.0000
vt 0.7871 0.9138 0.0000
vt 0.7852 0.9136 0.0000
vt 0.7871 0.9107 0.0000
vt 0.7849 0.9099 0.0000
vt 0.8402 0.9161 0.0000
vt 0.8402 0.9135 0.0000
vt 0.8446 0.9152 0.0000
vt 0.8432 0.9176 0.0000
vt 0.8506 0.9251 0.0000
vt 0.8479 0.9255 0.0000
vt 0.8478 0.9288 0.0000
vt 0.8501 0.9302 0.0000
vt 0.8443 0.9329 0.0000
vt 0.8434 0.9306 0.0000
vt 0.8392 0.9331 0.0000
vt 0.8397 0.9307 0.0000
vt 0.8343 0.9280 0.0000
vt 0.8362 0.9268 0.0000
vt 0.8347 0.9222 0.0000
vt 0.8324 0.9216 0.0000
vt 0.8367 0.9189 0.0000
vt 0.8350 0.9171 0.0000
vt 0.8389 0.9701 0.0000
vt 0.8381 0.9686 0.0000
vt 0.8408 0.9681 0.0000
vt 0.8416 0.9709 0.0000
vt 0.8345 0.9762 0.0000
vt 0.8332 0.9736 0.0000
vt 0.8276 0.9767 0.0000
vt 0.8270 0.9795 0.0000
vt 0.8245 0.9775 0.0000
vt 0.8262 0.9754 0.0000
vt 0.8202 0.9704 0.0000
vt 0.8227 0.9696 0.0000
vt 0.8208 0.9658 0.0000
vt 0.8230 0.9665 0.0000
vt 0.8219 0.9636 0.0000
vt 0.8238 0.9651 0.0000
vt 0.8296 0.9591 0.0000
vt 0.8299 0.9614 0.0000
vt 0.8316 0.9614 0.0000
vt 0.8322 0.9591 0.0000
vt 0.8345 0.9624 0.0000
vt 0.8366 0.9608 0.0000
vt 0.7869 0.9651 0.0000
vt 0.7870 0.9679 0.0000
vt 0.7817 0.9651 0.0000
vt 0.7835 0.9630 0.0000
vt 0.7764 0.9563 0.0000
vt 0.7790 0.9557 0.0000
vt 0.7787 0.9521 0.0000
vt 0.7763 0.9507 0.0000
vt 0.7828 0.9481 0.0000
vt 0.7835 0.9506 0.0000
vt 0.7877 0.9480 0.0000
vt 0.7871 0.9503 0.0000
vt 0.7925 0.9532 0.0000
vt 0.7905 0.9542 0.0000
vt 0.7945 0.9593 0.0000
vt 0.7922 0.9586 0.0000
vt 0.7899 0.9620 0.0000
vt 0.7915 0.9639 0.0000
vt 0.8108 0.9096 0.0000
vt 0.4023 0.9239 0.0000
vt 0.4167 0.9239 0.0000
vt 0.4167 0.9313 0.0000
vt 0.4023 0.9313 0.0000
vt 0.4167 0.9170 0.0000
vt 0.4023 0.9170 0.0000
vt 0.4167 0.9137 0.0000
vt 0.4023 0.9137 0.0000
vt 0.4023 0.9073 0.0000
vt 0.4167 0.9073 0.0000
vt 0.4023 0.9028 0.0000
vt 0.4167 0.9028 0.0000
vt 0.4023 0.9005 0.0000
vt 0.4167 0.9005 0.0000
vt 0.4167 0.8928 0.0000
vt 0.4023 0.8928 0.0000
vt 0.4023 0.9003 0.0000
vt 0.4023 0.8903 0.0000
vt 0.4167 0.8903 0.0000
vt 0.4023 0.8858 0.0000
vt 0.4167 0.8858 0.0000
vt 0.4023 0.8796 0.0000
vt 0.4167 0.8796 0.0000
vt 0.4023 0.8763 0.0000
vt 0.4167 0.8763 0.0000
vt 0.8320 0.9141 0.0000
vt 0.5586 0.8419 0.0000
vt 0.5586 0.8274 0.0000
vt 0.5627 0.8274 0.0000
vt 0.5627 0.8419 0.0000
vt 0.6032 0.8274 0.0000
vt 0.6094 0.8274 0.0000
vt 0.6094 0.8419 0.0000
vt 0.6032 0.8419 0.0000
vt 0.5988 0.8274 0.0000
vt 0.5988 0.8419 0.0000
vt 0.5925 0.8419 0.0000
vt 0.5925 0.8274 0.0000
vt 0.5870 0.8419 0.0000
vt 0.5870 0.8274 0.0000
vt 0.5818 0.8419 0.0000
vt 0.5818 0.8274 0.0000
vt 0.5766 0.8419 0.0000
vt 0.5766 0.8274 0.0000
vt 0.5725 0.8419 0.0000
vt 0.5725 0.8274 0.0000
vt 0.8161 0.9713 0.0000
vt 0.5688 0.8220 0.0000
vt 0.5688 0.8076 0.0000
vt 0.5721 0.8076 0.0000
vt 0.5721 0.8220 0.0000
vt 0.5623 0.8076 0.0000
vt 0.5623 0.8220 0.0000
vt 0.5579 0.8076 0.0000
vt 0.5579 0.8220 0.0000
vt 0.6104 0.8216 0.0000
vt 0.6104 0.8073 0.0000
vt 0.6128 0.8216 0.0000
vt 0.6128 0.8073 0.0000
vt 0.6029 0.8073 0.0000
vt 0.6029 0.8216 0.0000
vt 0.6003 0.8216 0.0000
vt 0.6003 0.8073 0.0000
vt 0.5958 0.8216 0.0000
vt 0.5958 0.8073 0.0000
vt 0.5896 0.8216 0.0000
vt 0.5896 0.8073 0.0000
vt 0.5863 0.8216 0.0000
vt 0.5863 0.8073 0.0000
vt 0.5789 0.8216 0.0000
vt 0.5789 0.8073 0.0000
vt 0.7947 0.9669 0.0000
vt 0.4024 0.8400 0.0000
vt 0.4170 0.8400 0.0000
vt 0.4170 0.8441 0.0000
vt 0.4024 0.8441 0.0000
vt 0.4170 0.8339 0.0000
vt 0.4024 0.8339 0.0000
vt 0.4170 0.8294 0.0000
vt 0.4024 0.8294 0.0000
vt 0.4024 0.8231 0.0000
vt 0.4170 0.8231 0.0000
vt 0.4024 0.8177 0.0000
vt 0.4170 0.8177 0.0000
vt 0.4024 0.8632 0.0000
vt 0.4170 0.8632 0.0000
vt 0.4170 0.8684 0.0000
vt 0.4024 0.8684 0.0000
vt 0.4024 0.8579 0.0000
vt 0.4170 0.8579 0.0000
vt 0.4024 0.8539 0.0000
vt 0.4170 0.8539 0.0000
vt 0.8148 0.9324 0.0000
vt 0.8118 0.9326 0.0000
vt 0.8176 0.9333 0.0000
vt 0.8206 0.9363 0.0000
vt 0.8219 0.9403 0.0000
vt 0.8215 0.9432 0.0000
vt 0.8200 0.9457 0.0000
vt 0.8153 0.9487 0.0000
vt 0.8123 0.9488 0.0000
vt 0.8095 0.9478 0.0000
vt 0.8066 0.9447 0.0000
vt 0.8052 0.9407 0.0000
vt 0.8056 0.9379 0.0000
vt 0.8069 0.9353 0.0000
vt 0.8145 0.9338 0.0000
vt 0.8122 0.9341 0.0000
vt 0.8167 0.9347 0.0000
vt 0.8195 0.9370 0.0000
vt 0.8202 0.9404 0.0000
vt 0.8201 0.9428 0.0000
vt 0.8189 0.9447 0.0000
vt 0.8149 0.9476 0.0000
vt 0.8127 0.9472 0.0000
vt 0.8105 0.9465 0.0000
vt 0.8081 0.9438 0.0000
vt 0.8066 0.9405 0.0000
vt 0.8071 0.9384 0.0000
vt 0.8078 0.9362 0.0000
vt 0.4949 0.8288 0.0000
vt 0.4848 0.8288 0.0000
vt 0.4534 0.8729 0.0000
vt 0.4519 0.8654 0.0000
vt 0.4534 0.8579 0.0000
vt 0.4848 0.9020 0.0000
vt 0.4949 0.9020 0.0000
vt 0.5264 0.8579 0.0000
vt 0.5278 0.8654 0.0000
vt 0.5264 0.8729 0.0000
vt 0.4807 0.8985 0.0000
vt 0.4990 0.8985 0.0000
vt 0.4563 0.8747 0.0000
vt 0.4563 0.8561 0.0000
vt 0.4807 0.8323 0.0000
vt 0.4990 0.8323 0.0000
vt 0.5235 0.8561 0.0000
vt 0.5235 0.8747 0.0000
vt 0.4989 0.8923 0.0000
vt 0.4808 0.8923 0.0000
vt 0.4642 0.8746 0.0000
vt 0.4808 0.8386 0.0000
vt 0.4642 0.8562 0.0000
vt 0.5156 0.8562 0.0000
vt 0.4989 0.8386 0.0000
vt 0.4960 0.8431 0.0000
vt 0.5119 0.8589 0.0000
vt 0.4837 0.8877 0.0000
vt 0.4679 0.8719 0.0000
vt 0.5156 0.8746 0.0000
vt 0.4960 0.8877 0.0000
vt 0.5119 0.8719 0.0000
vt 0.4679 0.8589 0.0000
vt 0.4837 0.8431 0.0000
vt 0.5105 0.8616 0.0000
vt 0.5070 0.8606 0.0000
vt 0.5075 0.8596 0.0000
vt 0.5105 0.8693 0.0000
vt 0.5069 0.8695 0.0000
vt 0.5075 0.8713 0.0000
vt 0.4952 0.8835 0.0000
vt 0.4898 0.8861 0.0000
vt 0.4898 0.8826 0.0000
vt 0.4845 0.8835 0.0000
vt 0.4723 0.8713 0.0000
vt 0.4693 0.8693 0.0000
vt 0.4729 0.8702 0.0000
vt 0.4693 0.8615 0.0000
vt 0.4729 0.8606 0.0000
vt 0.4723 0.8596 0.0000
vt 0.4845 0.8473 0.0000
vt 0.4898 0.8447 0.0000
vt 0.4898 0.8483 0.0000
vt 0.4952 0.8473 0.0000
vt 0.5659 0.7857 0.0000
vt 0.5659 0.7976 0.0000
vt 0.5648 0.7976 0.0000
vt 0.5648 0.7857 0.0000
vt 0.5736 0.7857 0.0000
vt 0.5736 0.7976 0.0000
vt 0.5754 0.7857 0.0000
vt 0.5754 0.7976 0.0000
vt 0.5923 0.7857 0.0000
vt 0.5923 0.7976 0.0000
vt 0.5976 0.7857 0.0000
vt 0.5976 0.7976 0.0000
vt 0.6026 0.7857 0.0000
vt 0.6026 0.7976 0.0000
vt 0.6164 0.7857 0.0000
vt 0.6164 0.7976 0.0000
vt 0.6175 0.7857 0.0000
vt 0.6175 0.7976 0.0000
vt 0.6258 0.7857 0.0000
vt 0.6258 0.7976 0.0000
vt 0.6270 0.7857 0.0000
vt 0.6270 0.7976 0.0000
vt 0.6438 0.7857 0.0000
vt 0.6438 0.7976 0.0000
vt 0.5459 0.7857 0.0000
vt 0.5459 0.7976 0.0000
vt 0.5406 0.7976 0.0000
vt 0.5406 0.7857 0.0000
vt 0.5509 0.7857 0.0000
vt 0.5509 0.7976 0.0000
vt 0.4435 0.8048 0.0000
vt 0.4386 0.7844 0.0000
vt 0.4432 0.7875 0.0000
vt 0.7587 0.5933 0.0000
vt 0.7539 0.5923 0.0000
vt 0.7522 0.6049 0.0000
vt 0.7555 0.6057 0.0000
vt 0.7617 0.5808 0.0000
vt 0.7505 0.5782 0.0000
vt 0.7625 0.5730 0.0000
vt 0.7622 0.5602 0.0000
vt 0.7573 0.5603 0.0000
vt 0.7512 0.5730 0.0000
vt 0.7618 0.5476 0.0000
vt 0.7585 0.5476 0.0000
vt 0.7569 0.5473 0.0000
vt 0.7532 0.5589 0.0000
vt 0.7466 0.5705 0.0000
vt 0.7615 0.5452 0.0000
vt 0.7583 0.5460 0.0000
vt 0.7103 0.4834 0.0000
vt 0.7151 0.4824 0.0000
vt 0.7166 0.4951 0.0000
vt 0.7133 0.4958 0.0000
vt 0.7075 0.4710 0.0000
vt 0.7186 0.4685 0.0000
vt 0.7066 0.4632 0.0000
vt 0.7070 0.4504 0.0000
vt 0.7119 0.4505 0.0000
vt 0.7180 0.4633 0.0000
vt 0.7074 0.4378 0.0000
vt 0.7107 0.4378 0.0000
vt 0.7123 0.4374 0.0000
vt 0.7161 0.4492 0.0000
vt 0.7227 0.4607 0.0000
vt 0.7076 0.4353 0.0000
vt 0.7109 0.4362 0.0000
vt 0.7527 0.4749 0.0000
vt 0.7575 0.4759 0.0000
vt 0.7591 0.4633 0.0000
vt 0.7558 0.4626 0.0000
vt 0.7499 0.4874 0.0000
vt 0.7610 0.4899 0.0000
vt 0.7490 0.4951 0.0000
vt 0.7494 0.5079 0.0000
vt 0.7542 0.5078 0.0000
vt 0.7604 0.4951 0.0000
vt 0.7497 0.5205 0.0000
vt 0.7530 0.5206 0.0000
vt 0.7547 0.5209 0.0000
vt 0.7585 0.5092 0.0000
vt 0.7651 0.4976 0.0000
vt 0.7500 0.5230 0.0000
vt 0.7532 0.5222 0.0000
vt 0.7320 0.5530 0.0000
vt 0.7367 0.5521 0.0000
vt 0.7383 0.5647 0.0000
vt 0.7350 0.5654 0.0000
vt 0.7291 0.5406 0.0000
vt 0.7402 0.5381 0.0000
vt 0.7283 0.5329 0.0000
vt 0.7287 0.5201 0.0000
vt 0.7335 0.5202 0.0000
vt 0.7397 0.5330 0.0000
vt 0.7290 0.5074 0.0000
vt 0.7323 0.5074 0.0000
vt 0.7340 0.5071 0.0000
vt 0.7378 0.5188 0.0000
vt 0.7444 0.5304 0.0000
vt 0.7359 0.5678 0.0000
vt 0.7389 0.5663 0.0000
vt 0.4362 0.8115 0.0000
vt 0.4349 0.8122 0.0000
vt 0.4181 0.8135 0.0000
vt 0.4424 0.8051 0.0000
vt 0.4144 0.8081 0.0000
vt 0.4098 0.8051 0.0000
vt 0.4101 0.7888 0.0000
vt 0.4112 0.7884 0.0000
vt 0.4179 0.7815 0.0000
vt 0.4177 0.7794 0.0000
vt 0.4354 0.7800 0.0000
vt 0.9125 0.8759 0.0000
vt 0.9125 0.8524 0.0000
vt 0.9936 0.8524 0.0000
vt 0.9936 0.8759 0.0000
vt 0.9125 0.8295 0.0000
vt 0.9936 0.8295 0.0000
vt 0.9125 0.8085 0.0000
vt 0.9936 0.8085 0.0000
vt 0.9936 0.8790 0.0000
vt 0.9125 0.8790 0.0000
vt 0.9077 0.8524 0.0000
vt 0.9077 0.8759 0.0000
vt 0.9077 0.8295 0.0000
vt 0.9077 0.8085 0.0000
vt 0.9077 0.8790 0.0000
vt 0.9022 0.8759 0.0000
vt 0.9022 0.8524 0.0000
vt 0.9022 0.8295 0.0000
vt 0.9022 0.8085 0.0000
vt 0.9022 0.8790 0.0000
vt 0.8974 0.8759 0.0000
vt 0.8974 0.8524 0.0000
vt 0.8974 0.8295 0.0000
vt 0.8974 0.8085 0.0000
vt 0.8974 0.8790 0.0000
vt 0.7428 0.8759 0.0000
vt 0.7428 0.8524 0.0000
vt 0.7428 0.8295 0.0000
vt 0.7428 0.8085 0.0000
vt 0.7428 0.8790 0.0000
vt 0.7387 0.8759 0.0000
vt 0.7387 0.8524 0.0000
vt 0.7387 0.8295 0.0000
vt 0.7387 0.8085 0.0000
vt 0.7387 0.8790 0.0000
vt 0.7327 0.8759 0.0000
vt 0.7327 0.8524 0.0000
vt 0.7327 0.8295 0.0000
vt 0.7327 0.8085 0.0000
vt 0.7327 0.8790 0.0000
vt 0.7279 0.8524 0.0000
vt 0.7279 0.8759 0.0000
vt 0.7279 0.8295 0.0000
vt 0.7279 0.8085 0.0000
vt 0.7279 0.8790 0.0000
vt 0.6500 0.8759 0.0000
vt 0.6500 0.8524 0.0000
vt 0.6500 0.8295 0.0000
vt 0.6500 0.8085 0.0000
vt 0.6500 0.8790 0.0000
vt 0.8672 0.3905 0.0000
vt 0.8705 0.3903 0.0000
vt 0.8521 0.3836 0.0000
vt 0.8167 0.3821 0.0000
vt 0.7820 0.3850 0.0000
vt 0.8133 0.3835 0.0000
vt 0.7704 0.3905 0.0000
vt 0.8671 0.3395 0.0000
vt 0.8704 0.3392 0.0000
vt 0.8520 0.3289 0.0000
vt 0.7819 0.3310 0.0000
vt 0.7703 0.3394 0.0000
vt 0.8670 0.2885 0.0000
vt 0.8703 0.2882 0.0000
vt 0.8519 0.2742 0.0000
vt 0.7818 0.2770 0.0000
vt 0.7703 0.2884 0.0000
vt 0.9859 0.4947 0.0000
vt 0.9859 0.3921 0.0000
vt 0.9891 0.3920 0.0000
vt 0.9892 0.4946 0.0000
vt 0.9711 0.4943 0.0000
vt 0.9709 0.3843 0.0000
vt 0.9363 0.4932 0.0000
vt 0.9332 0.4932 0.0000
vt 0.9015 0.4946 0.0000
vt 0.9013 0.3861 0.0000
vt 0.8898 0.4947 0.0000
vt 0.8897 0.3920 0.0000
vt 0.9858 0.2896 0.0000
vt 0.9891 0.2894 0.0000
vt 0.9708 0.2743 0.0000
vt 0.9012 0.2776 0.0000
vt 0.8896 0.2893 0.0000
vt 0.8944 0.1031 0.0000
vt 0.8943 0.1308 0.0000
vt 0.8911 0.1308 0.0000
vt 0.8911 0.1032 0.0000
vt 0.8746 0.1309 0.0000
vt 0.8747 0.0993 0.0000
vt 0.8399 0.1313 0.0000
vt 0.8400 0.0992 0.0000
vt 0.8366 0.1314 0.0000
vt 0.8366 0.1002 0.0000
vt 0.8051 0.1308 0.0000
vt 0.8051 0.0999 0.0000
vt 0.7933 0.1308 0.0000
vt 0.7933 0.1030 0.0000
vt 0.8912 0.0756 0.0000
vt 0.8914 0.0204 0.0000
vt 0.8946 0.0198 0.0000
vt 0.8944 0.0753 0.0000
vt 0.8747 0.0678 0.0000
vt 0.8748 0.0047 0.0000
vt 0.8051 0.0690 0.0000
vt 0.8051 0.0073 0.0000
vt 0.7932 0.0752 0.0000
vt 0.7932 0.0197 0.0000
vt 0.9971 0.0754 0.0000
vt 0.9938 0.0751 0.0000
vt 0.9792 0.0665 0.0000
vt 0.9443 0.0666 0.0000
vt 0.9094 0.0667 0.0000
vt 0.9410 0.0682 0.0000
vt 0.8978 0.0725 0.0000
vt 0.9939 0.0469 0.0000
vt 0.9972 0.0472 0.0000
vt 0.9793 0.0346 0.0000
vt 0.9094 0.0355 0.0000
vt 0.8978 0.0443 0.0000
vt 0.9940 0.0188 0.0000
vt 0.9973 0.0190 0.0000
vt 0.9794 0.0027 0.0000
vt 0.9094 0.0044 0.0000
vt 0.8977 0.0160 0.0000
vt 0.4548 0.3677 0.0000
vt 0.4548 0.3604 0.0000
vt 0.5103 0.3604 0.0000
vt 0.5103 0.3677 0.0000
vt 0.4878 0.3792 0.0000
vt 0.4572 0.3863 0.0000
vt 0.2804 0.8035 0.0000
vt 0.3554 0.2847 0.0000
vt 0.3562 0.3066 0.0000
vt 0.2803 0.3066 0.0000
vt 0.2799 0.2847 0.0000
vt 0.0529 0.3066 0.0000
vt 0.0537 0.2847 0.0000
vt 0.3584 0.3240 0.0000
vt 0.3621 0.3376 0.0000
vt 0.2833 0.3376 0.0000
vt 0.2815 0.3240 0.0000
vt 0.0469 0.3376 0.0000
vt 0.0506 0.3240 0.0000
vt 0.3673 0.3566 0.0000
vt 0.2859 0.3566 0.0000
vt 0.0418 0.3566 0.0000
vt 0.0104 0.0079 0.0000
vt 0.0077 0.0000 0.0000
vt 0.1061 0.0000 0.0000
vt 0.1074 0.0079 0.0000
vt 0.4013 0.0000 0.0000
vt 0.3987 0.0079 0.0000
vt 0.0120 0.0256 0.0000
vt 0.1082 0.0256 0.0000
vt 0.3970 0.0256 0.0000
vt 0.1290 0.7022 0.0000
vt 0.1084 0.5146 0.0000
vt 0.1230 0.6260 0.0000
vt 0.1276 0.6609 0.0000
vt 0.1286 0.6794 0.0000
vt 0.1256 0.6454 0.0000
vt 0.0537 0.2063 0.0000
vt 0.0529 0.1844 0.0000
vt 0.1287 0.1844 0.0000
vt 0.3562 0.1844 0.0000
vt 0.3554 0.2063 0.0000
vt 0.0506 0.1670 0.0000
vt 0.1276 0.1670 0.0000
vt 0.3584 0.1670 0.0000
vt 0.0469 0.1534 0.0000
vt 0.0418 0.1344 0.0000
vt 0.1231 0.1344 0.0000
vt 0.1257 0.1534 0.0000
vt 0.3673 0.1344 0.0000
vt 0.3621 0.1534 0.0000
vt 0.0104 0.4831 0.0000
vt 0.0125 0.4654 0.0000
vt 0.3965 0.4654 0.0000
vt 0.3987 0.4831 0.0000
vt 0.3014 0.9672 0.0000
vt 0.2860 0.8569 0.0000
vt 0.2815 0.8220 0.0000
vt 0.2834 0.8375 0.0000
vt 0.1061 0.5105 0.0000
vt 0.2998 0.9710 0.0000
vt 0.2998 0.9907 0.0000
vt 0.5919 0.3141 0.0000
vt 0.5919 0.0284 0.0000
vt 0.5954 0.0253 0.0000
vt 0.5952 0.3171 0.0000
vt 0.7139 0.6006 0.0000
vt 0.4200 0.6018 0.0000
# 1699 texture coords

g SM_coal_cart001
usemtl 03___Default
s 1
f 1/1/1 2/2/1 3/3/1 
f 3/3/1 4/4/1 1/1/1 
f 3/3/1 5/5/1 4/4/1 
f 4/4/1 6/6/1 7/7/2 
f 7/7/2 8/8/3 4/4/1 
f 8/8/3 9/9/4 10/10/4 
f 10/10/4 11/11/4 8/8/3 
f 9/9/4 8/8/3 7/7/2 
f 7/7/2 12/12/5 9/9/4 
f 1/1/1 4/4/1 8/8/3 
f 8/8/3 13/13/1 1/1/1 
f 1/1/1 13/13/1 14/14/1 
f 15/15/6 16/16/6 17/17/7 
f 17/17/7 18/18/7 15/15/6 
f 19/19/8 20/20/9 21/21/10 
f 21/21/10 22/22/11 19/19/8 
f 23/23/12 24/24/12 25/25/13 
f 25/25/13 26/26/13 23/23/12 
f 27/27/14 28/28/14 29/29/15 
f 29/29/15 30/30/15 27/27/14 
f 30/30/15 29/29/15 31/31/16 
f 31/31/16 32/32/17 30/30/15 
f 33/33/18 34/34/19 35/35/19 
f 35/35/19 36/36/20 33/33/18 
s 2
f 37/37/21 38/38/22 39/39/22 
f 39/39/22 40/40/21 37/37/21 
f 34/34/23 33/33/24 41/41/25 
f 41/41/25 42/42/26 34/34/23 
f 10/10/27 9/9/28 36/36/28 
f 36/36/28 35/35/27 10/10/27 
s 4
f 43/43/29 44/44/30 45/45/31 
f 45/45/31 46/46/32 43/43/29 
f 45/45/31 47/47/33 48/48/34 
f 48/48/34 46/49/32 45/45/31 
f 49/50/35 50/51/36 48/52/34 
f 48/52/34 47/47/33 49/50/35 
f 51/53/37 52/54/38 50/55/36 
f 50/55/36 49/50/35 51/53/37 
f 53/56/39 54/57/40 52/58/38 
f 52/58/38 51/53/37 53/56/39 
f 55/59/41 54/60/40 53/56/39 
f 53/56/39 56/61/42 55/59/41 
f 57/62/43 58/63/44 59/64/45 
f 59/64/45 60/65/46 57/62/43 
f 59/66/45 58/63/44 44/44/30 
f 44/44/30 43/67/29 59/66/45 
f 60/68/46 61/69/47 62/70/48 
f 62/70/48 57/62/43 60/68/46 
f 61/71/47 63/72/49 64/73/50 
f 64/73/50 62/70/48 61/71/47 
f 65/74/51 64/73/50 63/75/49 
f 63/75/49 66/76/52 65/74/51 
f 65/77/51 66/78/52 67/79/53 
f 67/79/53 68/80/54 65/77/51 
f 65/77/51 68/80/54 69/81/55 
s 1
f 70/82/56 71/83/57 38/38/58 
f 38/38/58 37/37/59 70/82/56 
s 4
f 56/84/42 72/85/60 73/86/61 
f 73/86/61 55/87/41 56/84/42 
f 73/86/61 72/85/60 74/88/62 
s 1
f 75/89/63 76/90/64 77/91/65 
f 77/91/65 78/92/66 75/89/63 
f 79/93/67 80/94/68 81/95/69 
f 81/95/69 82/96/70 79/93/67 
f 83/97/71 84/98/72 85/99/73 
f 85/99/73 86/100/74 83/97/71 
f 86/101/74 85/102/73 87/103/75 
f 87/103/75 88/104/76 86/101/74 
f 88/105/76 87/103/75 89/106/77 
f 89/106/77 90/107/78 88/105/76 
f 75/108/63 90/109/78 89/106/77 
f 89/106/77 76/90/64 75/108/63 
f 91/110/79 92/111/80 78/112/66 
f 78/112/66 77/91/65 91/110/79 
f 91/110/79 93/113/81 94/114/82 
f 94/114/82 92/115/80 91/110/79 
f 93/113/81 95/116/83 96/117/84 
f 96/117/84 94/118/82 93/113/81 
f 95/119/83 97/120/85 98/121/86 
f 98/121/86 96/122/84 95/119/83 
s 4
f 99/123/87 100/124/88 101/125/89 
f 101/125/89 12/12/90 99/123/87 
s 1
f 97/126/85 102/127/91 103/128/92 
f 103/128/92 98/121/86 97/126/85 
f 104/129/93 105/130/94 106/131/95 
f 106/131/95 107/132/96 104/129/93 
f 108/133/97 20/20/9 19/19/8 
f 19/19/8 109/134/98 108/133/97 
f 20/20/9 108/133/97 110/135/99 
f 110/135/99 105/130/94 20/20/9 
f 108/133/97 111/136/100 110/135/99 
f 110/135/99 112/137/101 113/138/102 
f 113/138/102 106/131/95 110/135/99 
f 113/138/102 114/139/103 106/131/95 
f 105/130/94 110/135/99 106/131/95 
f 107/132/96 106/131/95 115/140/104 
f 84/141/72 83/97/71 81/142/69 
f 81/142/69 80/143/68 84/141/72 
f 116/144/105 103/145/92 102/146/91 
f 102/146/91 117/147/106 116/144/105 
s 2
f 42/42/26 41/41/25 22/22/107 
f 22/22/107 21/21/108 42/42/26 
s 4
f 78/148/109 3/3/110 2/2/111 
f 2/2/111 75/149/112 78/148/109 
f 90/150/113 75/149/112 2/2/111 
f 2/2/111 1/1/114 90/150/113 
f 88/151/115 90/150/113 1/1/114 
f 1/1/114 14/14/116 88/151/115 
f 86/152/117 88/151/115 14/14/116 
f 14/14/116 13/153/118 86/152/117 
f 83/97/119 86/100/117 13/13/118 
f 13/13/118 8/8/120 83/97/119 
f 81/142/121 83/97/119 8/8/120 
f 8/8/120 11/11/122 81/142/121 
s 2
f 82/154/123 118/155/124 119/156/125 
f 119/156/125 79/157/126 82/154/123 
s 4
f 105/130/127 80/94/128 79/93/129 
f 79/93/129 119/158/129 105/130/127 
f 80/94/128 105/130/127 104/129/130 
f 104/129/130 84/159/131 80/94/128 
f 84/159/131 104/129/130 107/160/132 
f 107/160/132 85/161/133 84/159/131 
f 85/102/133 107/162/132 115/140/134 
f 115/140/134 87/103/135 85/102/133 
f 87/103/135 115/140/134 106/131/136 
f 106/131/136 89/106/137 87/103/135 
f 89/106/137 106/131/136 114/139/138 
f 114/139/138 76/90/139 89/106/137 
f 77/91/140 76/90/139 114/139/138 
f 114/139/138 113/138/141 77/91/140 
f 91/110/142 77/91/140 113/138/141 
f 113/138/141 112/137/143 91/110/142 
f 93/113/144 91/110/142 112/137/143 
f 112/137/143 110/135/145 93/113/144 
f 95/116/146 93/113/144 110/135/145 
f 110/135/145 111/163/147 95/116/146 
f 97/164/148 95/165/146 111/166/147 
f 111/166/147 108/133/149 97/164/148 
f 102/146/150 97/164/148 108/133/149 
f 108/133/149 109/134/151 102/146/150 
f 109/134/151 120/167/152 117/147/153 
f 117/147/153 102/146/150 109/134/151 
s 2
f 116/168/154 117/169/155 120/170/156 
f 120/170/156 99/123/157 116/168/154 
s 4
f 12/12/90 103/128/158 116/168/159 
f 116/168/159 99/123/87 12/12/90 
f 103/128/158 12/12/90 7/7/160 
f 7/7/160 98/121/161 103/128/158 
f 98/121/161 7/7/160 6/6/162 
f 6/6/162 96/122/163 98/121/161 
f 96/171/163 6/172/162 4/4/164 
f 4/4/164 94/173/165 96/171/163 
f 94/173/165 4/4/164 5/5/166 
f 5/5/166 92/174/167 94/173/165 
f 92/174/167 5/5/166 3/3/110 
f 3/3/110 78/148/109 92/174/167 
f 121/175/168 122/176/169 118/155/170 
f 118/155/170 11/11/122 121/175/168 
f 11/11/122 118/155/170 82/154/171 
f 82/154/171 81/142/121 11/11/122 
s 1
f 123/177/172 124/178/173 125/179/174 
f 125/179/174 18/18/7 123/177/172 
f 126/180/175 127/181/176 128/182/177 
f 128/182/177 129/183/178 126/180/175 
f 130/184/179 131/185/180 132/186/181 
f 132/186/181 133/187/181 130/184/179 
f 133/187/181 132/186/181 134/188/182 
f 134/188/182 135/189/182 133/187/181 
f 135/189/182 134/188/182 127/181/176 
f 127/181/176 126/180/175 135/189/182 
f 136/190/183 137/191/183 138/192/184 
f 138/192/184 139/193/184 136/190/183 
f 137/191/183 136/190/183 140/194/185 
f 140/194/185 141/195/185 137/191/183 
f 142/196/186 143/197/186 144/198/187 
f 144/198/187 145/199/188 142/196/186 
f 146/200/189 147/201/190 148/202/191 
f 148/202/191 149/203/192 146/200/189 
f 150/204/193 151/205/193 152/206/193 
f 152/206/193 153/207/193 150/204/193 
f 152/206/193 154/208/193 153/207/193 
f 153/207/193 155/209/193 156/210/193 
f 156/210/193 157/211/194 153/207/193 
f 153/207/193 157/211/194 158/212/193 
f 158/212/193 150/204/193 153/207/193 
f 157/211/194 159/213/195 160/214/195 
f 160/214/195 161/215/195 157/211/194 
f 161/215/195 162/216/196 158/212/193 
f 158/212/193 157/211/194 161/215/195 
f 150/204/193 158/212/193 163/217/193 
f 164/218/197 165/219/198 166/220/199 
f 166/220/199 167/221/200 164/218/197 
f 16/16/6 15/15/6 168/222/201 
f 168/222/201 169/223/201 16/16/6 
f 169/223/201 168/222/201 170/224/202 
f 170/224/202 171/225/202 169/223/201 
f 171/225/202 170/224/202 165/219/198 
f 165/219/198 164/218/197 171/225/202 
f 26/26/13 25/25/13 172/226/184 
f 172/226/184 139/193/184 26/26/13 
f 32/32/17 31/31/16 147/201/190 
f 147/201/190 173/227/203 32/32/17 
f 174/228/204 175/229/204 176/230/204 
f 176/230/204 177/231/205 174/228/204 
f 24/24/12 23/23/12 28/28/14 
f 28/28/14 27/27/14 24/24/12 
f 178/232/206 179/233/207 180/234/207 
f 180/234/207 181/235/206 178/232/206 
f 182/236/208 183/237/209 184/238/209 
f 184/238/209 185/239/208 182/236/208 
s 2
f 186/240/210 187/241/211 185/239/212 
f 185/239/212 184/238/213 186/240/210 
f 183/237/214 182/236/215 161/215/215 
f 161/215/215 160/214/214 183/237/214 
f 188/242/216 189/243/217 167/221/217 
f 167/221/217 166/220/216 188/242/216 
s 4
f 190/244/218 191/245/219 192/246/220 
f 192/246/220 193/247/221 190/244/218 
f 190/244/218 193/248/221 194/249/222 
f 194/249/222 195/250/223 190/244/218 
f 194/251/222 196/252/224 197/253/225 
f 197/253/225 195/250/223 194/251/222 
f 198/254/226 197/253/225 196/255/224 
f 196/255/224 199/256/227 198/254/226 
f 200/257/228 198/254/226 199/258/227 
f 199/258/227 201/259/229 200/257/228 
f 202/260/230 203/261/231 200/257/228 
f 200/257/228 201/262/229 202/260/230 
f 204/263/232 205/264/233 206/265/234 
f 206/265/234 207/266/235 204/263/232 
f 204/267/232 192/268/220 191/245/219 
f 191/245/219 205/264/233 204/267/232 
f 207/269/235 206/265/234 208/270/236 
f 208/270/236 209/271/237 207/269/235 
f 209/272/237 208/270/236 210/273/238 
f 210/273/238 211/274/239 209/272/237 
f 212/275/240 213/276/241 211/277/239 
f 211/277/239 210/273/238 212/275/240 
f 214/278/242 215/279/243 216/280/244 
f 216/280/244 212/281/240 214/278/242 
f 212/281/240 216/280/244 213/282/241 
f 217/283/245 218/284/246 219/285/247 
f 219/285/247 203/286/231 217/283/245 
f 217/283/245 203/286/231 202/287/230 
s 1
f 220/288/248 221/289/249 222/290/250 
f 222/290/250 223/291/251 220/288/248 
f 224/292/252 225/293/253 226/294/254 
f 226/294/254 227/295/255 224/292/252 
f 228/296/256 229/297/257 230/298/258 
f 230/298/258 231/299/259 228/296/256 
f 232/300/260 228/301/256 231/302/259 
f 231/302/259 233/303/261 232/300/260 
f 234/304/262 232/305/260 233/303/261 
f 233/303/261 235/306/263 234/304/262 
f 234/307/262 235/308/263 220/288/248 
f 220/288/248 223/309/251 234/307/262 
f 236/310/264 222/311/250 221/289/249 
f 221/289/249 237/312/265 236/310/264 
f 238/313/266 239/314/267 236/315/264 
f 236/315/264 237/316/265 238/313/266 
f 240/317/268 241/318/269 239/319/267 
f 239/319/267 238/313/266 240/317/268 
f 242/320/270 243/321/271 241/322/269 
f 241/322/269 240/323/268 242/320/270 
s 4
f 244/324/272 162/216/273 245/325/274 
f 245/325/274 246/326/275 244/324/272 
s 1
f 243/327/271 242/320/270 247/328/276 
f 247/328/276 248/329/277 243/327/271 
f 249/330/278 250/331/279 251/332/280 
f 251/332/280 252/333/281 249/330/278 
f 251/332/280 253/334/282 177/231/205 
f 177/231/205 176/230/204 251/332/280 
f 251/332/280 176/230/204 252/333/281 
f 254/335/283 255/336/284 256/337/285 
f 256/337/285 252/333/281 254/335/283 
f 255/336/284 257/338/286 256/337/285 
f 249/330/278 252/333/281 256/337/285 
f 256/337/285 258/339/287 249/330/278 
f 256/337/285 259/340/288 258/339/287 
f 249/330/278 258/339/287 260/341/289 
f 229/342/257 225/343/253 224/292/252 
f 224/292/252 230/298/258 229/342/257 
f 248/329/277 247/328/276 261/344/290 
f 261/344/290 262/345/291 248/329/277 
s 2
f 187/241/211 186/240/210 175/229/292 
f 175/229/292 174/228/293 187/241/211 
s 4
f 221/289/294 220/288/295 154/208/296 
f 154/208/296 152/206/297 221/289/294 
f 154/208/296 220/288/295 235/308/298 
f 235/308/298 153/207/299 154/208/296 
f 153/207/299 235/306/298 233/303/300 
f 233/303/300 155/209/301 153/207/299 
f 155/209/301 233/303/300 231/302/302 
f 231/302/302 156/210/303 155/209/301 
f 156/210/303 231/299/302 230/298/304 
f 230/298/304 157/211/305 156/210/303 
s 2
f 227/295/306 226/346/307 263/347/308 
f 263/347/308 264/348/309 227/295/306 
s 4
f 252/333/310 263/349/311 226/350/312 
f 226/350/312 225/351/313 252/333/310 
f 255/352/314 254/335/315 229/353/316 
f 229/353/316 228/354/317 255/352/314 
f 257/338/318 255/336/314 228/355/317 
f 228/355/317 232/356/319 257/338/318 
f 256/337/320 257/338/318 232/357/319 
f 232/357/319 234/358/321 256/337/320 
f 259/340/322 256/337/320 234/359/321 
f 234/359/321 223/360/323 259/340/322 
f 259/340/322 223/361/323 222/362/324 
f 222/362/324 258/339/325 259/340/322 
f 258/339/325 222/363/324 236/364/326 
f 236/364/326 260/341/327 258/339/325 
f 260/341/327 236/365/326 239/366/328 
f 239/366/328 249/330/329 260/341/327 
f 249/330/329 239/367/328 241/368/330 
f 241/368/330 250/331/331 249/330/329 
f 250/369/331 241/370/330 243/371/332 
f 243/371/332 251/332/333 250/369/331 
f 262/372/334 265/373/335 253/334/336 
f 253/334/336 248/374/336 262/372/334 
s 2
f 261/344/337 244/324/338 265/375/339 
f 265/375/339 262/376/340 261/344/337 
s 4
f 162/216/273 244/324/272 261/344/341 
f 261/344/341 247/328/342 162/216/273 
f 163/217/343 158/212/344 242/320/345 
f 242/320/345 240/323/346 163/217/343 
f 150/204/347 163/217/343 240/317/346 
f 240/317/346 238/313/348 150/204/347 
f 151/205/349 150/204/347 238/313/348 
f 238/313/348 237/316/350 151/205/349 
f 152/206/297 151/205/349 237/312/350 
f 237/312/350 221/289/294 152/206/297 
f 264/348/351 266/377/352 267/378/353 
f 267/378/353 159/213/354 264/348/351 
f 159/213/354 224/292/355 227/295/356 
f 227/295/356 264/348/351 159/213/354 
s 1
f 131/185/180 130/184/179 124/178/173 
f 124/178/173 123/177/172 131/185/180 
f 145/199/188 144/198/187 71/83/57 
f 71/83/57 70/82/56 145/199/188 
f 141/195/185 140/194/185 143/197/186 
f 143/197/186 142/196/186 141/195/185 
f 189/243/357 188/242/357 39/379/357 
f 39/379/357 268/380/357 189/243/357 
s 2
f 269/381/358 146/200/359 180/234/359 
f 180/234/359 270/382/360 269/381/358 
f 129/183/361 128/182/362 179/233/362 
f 179/233/362 178/232/361 129/183/361 
s 4
f 157/211/305 230/298/304 224/292/355 
f 224/292/355 159/213/354 157/211/305 
f 225/351/313 229/353/316 254/335/315 
f 254/335/315 252/333/310 225/351/313 
f 251/332/333 243/371/332 248/374/336 
f 248/374/336 253/334/336 251/332/333 
f 247/328/342 242/320/345 158/212/344 
f 158/212/344 162/216/273 247/328/342 
s 1
f 271/383/363 272/384/364 273/385/365 
f 273/385/365 274/386/366 271/383/363 
f 275/387/367 276/388/368 277/389/369 
f 277/389/369 278/390/370 275/387/367 
f 279/391/371 280/392/372 281/393/373 
f 281/393/373 282/394/374 279/391/371 
f 283/395/375 284/396/376 285/397/377 
f 285/397/377 286/398/378 283/395/375 
f 274/386/366 287/399/379 288/400/380 
f 288/400/380 271/383/363 274/386/366 
f 273/385/365 272/384/364 289/401/381 
f 289/401/381 290/402/382 273/385/365 
f 278/390/370 291/403/383 292/404/384 
f 292/404/384 275/387/367 278/390/370 
f 279/391/371 282/394/374 293/405/385 
f 293/405/385 294/406/386 279/391/371 
f 287/407/379 277/389/369 276/388/368 
f 276/388/368 288/408/380 287/407/379 
f 290/409/382 289/410/381 284/396/376 
f 284/396/376 283/395/375 290/409/382 
f 291/411/383 281/393/373 280/392/372 
f 280/392/372 292/412/384 291/411/383 
f 294/413/386 293/414/385 286/398/378 
f 286/398/378 285/397/377 294/413/386 
f 272/384/364 295/415/387 296/416/388 
f 296/416/388 289/417/381 272/384/364 
f 276/388/368 297/418/389 298/419/390 
f 298/419/390 288/420/380 276/388/368 
f 285/397/377 299/421/391 300/422/392 
f 300/422/392 294/406/386 285/397/377 
f 280/392/372 301/423/393 302/424/394 
f 302/424/394 292/412/384 280/392/372 
s 8
f 299/421/395 303/425/395 304/426/395 
f 299/421/395 304/426/395 305/427/395 
f 305/427/395 300/422/395 299/421/395 
f 305/427/395 306/428/395 307/429/395 
f 307/429/395 300/422/395 305/427/395 
f 301/423/395 307/429/395 306/428/395 
f 301/423/395 306/428/395 308/430/395 
f 308/430/395 302/424/395 301/423/395 
f 308/430/395 309/431/395 310/432/395 
f 310/432/395 302/424/395 308/430/395 
f 297/418/395 310/432/395 309/431/395 
f 297/418/395 309/431/395 311/433/395 
f 311/433/395 298/419/395 297/418/395 
f 311/433/395 312/434/395 313/435/395 
f 313/435/395 298/419/395 311/433/395 
f 295/415/395 313/435/395 312/434/395 
f 295/415/395 312/434/395 314/436/395 
f 314/436/395 296/416/395 295/415/395 
f 314/436/395 304/426/395 303/425/395 
f 303/425/395 296/416/395 314/436/395 
s 2
f 315/437/396 316/438/397 305/427/398 
f 305/427/398 304/426/399 315/437/396 
s 4
f 316/438/400 317/439/401 306/428/402 
f 306/428/402 305/427/403 316/438/400 
f 306/428/402 317/439/401 318/440/404 
f 318/440/404 308/430/405 306/428/402 
s 2
f 318/440/406 319/441/407 309/431/408 
f 309/431/408 308/430/409 318/440/406 
f 319/441/407 320/442/410 311/433/411 
f 311/433/411 309/431/408 319/441/407 
s 4
f 320/442/412 321/443/413 312/434/414 
f 312/434/414 311/433/415 320/442/412 
f 312/434/414 321/443/413 322/444/416 
f 322/444/416 314/436/417 312/434/414 
s 2
f 322/444/418 315/437/396 304/426/399 
f 304/426/399 314/436/419 322/444/418 
s 1
f 316/438/395 315/437/395 323/445/395 
f 323/445/395 324/446/395 316/438/395 
f 317/439/395 316/438/395 324/446/395 
f 324/446/395 325/447/395 317/439/395 
f 326/448/395 318/440/395 317/439/395 
f 317/439/395 325/447/395 326/448/395 
f 319/441/395 318/440/395 326/448/395 
f 326/448/395 327/449/395 319/441/395 
f 328/450/395 320/442/395 319/441/395 
f 319/441/395 327/449/395 328/450/395 
f 321/443/395 320/442/395 328/450/395 
f 328/450/395 329/451/395 321/443/395 
f 330/452/395 322/444/395 321/443/395 
f 321/443/395 329/451/395 330/452/395 
f 315/437/395 322/444/395 330/452/395 
f 330/452/395 323/445/395 315/437/395 
s 2
f 324/453/420 323/454/421 331/455/422 
f 331/455/422 332/456/423 324/453/420 
f 325/457/424 324/453/420 332/456/423 
f 332/456/423 333/458/425 325/457/424 
f 334/459/426 326/460/427 325/457/424 
f 325/457/424 333/458/425 334/459/426 
f 335/461/428 327/462/429 326/463/427 
f 326/463/427 334/464/426 335/461/428 
f 336/465/430 328/466/431 327/462/429 
f 327/462/429 335/461/428 336/465/430 
f 337/467/432 329/468/433 328/466/431 
f 328/466/431 336/465/430 337/467/432 
f 330/469/434 329/468/433 337/467/432 
f 337/467/432 338/470/435 330/469/434 
f 323/454/421 330/469/434 338/470/435 
f 338/470/435 331/455/422 323/454/421 
f 331/471/422 339/472/436 340/473/437 
f 340/473/437 332/474/423 331/471/422 
f 333/475/425 332/474/423 340/473/437 
f 340/473/437 341/476/438 333/475/425 
f 333/475/425 341/476/438 342/477/439 
f 342/477/439 334/478/426 333/475/425 
f 335/479/428 334/478/426 342/477/439 
f 342/477/439 343/480/440 335/479/428 
f 335/479/428 343/480/440 344/481/441 
f 344/481/441 336/482/430 335/479/428 
f 337/483/432 336/482/430 344/481/441 
f 344/481/441 345/484/442 337/483/432 
f 337/483/432 345/484/442 346/485/443 
f 346/485/443 338/486/435 337/483/432 
f 331/471/422 338/486/435 346/485/443 
f 346/485/443 339/472/436 331/471/422 
s 1
f 347/487/444 340/473/445 339/472/446 
f 347/487/444 341/476/447 340/473/445 
f 347/487/444 342/477/448 341/476/447 
f 347/487/444 343/480/449 342/477/448 
f 347/487/444 344/481/450 343/480/449 
f 347/487/444 345/484/451 344/481/450 
f 347/487/444 346/485/452 345/484/451 
f 346/485/452 347/487/444 339/472/446 
f 284/396/376 303/425/453 299/421/391 
f 299/421/391 285/397/377 284/396/376 
f 279/391/371 294/406/386 300/422/392 
f 300/422/392 307/429/454 279/391/371 
f 279/391/371 307/429/454 301/423/393 
f 301/423/393 280/392/372 279/391/371 
f 275/387/367 292/412/384 302/424/394 
f 302/424/394 310/432/455 275/387/367 
f 275/387/367 310/432/455 297/418/389 
f 297/418/389 276/388/368 275/387/367 
f 271/383/363 288/420/380 298/419/390 
f 298/419/390 313/435/456 271/383/363 
f 271/383/363 313/435/456 295/415/387 
f 295/415/387 272/384/364 271/383/363 
f 284/396/376 289/417/381 296/416/388 
f 296/416/388 303/425/453 284/396/376 
f 348/488/457 349/489/457 350/490/458 
f 350/490/458 351/491/459 348/488/457 
f 352/492/460 353/493/461 354/494/461 
f 354/494/461 355/495/462 352/492/460 
f 356/496/463 357/497/463 358/498/463 
f 358/498/463 359/499/463 356/496/463 
s 2
f 354/494/464 348/488/465 351/491/466 
f 351/491/466 355/495/467 354/494/464 
s 1
f 360/500/468 361/501/468 362/502/468 
f 362/502/468 363/503/468 360/500/468 
s 2
f 364/504/469 365/505/470 366/506/471 
f 366/506/471 367/507/472 364/504/469 
s 4
f 368/508/473 366/509/474 365/510/475 
f 365/510/475 369/511/475 368/508/473 
f 364/504/476 367/507/477 370/512/478 
f 370/512/478 371/513/476 364/504/476 
s 2
f 361/514/479 360/500/480 371/513/481 
f 371/513/481 369/511/482 361/514/479 
f 371/513/481 370/512/483 368/508/484 
f 368/508/484 369/511/482 371/513/481 
f 354/494/464 358/498/485 357/515/486 
f 357/515/486 348/488/465 354/494/464 
f 372/516/487 353/493/488 349/517/489 
f 349/517/489 356/518/490 372/516/487 
f 372/516/487 356/518/490 359/499/491 
f 353/493/488 352/492/492 350/519/493 
f 350/519/493 349/517/489 353/493/488 
f 364/504/469 363/503/494 362/520/495 
f 362/520/495 365/505/470 364/504/469 
s 1
f 351/491/459 350/490/458 373/521/496 
f 373/521/496 374/522/496 351/491/459 
s 4
f 374/522/497 373/521/497 366/509/474 
f 366/509/474 368/508/473 374/522/497 
s 1
f 375/523/498 352/492/460 355/495/462 
f 355/495/462 376/524/498 375/523/498 
s 4
f 367/507/477 375/523/499 376/524/499 
f 376/524/499 370/512/478 367/507/477 
s 2
f 355/495/467 351/491/466 374/522/500 
f 374/522/500 376/524/501 355/495/467 
f 370/512/483 376/524/501 374/522/500 
f 374/522/500 368/508/484 370/512/483 
f 367/507/472 366/506/471 373/525/502 
f 373/525/502 375/523/503 367/507/472 
f 352/492/492 375/523/503 373/525/502 
f 373/525/502 350/519/493 352/492/492 
s 8
f 363/503/504 364/504/505 371/513/505 
f 371/513/505 360/500/505 363/503/504 
s 4
f 372/516/505 359/499/504 358/498/505 
f 358/498/505 354/494/505 372/516/505 
f 372/516/505 354/494/505 353/493/505 
s 8
f 377/526/506 378/527/506 379/528/507 
f 379/528/507 380/529/507 377/526/506 
f 381/530/508 382/531/508 378/527/506 
f 378/527/506 377/526/506 381/530/508 
f 383/532/509 384/533/509 382/531/508 
f 382/531/508 381/530/508 383/532/509 
f 385/534/510 386/535/510 384/533/509 
f 384/533/509 383/532/509 385/534/510 
f 387/536/511 388/537/511 386/535/510 
f 386/535/510 385/534/510 387/536/511 
f 389/538/512 390/539/512 388/537/511 
f 388/537/511 387/536/511 389/538/512 
f 391/540/513 392/541/513 390/539/512 
f 390/539/512 389/538/512 391/540/513 
f 380/529/507 379/528/507 392/542/513 
f 392/542/513 391/543/513 380/529/507 
s 1
f 393/544/514 394/545/515 395/546/516 
f 395/546/516 396/547/516 393/544/514 
s 2
f 397/548/517 395/546/518 394/545/519 
f 394/545/519 398/549/520 397/548/517 
s 1
f 398/549/521 399/550/522 400/551/523 
f 400/551/523 397/548/524 398/549/521 
s 2
f 401/552/525 402/553/526 403/554/527 
f 403/554/527 404/555/528 401/552/525 
s 1
f 405/556/529 406/557/530 407/558/531 
f 407/558/531 408/559/532 405/556/529 
s 2
f 408/559/533 407/558/534 393/560/535 
f 393/560/535 396/561/536 408/559/533 
s 4
f 409/562/537 410/563/538 411/564/539 
f 411/564/539 412/565/540 409/562/537 
s 2
f 411/564/541 413/566/542 414/567/543 
f 414/567/543 412/565/544 411/564/541 
s 4
f 415/568/545 414/567/546 413/566/547 
f 413/566/547 416/569/548 415/568/545 
s 2
f 417/570/549 418/571/550 406/572/551 
f 406/572/551 399/573/552 417/570/549 
s 4
f 419/574/553 420/575/554 421/576/555 
f 421/576/555 422/577/556 419/574/553 
s 2
f 422/577/557 421/576/558 410/578/559 
f 410/578/559 409/579/560 422/577/557 
s 1
f 423/580/561 424/581/562 425/582/563 
f 425/582/563 426/583/564 423/580/561 
s 2
f 427/584/565 425/582/566 424/581/567 
f 424/581/567 428/585/568 427/584/565 
s 1
f 428/585/569 429/586/570 430/587/571 
f 430/587/571 427/584/572 428/585/569 
s 2
f 420/588/573 416/589/574 431/590/575 
f 431/590/575 432/591/576 420/588/573 
s 1
f 433/592/577 434/593/578 435/594/579 
f 435/594/579 436/595/580 433/592/577 
s 2
f 436/595/581 435/594/582 423/596/583 
f 423/596/583 426/597/584 436/595/581 
s 4
f 437/598/585 438/599/586 439/600/587 
f 439/600/587 440/601/588 437/598/585 
s 2
f 441/602/589 440/601/590 439/600/591 
f 439/600/591 442/603/592 441/602/589 
s 4
f 443/604/593 441/602/594 442/603/595 
f 442/603/595 402/605/596 443/604/593 
s 2
f 444/606/597 445/607/598 434/608/599 
f 434/608/599 429/609/600 444/606/597 
s 4
f 446/610/601 401/611/602 447/612/603 
f 447/612/603 448/613/604 446/610/601 
s 2
f 448/613/605 447/612/606 438/614/607 
f 438/614/607 437/615/608 448/613/605 
s off
f 449/616/609 450/617/609 451/618/609 
f 452/619/610 453/620/610 454/621/610 
f 455/622/611 456/623/611 457/624/611 
f 458/625/612 459/626/612 460/627/612 
f 461/628/613 462/629/613 463/630/613 
f 463/630/613 454/631/613 461/628/613 
f 464/632/614 449/616/614 451/618/614 
f 451/618/614 465/633/614 464/632/614 
f 466/634/615 467/635/615 468/636/615 
f 468/636/615 460/637/615 466/634/615 
f 469/638/616 470/639/616 471/640/616 
f 471/640/616 457/641/616 469/638/616 
f 449/616/617 472/642/617 450/617/617 
f 450/617/618 472/642/618 473/643/618 
f 473/643/618 474/644/618 450/617/618 
f 451/645/619 450/646/619 474/644/619 
f 474/644/619 475/647/619 451/645/619 
f 452/619/620 476/648/620 453/620/620 
f 453/649/621 476/648/621 477/650/621 
f 477/650/621 478/651/621 453/649/621 
f 454/631/622 453/649/622 478/651/622 
f 478/651/622 461/628/622 454/631/622 
f 455/622/623 479/652/623 456/623/623 
f 456/653/624 479/652/624 480/654/624 
f 480/654/624 481/655/624 456/653/624 
f 457/641/625 456/653/625 481/655/625 
f 481/655/625 469/638/625 457/641/625 
f 458/625/626 482/656/626 459/626/626 
f 459/626/627 482/656/627 483/657/627 
f 483/657/627 484/658/627 459/626/627 
f 460/637/628 459/659/628 484/658/628 
f 484/658/628 466/634/628 460/637/628 
f 454/621/629 463/660/629 485/661/629 
f 485/661/629 452/619/629 454/621/629 
f 486/662/630 465/663/630 451/645/630 
f 451/645/630 475/647/630 486/662/630 
f 460/627/631 468/664/631 487/665/631 
f 487/665/631 458/625/631 460/627/631 
f 455/622/632 457/624/632 471/666/632 
f 471/666/632 488/667/632 455/622/632 
s 8
f 461/628/633 489/668/633 490/669/633 
f 490/669/633 462/629/633 461/628/633 
f 464/632/633 490/669/633 489/668/633 
f 489/668/633 449/616/633 464/632/633 
s 32
f 469/638/634 491/670/634 492/671/634 
f 492/671/634 470/639/634 469/638/634 
f 487/665/634 492/671/634 491/670/634 
f 491/670/634 458/625/634 487/665/634 
s off
f 477/650/635 493/672/635 494/673/635 
f 494/673/635 478/651/635 477/650/635 
f 472/642/635 494/673/635 493/672/635 
f 493/672/635 473/643/635 472/642/635 
f 480/654/636 495/674/636 496/675/636 
f 496/675/636 481/655/636 480/654/636 
f 482/656/636 496/675/636 495/674/636 
f 495/674/636 483/657/636 482/656/636 
f 478/651/637 494/673/637 489/668/637 
f 489/668/637 461/628/637 478/651/637 
f 449/616/638 489/668/638 494/673/638 
f 494/673/638 472/642/638 449/616/638 
f 481/655/639 496/675/639 491/670/639 
f 491/670/639 469/638/639 481/655/639 
f 458/625/639 491/670/639 496/675/639 
f 496/675/639 482/656/639 458/625/639 
s 16
f 467/635/640 466/634/640 497/676/640 
f 497/676/640 498/677/640 467/635/640 
f 452/619/640 485/661/640 498/677/640 
f 498/677/640 497/676/640 452/619/640 
s 64
f 475/647/641 499/678/641 500/679/641 
f 500/679/641 486/662/641 475/647/641 
f 488/667/641 500/679/641 499/678/641 
f 499/678/641 455/622/641 488/667/641 
s off
f 483/657/642 501/680/642 502/681/642 
f 502/681/642 484/658/642 483/657/642 
f 476/648/643 502/681/643 501/680/643 
f 501/680/643 477/650/643 476/648/643 
f 473/643/644 503/682/644 504/683/644 
f 504/683/644 474/644/644 473/643/644 
f 479/652/644 504/683/644 503/682/644 
f 503/682/644 480/654/644 479/652/644 
f 484/658/645 502/681/645 497/676/645 
f 497/676/645 466/634/645 484/658/645 
f 452/619/645 497/676/645 502/681/645 
f 502/681/645 476/648/645 452/619/645 
f 474/644/646 504/683/646 499/678/646 
f 499/678/646 475/647/646 474/644/646 
f 455/622/646 499/678/646 504/683/646 
f 504/683/646 479/652/646 455/622/646 
f 505/684/647 501/680/647 483/657/647 
f 483/657/647 495/674/647 505/684/647 
f 505/684/647 493/672/647 477/650/647 
f 477/650/647 501/680/647 505/684/647 
f 505/684/647 503/682/647 473/643/647 
f 473/643/647 493/672/647 505/684/647 
f 505/684/647 495/674/647 480/654/647 
f 480/654/647 503/682/647 505/684/647 
s 1
f 506/685/508 507/686/508 508/687/508 
f 508/687/508 509/688/508 506/685/508 
f 510/689/512 511/690/512 512/691/512 
f 512/691/512 513/692/512 510/689/512 
s 2
f 514/693/648 515/694/648 516/695/649 
f 516/695/649 517/696/650 514/693/648 
s 4
f 518/697/651 519/698/652 520/699/652 
f 520/699/652 521/700/651 518/697/651 
s 2
f 522/701/653 523/702/653 524/703/654 
f 524/703/654 525/704/655 522/701/653 
s 1
f 526/705/508 527/706/508 508/687/508 
f 508/687/508 520/699/508 526/705/508 
f 528/707/656 529/708/656 530/709/512 
f 530/709/512 531/710/512 528/707/656 
s 2
f 517/696/650 516/695/649 532/711/657 
f 532/711/657 533/712/657 517/696/650 
f 534/713/658 535/714/658 525/704/655 
f 525/704/655 524/703/654 534/713/658 
f 536/715/648 537/716/648 514/693/648 
f 514/693/648 517/696/650 536/715/648 
s 4
f 538/717/507 539/718/507 512/691/507 
f 512/691/507 540/719/507 538/717/507 
s 2
f 541/720/658 542/721/658 525/704/655 
f 525/704/655 535/714/658 541/720/658 
s 1
f 507/686/508 506/685/508 534/722/508 
f 534/722/508 524/703/508 507/686/508 
f 543/723/508 527/706/508 516/695/508 
f 516/695/508 515/724/508 543/723/508 
f 510/689/512 513/692/512 544/725/512 
f 544/725/512 545/726/512 510/689/512 
f 540/719/512 546/727/512 547/728/512 
f 547/728/512 548/729/512 540/719/512 
s 4
f 518/697/651 521/700/651 523/730/659 
f 523/730/659 522/731/659 518/697/651 
f 526/705/660 549/732/660 533/733/661 
f 533/733/661 532/734/661 526/705/660 
s 1
f 532/711/508 516/695/508 527/706/508 
f 527/706/508 526/705/508 532/711/508 
f 523/702/508 521/700/508 507/686/508 
f 507/686/508 524/703/508 523/702/508 
f 522/735/512 525/736/512 550/737/662 
f 550/737/662 518/738/663 522/735/512 
f 533/739/512 549/740/664 538/717/665 
f 538/717/665 517/741/512 533/739/512 
f 551/742/666 549/740/664 519/743/667 
f 519/743/667 552/744/668 551/742/666 
f 518/738/663 550/737/662 553/745/669 
f 553/745/669 554/746/670 518/738/663 
f 553/745/669 550/737/662 539/718/671 
f 539/718/671 555/747/671 553/745/669 
f 549/740/664 551/742/666 556/748/672 
f 556/748/672 538/717/665 549/740/664 
s 2
f 557/749/673 551/742/673 552/744/673 
f 552/744/673 558/750/673 557/749/673 
s 4
f 553/745/674 559/751/674 560/752/674 
f 560/752/674 554/746/674 553/745/674 
s 2
f 559/751/675 553/745/675 555/747/675 
f 555/747/675 561/753/675 559/751/675 
s 4
f 551/742/676 557/749/676 562/754/676 
f 562/754/676 556/748/676 551/742/676 
s 1
f 563/755/512 557/749/512 558/750/512 
f 558/750/512 564/756/512 563/755/512 
f 559/751/512 565/757/512 566/758/512 
f 566/758/512 560/752/512 559/751/512 
f 565/757/512 559/751/512 561/753/512 
f 561/753/512 567/759/512 565/757/512 
f 557/749/512 563/755/512 568/760/512 
f 568/760/512 562/754/512 557/749/512 
s 2
f 569/761/677 570/762/677 564/763/677 
f 564/763/677 566/764/677 569/761/677 
s 4
f 569/761/658 566/764/658 565/765/658 
f 565/765/658 571/766/658 569/761/658 
s 2
f 572/767/678 573/768/678 567/769/678 
f 567/769/678 568/770/678 572/767/678 
s 4
f 572/771/648 568/772/648 563/773/648 
f 563/773/648 574/774/648 572/771/648 
s 1
f 569/775/679 575/776/680 576/777/681 
f 576/777/681 570/778/681 569/775/679 
s 2
f 577/779/658 578/780/658 579/781/658 
f 579/781/658 580/782/658 577/779/658 
s 1
f 572/767/682 581/783/683 582/784/684 
f 582/784/684 573/768/684 572/767/682 
s 2
f 583/785/648 584/786/648 585/787/648 
f 585/787/648 586/788/648 583/785/648 
s 8
f 571/766/508 580/789/508 579/790/508 
f 579/790/508 569/761/508 571/766/508 
s 1
f 571/791/685 587/792/686 577/779/687 
f 577/779/687 580/782/688 571/791/685 
f 528/793/656 588/794/689 589/795/689 
f 589/795/689 529/708/656 528/793/656 
s 4
f 575/776/690 578/796/691 588/797/692 
f 588/797/692 528/707/693 575/776/690 
s 8
f 574/774/508 586/798/508 585/799/508 
f 585/799/508 572/771/508 574/774/508 
s 1
f 574/800/694 590/801/695 583/802/696 
f 583/802/696 586/803/697 574/800/694 
f 591/804/698 592/805/699 593/806/699 
f 593/806/699 594/807/698 591/804/698 
s 4
f 581/783/700 584/786/701 592/805/702 
f 592/805/702 591/804/703 581/783/700 
f 528/707/693 531/710/704 576/777/704 
f 576/777/704 575/776/690 528/707/693 
s 2
f 588/808/658 578/780/658 577/779/658 
f 577/779/658 589/795/658 588/808/658 
s 4
f 591/804/703 530/709/705 582/784/705 
f 582/784/705 581/783/700 591/804/703 
s 2
f 592/805/648 584/786/648 583/785/648 
f 583/785/648 593/809/648 592/805/648 
s 4
f 587/792/706 529/708/707 589/795/708 
f 589/795/708 577/779/709 587/792/706 
s 1
f 569/810/679 579/811/710 578/796/711 
f 578/796/711 575/776/680 569/810/679 
s 4
f 590/801/712 594/812/713 593/813/714 
f 593/813/714 583/802/715 590/801/712 
s 1
f 572/767/682 585/787/716 584/786/717 
f 584/786/717 581/783/683 572/767/682 
s 4
f 544/725/507 513/692/507 550/737/507 
f 550/737/507 525/736/507 544/725/507 
f 544/725/507 525/736/507 542/814/507 
f 536/815/507 517/741/507 538/717/507 
f 538/717/507 540/719/507 536/815/507 
f 536/815/507 540/719/507 548/729/507 
s 1
f 595/816/718 596/817/718 597/818/719 
f 597/818/719 598/819/720 595/816/718 
f 599/820/721 600/821/722 601/822/722 
f 601/822/722 602/823/723 599/820/721 
f 603/824/724 604/825/724 605/826/724 
f 605/826/724 606/827/724 603/824/724 
s 2
f 601/822/725 595/816/726 598/819/727 
f 598/819/727 602/823/728 601/822/725 
s 1
f 607/828/729 608/829/729 609/830/729 
f 609/830/729 610/831/729 607/828/729 
s 2
f 611/832/730 612/833/731 613/834/732 
f 613/834/732 614/835/733 611/832/730 
s 1
f 615/836/734 613/837/735 612/838/736 
f 612/838/736 616/839/736 615/836/734 
f 611/832/737 614/835/738 617/840/739 
f 617/840/739 618/841/737 611/832/737 
s 2
f 608/842/740 607/828/741 618/841/742 
f 618/841/742 616/839/743 608/842/740 
f 618/841/742 617/840/744 615/836/745 
f 615/836/745 616/839/743 618/841/742 
f 601/822/725 605/826/746 604/843/747 
f 604/843/747 595/816/726 601/822/725 
f 603/844/748 606/827/749 600/821/750 
f 600/821/750 596/845/751 603/844/748 
f 600/821/750 599/820/752 597/846/753 
f 597/846/753 596/845/751 600/821/750 
f 611/832/730 610/831/754 609/847/755 
f 609/847/755 612/833/731 611/832/730 
s 1
f 598/819/720 597/818/719 619/848/756 
f 619/848/756 620/849/757 598/819/720 
f 621/850/758 599/820/721 602/823/723 
f 602/823/723 622/851/759 621/850/758 
s 2
f 602/823/728 598/819/727 620/849/760 
f 620/849/760 622/851/761 602/823/728 
f 614/835/733 613/834/732 623/852/762 
f 623/852/762 624/853/763 614/835/733 
s 1
f 620/849/757 619/848/756 625/854/764 
f 625/854/764 626/855/765 620/849/757 
f 626/855/765 625/854/764 627/856/766 
f 627/856/766 628/857/767 626/855/765 
f 628/857/767 627/856/766 623/858/768 
f 623/858/768 629/859/769 628/857/767 
f 629/859/769 623/858/768 613/837/735 
f 613/837/735 615/836/734 629/859/769 
f 630/860/770 621/850/758 622/851/759 
f 622/851/759 631/861/771 630/860/770 
f 632/862/772 630/860/770 631/861/771 
f 631/861/771 633/863/773 632/862/772 
f 624/853/774 632/862/772 633/863/773 
f 633/863/773 634/864/775 624/853/774 
f 614/835/738 624/853/774 634/864/775 
f 634/864/775 617/840/739 614/835/738 
s 2
f 622/851/761 620/849/760 626/855/776 
f 626/855/776 631/861/777 622/851/761 
f 631/861/777 626/855/776 628/857/778 
f 628/857/778 633/863/779 631/861/777 
f 634/864/780 633/863/779 628/857/778 
f 628/857/778 629/859/781 634/864/780 
f 617/840/744 634/864/780 629/859/781 
f 629/859/781 615/836/745 617/840/744 
f 624/853/763 623/852/762 627/865/782 
f 627/865/782 632/862/783 624/853/763 
f 630/860/784 632/862/783 627/865/782 
f 627/865/782 625/866/785 630/860/784 
f 621/850/786 630/860/784 625/866/785 
f 625/866/785 619/867/787 621/850/786 
f 599/820/752 621/850/786 619/867/787 
f 619/867/787 597/846/753 599/820/752 
s 4
f 611/832/788 618/841/788 607/828/788 
f 607/828/788 610/831/789 611/832/788 
f 606/827/790 605/826/788 601/822/791 
f 601/822/791 600/821/788 606/827/790 
s 1
f 635/868/792 636/869/792 637/870/507 
f 637/870/507 638/871/507 635/868/792 
f 639/872/793 640/873/793 636/869/792 
f 636/869/792 635/868/792 639/872/793 
f 641/874/794 642/875/794 640/873/793 
f 640/873/793 639/872/793 641/874/794 
f 643/876/795 644/877/795 642/875/794 
f 642/875/794 641/874/794 643/876/795 
f 645/878/796 646/879/797 644/877/795 
f 644/877/795 643/876/795 645/878/796 
f 647/880/798 648/881/798 646/879/797 
f 646/879/797 645/878/796 647/880/798 
f 649/882/799 650/883/799 648/881/798 
f 648/881/798 647/880/798 649/882/799 
f 651/884/800 652/885/800 650/883/799 
f 650/883/799 649/882/799 651/884/800 
f 653/886/510 654/887/510 652/885/800 
f 652/885/800 651/884/800 653/886/510 
f 655/888/801 656/889/801 654/887/510 
f 654/887/510 653/886/510 655/888/801 
f 657/890/802 658/891/802 656/889/801 
f 656/889/801 655/888/801 657/890/802 
f 659/892/803 660/893/803 658/891/802 
f 658/891/802 657/890/802 659/892/803 
f 661/894/804 662/895/805 660/893/803 
f 660/893/803 659/892/803 661/894/804 
f 663/896/806 664/897/807 662/895/805 
f 662/895/805 661/894/804 663/896/806 
f 665/898/808 666/899/808 664/897/807 
f 664/897/807 663/896/806 665/898/808 
f 667/900/809 668/901/809 666/899/808 
f 666/899/808 665/898/808 667/900/809 
f 669/902/810 670/903/810 668/904/809 
f 668/904/809 667/905/809 669/902/810 
f 638/871/507 637/870/507 670/903/810 
f 670/903/810 669/902/810 638/871/507 
s 2
f 671/906/811 672/907/792 673/908/507 
f 673/908/507 674/909/812 671/906/811 
f 675/910/813 676/911/793 672/907/792 
f 672/907/792 671/906/811 675/910/813 
f 677/912/814 678/913/794 676/911/793 
f 676/911/793 675/910/813 677/912/814 
f 679/914/815 680/915/795 678/913/794 
f 678/913/794 677/912/814 679/914/815 
f 681/916/816 682/917/796 680/915/795 
f 680/915/795 679/914/815 681/916/816 
f 683/918/817 684/919/798 682/917/796 
f 682/917/796 681/916/816 683/918/817 
f 685/920/818 686/921/799 684/919/798 
f 684/919/798 683/918/817 685/920/818 
f 687/922/819 688/923/800 686/921/799 
f 686/921/799 685/920/818 687/922/819 
f 689/924/820 690/925/510 688/923/800 
f 688/923/800 687/922/819 689/924/820 
f 691/926/821 692/927/801 690/925/510 
f 690/925/510 689/924/820 691/926/821 
f 693/928/822 694/929/802 692/927/801 
f 692/927/801 691/926/821 693/928/822 
f 695/930/823 696/931/803 694/929/802 
f 694/929/802 693/928/822 695/930/823 
f 697/932/824 698/933/804 696/931/803 
f 696/931/803 695/930/823 697/932/824 
f 699/934/825 700/935/806 698/933/804 
f 698/933/804 697/932/824 699/934/825 
f 701/936/826 702/937/808 700/935/806 
f 700/935/806 699/934/825 701/936/826 
f 703/938/827 704/939/809 702/937/808 
f 702/937/808 701/936/826 703/938/827 
f 705/940/828 706/941/810 704/942/809 
f 704/942/809 703/943/827 705/940/828 
f 674/909/812 673/908/507 706/941/810 
f 706/941/810 705/940/828 674/909/812 
f 637/870/829 636/869/830 707/944/831 
f 707/944/831 708/945/832 637/870/829 
f 670/903/833 637/870/829 708/945/832 
f 708/945/832 709/946/834 670/903/833 
f 710/947/835 668/904/836 670/903/833 
f 670/903/833 709/946/834 710/947/835 
f 711/948/837 666/899/838 668/901/836 
f 668/901/836 710/949/835 711/948/837 
f 712/950/839 664/897/840 666/899/838 
f 666/899/838 711/948/837 712/950/839 
f 713/951/841 662/895/842 664/897/840 
f 664/897/840 712/950/839 713/951/841 
f 714/952/843 660/893/844 662/895/842 
f 662/895/842 713/951/841 714/952/843 
f 715/953/845 658/891/846 660/893/844 
f 660/893/844 714/952/843 715/953/845 
f 716/954/847 656/889/848 658/891/846 
f 658/891/846 715/953/845 716/954/847 
f 717/955/849 654/887/850 656/889/848 
f 656/889/848 716/954/847 717/955/849 
f 718/956/851 652/885/852 654/887/850 
f 654/887/850 717/955/849 718/956/851 
f 719/957/853 650/883/854 652/885/852 
f 652/885/852 718/956/851 719/957/853 
f 720/958/855 648/881/856 650/883/854 
f 650/883/854 719/957/853 720/958/855 
f 721/959/857 646/879/858 648/881/856 
f 648/881/856 720/958/855 721/959/857 
f 722/960/859 644/877/860 646/879/858 
f 646/879/858 721/959/857 722/960/859 
f 723/961/861 642/875/862 644/877/860 
f 644/877/860 722/960/859 723/961/861 
f 724/962/863 640/873/864 642/875/862 
f 642/875/862 723/961/861 724/962/863 
f 707/944/831 636/869/830 640/873/864 
f 640/873/864 724/962/863 707/944/831 
f 708/945/832 707/944/831 725/963/865 
f 725/963/865 726/964/866 708/945/832 
f 726/964/866 725/963/865 671/906/811 
f 671/906/811 674/909/812 726/964/866 
f 707/944/831 724/962/863 727/965/867 
f 727/965/867 725/963/865 707/944/831 
f 725/963/865 727/965/867 675/910/813 
f 675/910/813 671/906/811 725/963/865 
f 724/962/863 723/961/861 728/966/868 
f 728/966/868 727/965/867 724/962/863 
f 727/965/867 728/966/868 677/912/814 
f 677/912/814 675/910/813 727/965/867 
f 723/961/861 722/960/859 729/967/869 
f 729/967/869 728/966/868 723/961/861 
f 728/966/868 729/967/869 679/914/815 
f 679/914/815 677/912/814 728/966/868 
f 722/960/859 721/959/857 730/968/870 
f 730/968/870 729/967/869 722/960/859 
f 729/967/869 730/968/870 681/916/816 
f 681/916/816 679/914/815 729/967/869 
f 721/959/857 720/958/855 731/969/871 
f 731/969/871 730/968/870 721/959/857 
f 730/968/870 731/969/871 683/918/817 
f 683/918/817 681/916/816 730/968/870 
f 720/958/855 719/957/853 732/970/872 
f 732/970/872 731/969/871 720/958/855 
f 731/969/871 732/970/872 685/920/818 
f 685/920/818 683/918/817 731/969/871 
f 719/957/853 718/956/851 733/971/873 
f 733/971/873 732/970/872 719/957/853 
f 732/970/872 733/971/873 687/922/819 
f 687/922/819 685/920/818 732/970/872 
f 718/956/851 717/955/849 734/972/874 
f 734/972/874 733/971/873 718/956/851 
f 733/971/873 734/972/874 689/924/820 
f 689/924/820 687/922/819 733/971/873 
f 717/955/849 716/954/847 735/973/875 
f 735/973/875 734/972/874 717/955/849 
f 734/972/874 735/973/875 691/926/821 
f 691/926/821 689/924/820 734/972/874 
f 716/954/847 715/953/845 736/974/876 
f 736/974/876 735/973/875 716/954/847 
f 735/973/875 736/974/876 693/928/822 
f 693/928/822 691/926/821 735/973/875 
f 715/953/845 714/952/843 737/975/877 
f 737/975/877 736/974/876 715/953/845 
f 736/974/876 737/975/877 695/930/823 
f 695/930/823 693/928/822 736/974/876 
f 714/952/843 713/951/841 738/976/878 
f 738/976/878 737/975/877 714/952/843 
f 737/975/877 738/976/878 697/932/824 
f 697/932/824 695/930/823 737/975/877 
f 713/951/841 712/950/839 739/977/879 
f 739/977/879 738/976/878 713/951/841 
f 738/976/878 739/977/879 699/934/825 
f 699/934/825 697/932/824 738/976/878 
f 712/950/839 711/948/837 740/978/880 
f 740/978/880 739/977/879 712/950/839 
f 739/977/879 740/978/880 701/936/826 
f 701/936/826 699/934/825 739/977/879 
f 711/948/837 710/949/835 741/979/881 
f 741/979/881 740/978/880 711/948/837 
f 740/978/880 741/979/881 703/938/827 
f 703/938/827 701/936/826 740/978/880 
f 710/947/835 709/946/834 742/980/882 
f 742/980/882 741/981/881 710/947/835 
f 741/981/881 742/980/882 705/940/828 
f 705/940/828 703/943/827 741/981/881 
f 709/946/834 708/945/832 726/964/866 
f 726/964/866 742/980/882 709/946/834 
f 742/980/882 726/964/866 674/909/812 
f 674/909/812 705/940/828 742/980/882 
s 1
f 743/982/648 673/908/648 672/907/648 
f 672/907/648 744/983/648 743/982/648 
f 744/983/648 672/907/648 676/911/648 
f 676/911/648 745/984/648 744/983/648 
f 745/984/648 676/911/648 678/913/648 
f 678/913/648 746/985/648 745/984/648 
f 746/985/648 678/913/648 680/915/648 
f 680/915/648 747/986/648 746/985/648 
f 747/986/648 680/915/648 682/917/648 
f 682/917/648 748/987/648 747/986/648 
f 748/987/648 682/917/648 684/919/648 
f 684/919/648 749/988/648 748/987/648 
f 749/988/648 684/919/648 686/921/648 
f 686/921/648 750/989/648 749/988/648 
f 750/989/648 686/921/648 688/923/648 
f 688/923/648 751/990/648 750/989/648 
f 751/990/648 688/923/648 690/925/648 
f 690/925/648 752/991/648 751/990/648 
f 752/991/648 690/925/648 692/927/648 
f 692/927/648 753/992/648 752/991/648 
f 753/992/648 692/927/648 694/929/648 
f 694/929/648 754/993/648 753/992/648 
f 754/993/648 694/929/648 696/931/648 
f 696/931/648 755/994/648 754/993/648 
f 755/994/648 696/931/648 698/933/648 
f 698/933/648 756/995/648 755/994/648 
f 756/995/648 698/933/648 700/935/648 
f 700/935/648 757/996/648 756/995/648 
f 757/996/648 700/935/648 702/937/648 
f 702/937/648 758/997/648 757/996/648 
f 758/997/648 702/937/648 704/939/648 
f 704/939/648 759/998/648 758/997/648 
f 759/999/648 704/942/648 706/941/648 
f 706/941/648 760/1000/648 759/999/648 
f 760/1000/648 706/941/648 673/908/648 
f 673/908/648 743/982/648 760/1000/648 
s 2
f 744/983/801 761/1001/801 762/1002/510 
f 762/1002/510 743/982/510 744/983/801 
f 745/984/802 763/1003/802 761/1001/801 
f 761/1001/801 744/983/801 745/984/802 
f 746/985/803 764/1004/803 763/1003/802 
f 763/1003/802 745/984/802 746/985/803 
f 747/986/804 765/1005/804 764/1004/803 
f 764/1004/803 746/985/803 747/986/804 
f 748/987/806 766/1006/806 765/1005/804 
f 765/1005/804 747/986/804 748/987/806 
f 749/988/808 767/1007/808 766/1006/806 
f 766/1006/806 748/987/806 749/988/808 
f 750/989/809 768/1008/809 767/1007/808 
f 767/1007/808 749/988/808 750/989/809 
f 751/990/810 769/1009/810 768/1008/809 
f 768/1008/809 750/989/809 751/990/810 
f 752/991/507 770/1010/507 769/1009/810 
f 769/1009/810 751/990/810 752/991/507 
f 753/992/792 771/1011/792 770/1010/507 
f 770/1010/507 752/991/507 753/992/792 
f 754/993/793 772/1012/793 771/1011/792 
f 771/1011/792 753/992/792 754/993/793 
f 755/994/794 773/1013/794 772/1012/793 
f 772/1012/793 754/993/793 755/994/794 
f 756/995/795 774/1014/795 773/1013/794 
f 773/1013/794 755/994/794 756/995/795 
f 757/996/796 775/1015/796 774/1014/795 
f 774/1014/795 756/995/795 757/996/796 
f 758/997/798 776/1016/798 775/1015/796 
f 775/1015/796 757/996/796 758/997/798 
f 759/998/799 777/1017/799 776/1016/798 
f 776/1016/798 758/997/798 759/998/799 
f 760/1000/800 778/1018/800 777/1019/799 
f 777/1019/799 759/999/799 760/1000/800 
f 743/982/510 762/1002/510 778/1018/800 
f 778/1018/800 760/1000/800 743/982/510 
s 1
f 779/1020/793 780/1021/883 781/1022/883 
f 781/1022/883 782/1023/793 779/1020/793 
f 783/1024/884 779/1020/793 782/1023/793 
f 782/1023/793 784/1025/884 783/1024/884 
f 785/1026/512 783/1024/884 784/1025/884 
f 784/1025/884 786/1027/512 785/1026/512 
f 787/1028/885 785/1026/512 786/1027/512 
f 786/1027/512 788/1029/885 787/1028/885 
f 789/1030/799 787/1028/885 788/1029/885 
f 788/1029/885 790/1031/799 789/1030/799 
f 791/1032/886 789/1030/799 790/1031/799 
f 790/1031/799 792/1033/886 791/1032/886 
f 793/1034/887 791/1032/886 792/1033/886 
f 792/1033/886 794/1035/887 793/1034/887 
f 795/1036/802 793/1034/887 794/1035/887 
f 794/1035/887 796/1037/802 795/1036/802 
f 797/1038/888 795/1036/802 796/1037/802 
f 796/1037/802 798/1039/888 797/1038/888 
f 799/1040/508 797/1038/888 798/1039/888 
f 798/1039/888 800/1041/508 799/1040/508 
f 801/1042/889 799/1040/508 800/1041/508 
f 800/1041/508 802/1043/889 801/1042/889 
f 803/1044/809 801/1042/889 802/1043/889 
f 802/1043/889 804/1045/809 803/1044/809 
f 805/1046/890 803/1044/809 804/1045/809 
f 804/1045/809 806/1047/890 805/1046/890 
f 780/1021/883 805/1046/890 806/1047/890 
f 806/1047/890 781/1022/883 780/1021/883 
s 2
f 638/1048/891 807/1049/892 808/1050/893 
f 808/1050/893 635/1051/894 638/1048/891 
f 669/1052/895 809/1053/896 807/1049/892 
f 807/1049/892 638/1048/891 669/1052/895 
f 810/1054/897 809/1053/896 669/1052/895 
f 669/1052/895 667/1055/898 810/1054/897 
f 665/1056/899 811/1057/900 810/1054/897 
f 810/1054/897 667/1055/898 665/1056/899 
f 663/1058/901 812/1059/902 811/1057/900 
f 811/1057/900 665/1056/899 663/1058/901 
f 661/1060/903 813/1061/904 812/1059/902 
f 812/1059/902 663/1058/901 661/1060/903 
f 659/1062/905 814/1063/906 813/1061/904 
f 813/1061/904 661/1060/903 659/1062/905 
f 657/1064/907 815/1065/908 814/1063/906 
f 814/1063/906 659/1062/905 657/1064/907 
f 655/1066/909 816/1067/910 815/1065/908 
f 815/1065/908 657/1064/907 655/1066/909 
f 653/1068/911 817/1069/912 816/1067/910 
f 816/1067/910 655/1066/909 653/1068/911 
f 653/1068/911 651/1070/913 818/1071/914 
f 818/1071/914 817/1069/912 653/1068/911 
f 649/1072/915 819/1073/916 818/1071/914 
f 818/1071/914 651/1070/913 649/1072/915 
f 647/1074/917 820/1075/918 819/1073/916 
f 819/1073/916 649/1072/915 647/1074/917 
f 645/1076/919 821/1077/920 820/1075/918 
f 820/1075/918 647/1074/917 645/1076/919 
f 643/1078/921 822/1079/922 821/1077/920 
f 821/1077/920 645/1076/919 643/1078/921 
f 641/1080/923 823/1081/924 822/1079/922 
f 822/1079/922 643/1078/921 641/1080/923 
f 639/1082/925 824/1083/926 823/1081/924 
f 823/1081/924 641/1080/923 639/1082/925 
f 635/1051/894 808/1050/893 824/1083/926 
f 824/1083/926 639/1082/925 635/1051/894 
s 4
f 762/1084/648 761/1085/648 825/1086/648 
f 825/1086/648 826/1087/648 762/1084/648 
f 761/1085/648 763/1088/648 827/1089/648 
f 827/1089/648 825/1086/648 761/1085/648 
f 781/1022/648 828/1090/648 829/1091/648 
f 829/1091/648 782/1023/648 781/1022/648 
f 830/1092/648 828/1090/648 781/1022/648 
f 781/1022/648 806/1047/648 830/1092/648 
f 806/1047/648 804/1045/648 831/1093/648 
f 831/1093/648 830/1092/648 806/1047/648 
f 804/1045/648 802/1043/648 832/1094/648 
f 832/1094/648 833/1095/648 804/1045/648 
f 804/1045/648 833/1095/648 831/1093/648 
f 832/1094/648 776/1096/648 777/1097/648 
f 777/1097/648 834/1098/648 832/1094/648 
f 832/1094/648 834/1098/648 833/1095/648 
f 778/1099/648 835/1100/648 834/1098/648 
f 834/1098/648 777/1097/648 778/1099/648 
f 762/1084/648 826/1087/648 835/1100/648 
f 835/1100/648 778/1099/648 762/1084/648 
f 765/1101/648 836/1102/648 837/1103/648 
f 837/1103/648 764/1104/648 765/1101/648 
f 766/1105/648 838/1106/648 836/1102/648 
f 836/1102/648 765/1101/648 766/1105/648 
f 766/1105/648 767/1107/648 839/1108/648 
f 839/1108/648 838/1106/648 766/1105/648 
f 840/1109/648 839/1108/648 767/1107/648 
f 767/1107/648 768/1110/648 840/1109/648 
f 840/1109/648 768/1110/648 841/1111/648 
f 841/1111/648 790/1031/648 788/1029/648 
f 788/1029/648 840/1109/648 841/1111/648 
f 840/1109/648 788/1029/648 842/1112/648 
f 788/1029/648 786/1027/648 843/1113/648 
f 843/1113/648 842/1112/648 788/1029/648 
f 784/1025/648 844/1114/648 843/1113/648 
f 843/1113/648 786/1027/648 784/1025/648 
f 769/1115/648 845/1116/648 846/1117/648 
f 846/1117/648 768/1110/648 769/1115/648 
f 770/1118/648 847/1119/648 845/1116/648 
f 845/1116/648 769/1115/648 770/1118/648 
f 770/1118/648 771/1120/648 848/1121/648 
f 848/1121/648 847/1119/648 770/1118/648 
f 771/1120/648 772/1122/648 849/1123/648 
f 849/1123/648 848/1121/648 771/1120/648 
f 794/1035/648 850/1124/648 851/1125/648 
f 851/1125/648 796/1037/648 794/1035/648 
f 792/1033/648 852/1126/648 850/1124/648 
f 850/1124/648 794/1035/648 792/1033/648 
f 792/1033/648 790/1031/648 853/1127/648 
f 853/1127/648 852/1126/648 792/1033/648 
f 841/1111/648 854/1128/648 853/1127/648 
f 853/1127/648 790/1031/648 841/1111/648 
f 841/1111/648 768/1110/648 846/1117/648 
f 846/1117/648 854/1128/648 841/1111/648 
f 774/1129/648 855/1130/648 856/1131/648 
f 856/1131/648 773/1132/648 774/1129/648 
f 775/1133/648 857/1134/648 855/1130/648 
f 855/1130/648 774/1129/648 775/1133/648 
f 775/1133/648 776/1096/648 858/1135/648 
f 858/1135/648 857/1134/648 775/1133/648 
f 832/1094/648 859/1136/648 858/1135/648 
f 858/1135/648 776/1096/648 832/1094/648 
f 832/1094/648 802/1043/648 860/1137/648 
f 860/1137/648 859/1136/648 832/1094/648 
f 802/1043/648 800/1041/648 861/1138/648 
f 861/1138/648 860/1137/648 802/1043/648 
f 798/1039/648 862/1139/648 861/1138/648 
f 861/1138/648 800/1041/648 798/1039/648 
s 1
f 863/1140/648 864/1141/648 865/1142/648 
f 865/1142/648 866/1143/648 863/1140/648 
f 863/1140/648 866/1143/648 867/1144/648 
f 867/1144/648 868/1145/648 863/1140/648 
f 868/1145/648 867/1144/648 869/1146/648 
f 869/1146/648 870/1147/648 868/1145/648 
f 870/1147/648 869/1146/648 871/1148/648 
f 871/1148/648 872/1149/648 870/1147/648 
f 872/1149/648 871/1148/648 873/1150/648 
f 873/1150/648 874/1151/648 872/1149/648 
f 875/1152/648 876/1153/648 874/1151/648 
f 874/1151/648 873/1150/648 875/1152/648 
f 877/1154/648 876/1153/648 875/1152/648 
f 875/1152/648 878/1155/648 877/1154/648 
f 879/1156/648 877/1154/648 878/1155/648 
f 878/1155/648 880/1157/648 879/1156/648 
f 881/1158/648 879/1156/648 880/1157/648 
f 880/1157/648 882/1159/648 881/1158/648 
f 883/1160/648 881/1158/648 882/1159/648 
f 882/1159/648 884/1161/648 883/1160/648 
f 883/1160/648 884/1161/648 865/1142/648 
f 865/1142/648 864/1141/648 883/1160/648 
f 885/1162/648 886/1163/648 887/1164/648 
f 887/1164/648 888/1165/648 885/1162/648 
f 888/1165/648 887/1164/648 889/1166/648 
f 889/1166/648 890/1167/648 888/1165/648 
f 891/1168/648 890/1167/648 889/1166/648 
f 889/1166/648 892/1169/648 891/1168/648 
f 891/1168/648 892/1169/648 893/1170/648 
f 893/1170/648 894/1171/648 891/1168/648 
f 894/1171/648 893/1170/648 895/1172/648 
f 895/1172/648 896/1173/648 894/1171/648 
f 896/1173/648 895/1172/648 897/1174/648 
f 897/1174/648 898/1175/648 896/1173/648 
f 899/1176/648 898/1175/648 897/1174/648 
f 897/1174/648 900/1177/648 899/1176/648 
f 901/1178/648 899/1176/648 900/1177/648 
f 900/1177/648 902/1179/648 901/1178/648 
f 885/1162/648 901/1178/648 902/1179/648 
f 902/1179/648 886/1163/648 885/1162/648 
f 903/1180/648 904/1181/648 905/1182/648 
f 905/1182/648 906/1183/648 903/1180/648 
f 903/1180/648 906/1183/648 907/1184/648 
f 907/1184/648 908/1185/648 903/1180/648 
f 909/1186/648 908/1185/648 907/1184/648 
f 907/1184/648 910/1187/648 909/1186/648 
f 909/1186/648 910/1187/648 911/1188/648 
f 911/1188/648 912/1189/648 909/1186/648 
f 912/1189/648 911/1188/648 913/1190/648 
f 913/1190/648 914/1191/648 912/1189/648 
f 914/1191/648 913/1190/648 915/1192/648 
f 915/1192/648 916/1193/648 914/1191/648 
f 916/1193/648 915/1192/648 917/1194/648 
f 917/1194/648 918/1195/648 916/1193/648 
f 919/1196/648 920/1197/648 918/1195/648 
f 918/1195/648 917/1194/648 919/1196/648 
f 921/1198/648 920/1197/648 919/1196/648 
f 919/1196/648 922/1199/648 921/1198/648 
f 923/1200/648 921/1198/648 922/1199/648 
f 922/1199/648 924/1201/648 923/1200/648 
f 904/1181/648 923/1200/648 924/1201/648 
f 924/1201/648 905/1182/648 904/1181/648 
f 925/1202/648 926/1203/648 927/1204/648 
f 927/1204/648 928/1205/648 925/1202/648 
f 928/1205/648 927/1204/648 929/1206/648 
f 929/1206/648 930/1207/648 928/1205/648 
f 931/1208/648 930/1207/648 929/1206/648 
f 929/1206/648 932/1209/648 931/1208/648 
f 931/1208/648 932/1209/648 933/1210/648 
f 933/1210/648 934/1211/648 931/1208/648 
f 934/1211/648 933/1210/648 935/1212/648 
f 935/1212/648 936/1213/648 934/1211/648 
f 936/1213/648 935/1212/648 937/1214/648 
f 937/1214/648 938/1215/648 936/1213/648 
f 937/1214/648 939/1216/648 940/1217/648 
f 940/1217/648 938/1215/648 937/1214/648 
f 941/1218/648 940/1217/648 939/1216/648 
f 939/1216/648 942/1219/648 941/1218/648 
f 925/1202/648 941/1218/648 942/1219/648 
f 942/1219/648 926/1203/648 925/1202/648 
s 2
f 825/1086/927 866/1143/927 865/1142/507 
f 865/1142/507 826/1087/507 825/1086/927 
s 8
f 827/1089/928 867/1144/928 866/1143/929 
f 866/1143/929 825/1086/929 827/1089/928 
f 943/1220/930 869/1146/930 867/1144/928 
f 867/1144/928 827/1089/928 943/1220/930 
f 829/1091/931 871/1148/931 869/1146/930 
f 869/1146/930 943/1220/930 829/1091/931 
f 828/1090/932 873/1150/932 871/1148/931 
f 871/1148/931 829/1091/931 828/1090/932 
f 830/1092/933 875/1152/933 873/1150/932 
f 873/1150/932 828/1090/932 830/1092/933 
f 831/1093/934 878/1155/934 875/1152/933 
f 875/1152/933 830/1092/933 831/1093/934 
f 833/1095/935 880/1157/935 878/1155/934 
f 878/1155/934 831/1093/934 833/1095/935 
f 834/1098/936 882/1159/936 880/1157/935 
f 880/1157/935 833/1095/935 834/1098/936 
f 835/1100/937 884/1161/937 882/1159/936 
f 882/1159/936 834/1098/936 835/1100/937 
s 2
f 826/1087/507 865/1142/507 884/1161/938 
f 884/1161/938 835/1100/938 826/1087/507 
s 4
f 944/1221/510 864/1222/510 863/1223/939 
f 863/1223/939 945/1224/939 944/1221/510 
f 883/1225/940 864/1222/510 944/1221/510 
f 944/1221/510 946/1226/940 883/1225/940 
s 8
f 881/1227/941 883/1225/942 946/1226/942 
f 946/1226/942 947/1228/941 881/1227/941 
f 948/1229/943 879/1230/943 881/1227/941 
f 881/1227/941 947/1228/941 948/1229/943 
f 949/1231/944 877/1232/944 879/1230/943 
f 879/1230/943 948/1229/943 949/1231/944 
f 950/1233/945 876/1234/946 877/1232/944 
f 877/1232/944 949/1231/944 950/1233/945 
f 874/1235/947 876/1234/946 950/1233/945 
f 950/1233/945 951/1236/948 874/1235/947 
f 951/1236/948 950/1233/945 952/1237/658 
f 953/1238/949 872/1239/949 874/1235/947 
f 874/1235/947 951/1236/948 953/1238/949 
f 954/1240/950 870/1241/950 872/1239/949 
f 872/1239/949 953/1238/949 954/1240/950 
f 955/1242/951 868/1243/951 870/1241/950 
f 870/1241/950 954/1240/950 955/1242/951 
f 945/1244/952 863/1245/952 868/1243/951 
f 868/1243/951 955/1242/951 945/1244/952 
s 2
f 836/1102/953 887/1164/953 886/1163/954 
f 886/1163/954 837/1103/954 836/1102/953 
f 838/1106/955 889/1166/955 887/1164/953 
f 887/1164/953 836/1102/953 838/1106/955 
f 839/1108/956 892/1169/956 889/1166/955 
f 889/1166/955 838/1106/955 839/1108/956 
s 8
f 840/1109/957 893/1170/957 892/1169/958 
f 892/1169/958 839/1108/958 840/1109/957 
f 842/1112/959 895/1172/959 893/1170/957 
f 893/1170/957 840/1109/957 842/1112/959 
f 843/1113/508 897/1174/508 895/1172/959 
f 895/1172/959 842/1112/959 843/1113/508 
f 844/1114/960 900/1177/960 897/1174/508 
f 897/1174/508 843/1113/508 844/1114/960 
f 956/1246/961 902/1179/961 900/1177/960 
f 900/1177/960 844/1114/960 956/1246/961 
f 837/1103/962 886/1163/962 902/1179/961 
f 902/1179/961 956/1246/961 837/1103/962 
s 4
f 957/1247/963 885/1248/963 888/1249/964 
f 888/1249/964 958/1250/964 957/1247/963 
s 8
f 901/1251/965 885/1252/966 957/1253/966 
f 957/1253/966 959/1254/965 901/1251/965 
f 899/1255/967 901/1251/965 959/1254/965 
f 959/1254/965 960/1256/967 899/1255/967 
f 961/1257/512 898/1258/512 899/1255/967 
f 899/1255/967 960/1256/967 961/1257/512 
f 962/1259/968 896/1260/968 898/1258/512 
f 898/1258/512 961/1257/512 962/1259/968 
f 963/1261/969 894/1262/969 896/1260/968 
f 896/1260/968 962/1259/968 963/1261/969 
f 964/1263/970 891/1264/970 894/1262/969 
f 894/1262/969 963/1261/969 964/1263/970 
s 4
f 965/1265/971 890/1266/971 891/1264/972 
f 891/1264/972 964/1263/972 965/1265/971 
f 958/1250/964 888/1249/964 890/1266/971 
f 890/1266/971 965/1265/971 958/1250/964 
s 2
f 845/1116/942 906/1183/942 905/1182/941 
f 905/1182/941 846/1117/941 845/1116/942 
s 8
f 847/1119/510 907/1184/510 906/1183/973 
f 906/1183/973 845/1116/973 847/1119/510 
f 848/1121/974 910/1187/974 907/1184/510 
f 907/1184/510 847/1119/510 848/1121/974 
s 2
f 849/1123/951 911/1188/951 910/1187/952 
f 910/1187/952 848/1121/952 849/1123/951 
f 966/1267/950 913/1190/950 911/1188/951 
f 911/1188/951 849/1123/951 966/1267/950 
f 851/1125/949 915/1192/949 913/1190/950 
f 913/1190/950 966/1267/950 851/1125/949 
f 850/1124/947 917/1194/947 915/1192/949 
f 915/1192/949 851/1125/949 850/1124/947 
f 852/1126/946 919/1196/946 917/1194/947 
f 917/1194/947 850/1124/947 852/1126/946 
f 853/1127/944 922/1199/944 919/1196/946 
f 919/1196/946 852/1126/946 853/1127/944 
f 854/1128/943 924/1201/943 922/1199/944 
f 922/1199/944 853/1127/944 854/1128/943 
f 846/1117/941 905/1182/941 924/1201/943 
f 924/1201/943 854/1128/943 846/1117/941 
s 4
f 967/1268/936 904/1269/936 903/1270/937 
f 903/1270/937 968/1271/937 967/1268/936 
f 923/1272/935 904/1269/936 967/1268/936 
f 967/1268/936 969/1273/935 923/1272/935 
f 921/1274/934 923/1272/935 969/1273/935 
f 969/1273/935 970/1275/934 921/1274/934 
f 971/1276/933 920/1277/933 970/1278/934 
f 970/1278/934 970/1278/507 971/1276/933 
f 970/1278/934 920/1277/933 921/1279/934 
f 918/1280/932 920/1277/933 971/1276/933 
f 971/1276/933 972/1281/932 918/1280/932 
f 973/1282/931 916/1283/931 918/1280/932 
f 918/1280/932 972/1281/932 973/1282/931 
f 974/1284/930 914/1285/930 916/1283/931 
f 916/1283/931 973/1282/931 974/1284/930 
f 975/1286/928 912/1287/928 914/1285/930 
f 914/1285/930 974/1284/930 975/1286/928 
f 976/1288/929 909/1289/929 912/1287/928 
f 912/1287/928 975/1286/928 976/1288/929 
s 8
f 977/1290/507 908/1291/507 909/1289/975 
f 909/1289/975 976/1288/975 977/1290/507 
f 968/1271/976 903/1270/976 908/1291/507 
f 908/1291/507 977/1290/507 968/1271/976 
s 2
f 855/1130/964 927/1204/964 926/1203/963 
f 926/1203/963 856/1131/963 855/1130/964 
f 857/1134/971 929/1206/971 927/1204/964 
f 927/1204/964 855/1130/964 857/1134/971 
f 858/1135/972 932/1209/972 929/1206/971 
f 929/1206/971 857/1134/971 858/1135/972 
s 8
f 859/1136/969 933/1210/969 932/1209/970 
f 932/1209/970 858/1135/970 859/1136/969 
f 860/1137/977 935/1212/977 933/1210/969 
f 933/1210/969 859/1136/969 860/1137/977 
f 861/1138/512 937/1214/512 935/1212/977 
f 935/1212/977 860/1137/977 861/1138/512 
f 862/1139/978 939/1216/978 937/1214/512 
f 937/1214/512 861/1138/512 862/1139/978 
f 978/1292/965 942/1219/965 939/1216/978 
f 939/1216/978 862/1139/978 978/1292/965 
f 856/1131/966 926/1203/966 942/1219/965 
f 942/1219/965 978/1292/965 856/1131/966 
s 4
f 979/1293/954 925/1294/954 928/1295/953 
f 928/1295/953 980/1296/953 979/1293/954 
s 8
f 941/1297/961 925/1294/962 979/1293/962 
f 979/1293/962 981/1298/961 941/1297/961 
f 940/1299/979 941/1297/961 981/1298/961 
f 981/1298/961 982/1300/979 940/1299/979 
f 983/1301/508 938/1302/508 940/1299/979 
f 940/1299/979 982/1300/979 983/1301/508 
f 984/1303/980 936/1304/980 938/1302/508 
f 938/1302/508 983/1301/508 984/1303/980 
f 985/1305/957 934/1306/957 936/1307/980 
f 936/1307/980 984/1308/980 985/1305/957 
f 986/1309/958 931/1310/958 934/1306/957 
f 934/1306/957 985/1305/957 986/1309/958 
s 4
f 987/1311/955 930/1312/955 931/1310/956 
f 931/1310/956 986/1309/956 987/1311/955 
f 980/1296/953 928/1295/953 930/1312/955 
f 930/1312/955 987/1311/955 980/1296/953 
s 2
f 779/1020/648 988/1313/648 989/1314/648 
f 989/1314/648 780/1021/648 779/1020/648 
f 783/1024/648 990/1315/648 988/1313/648 
f 988/1313/648 779/1020/648 783/1024/648 
f 785/1026/648 991/1316/648 990/1315/648 
f 990/1315/648 783/1024/648 785/1026/648 
f 785/1026/648 787/1028/648 992/1317/648 
f 992/1317/648 991/1316/648 785/1026/648 
f 789/1030/648 993/1318/648 992/1317/648 
f 992/1317/648 787/1028/648 789/1030/648 
f 791/1032/648 994/1319/648 993/1318/648 
f 993/1318/648 789/1030/648 791/1032/648 
f 995/1320/648 994/1319/648 791/1032/648 
f 791/1032/648 793/1034/648 995/1320/648 
f 795/1036/648 996/1321/648 995/1320/648 
f 995/1320/648 793/1034/648 795/1036/648 
f 797/1038/648 997/1322/648 996/1321/648 
f 996/1321/648 795/1036/648 797/1038/648 
f 799/1040/648 998/1323/648 997/1322/648 
f 997/1322/648 797/1038/648 799/1040/648 
f 799/1040/648 801/1042/648 999/1324/648 
f 999/1324/648 998/1323/648 799/1040/648 
f 803/1044/648 1000/1325/648 999/1324/648 
f 999/1324/648 801/1042/648 803/1044/648 
f 805/1046/648 1001/1326/648 1000/1325/648 
f 1000/1325/648 803/1044/648 805/1046/648 
f 780/1021/648 989/1314/648 1001/1326/648 
f 1001/1326/648 805/1046/648 780/1021/648 
s 1
f 988/1313/793 1002/1327/793 1003/1328/883 
f 1003/1328/883 989/1314/883 988/1313/793 
f 990/1315/884 1004/1329/884 1002/1327/793 
f 1002/1327/793 988/1313/793 990/1315/884 
f 991/1316/512 1005/1330/512 1004/1329/884 
f 1004/1329/884 990/1315/884 991/1316/512 
f 992/1317/885 1006/1331/885 1005/1330/512 
f 1005/1330/512 991/1316/512 992/1317/885 
f 993/1318/799 1007/1332/799 1006/1331/885 
f 1006/1331/885 992/1317/885 993/1318/799 
f 994/1319/886 1008/1333/886 1007/1332/799 
f 1007/1332/799 993/1318/799 994/1319/886 
f 995/1320/887 1009/1334/887 1008/1333/886 
f 1008/1333/886 994/1319/886 995/1320/887 
f 996/1321/802 1010/1335/802 1009/1334/887 
f 1009/1334/887 995/1320/887 996/1321/802 
f 997/1322/888 1011/1336/888 1010/1335/802 
f 1010/1335/802 996/1321/802 997/1322/888 
f 998/1323/508 1012/1337/508 1011/1336/888 
f 1011/1336/888 997/1322/888 998/1323/508 
f 999/1324/889 1013/1338/889 1012/1337/508 
f 1012/1337/508 998/1323/508 999/1324/889 
f 1000/1325/809 1014/1339/809 1013/1338/889 
f 1013/1338/889 999/1324/889 1000/1325/809 
f 1001/1326/890 1015/1340/890 1014/1339/809 
f 1014/1339/809 1000/1325/809 1001/1326/890 
f 989/1314/883 1003/1328/883 1015/1340/890 
f 1015/1340/890 1001/1326/890 989/1314/883 
s 2
f 1003/1328/648 1002/1327/648 1015/1340/648 
s 4
f 956/1246/648 844/1114/648 784/1025/648 
f 784/1025/648 943/1220/648 956/1246/648 
f 829/1091/648 943/1220/648 784/1025/648 
f 784/1025/648 782/1023/648 829/1091/648 
f 943/1220/648 827/1089/648 763/1088/648 
f 763/1088/648 764/1104/648 943/1220/648 
f 764/1104/648 837/1103/648 956/1246/648 
f 956/1246/648 943/1220/648 764/1104/648 
f 978/1292/648 862/1139/648 798/1039/648 
f 798/1039/648 966/1267/648 978/1292/648 
f 851/1125/648 966/1267/648 798/1039/648 
f 798/1039/648 796/1037/648 851/1125/648 
f 966/1267/648 849/1123/648 772/1122/648 
f 772/1122/648 773/1132/648 966/1267/648 
f 773/1132/648 856/1131/648 978/1292/648 
f 978/1292/648 966/1267/648 773/1132/648 
s 2
f 821/1077/920 822/1079/922 958/1341/981 
f 958/1341/981 965/1342/982 821/1077/920 
f 976/1343/983 816/1067/910 817/1069/912 
f 817/1069/912 977/1344/984 976/1343/983 
f 968/1345/985 977/1344/984 817/1069/912 
f 817/1069/912 818/1071/914 968/1345/985 
f 812/1059/902 813/1061/904 980/1346/986 
f 980/1346/986 987/1347/987 812/1059/902 
f 945/1348/988 808/1050/893 807/1049/892 
f 807/1049/892 944/1349/989 945/1348/988 
f 946/1350/990 944/1349/989 807/1049/892 
f 807/1049/892 809/1053/896 946/1350/990 
f 979/1351/991 980/1346/986 813/1061/904 
f 813/1061/904 814/1063/906 979/1351/991 
f 986/1352/992 811/1057/900 812/1059/902 
f 812/1059/902 987/1347/987 986/1352/992 
f 975/1353/993 815/1065/908 816/1067/910 
f 816/1067/910 976/1343/983 975/1353/993 
f 967/1354/994 968/1345/985 818/1071/914 
f 818/1071/914 819/1073/916 967/1354/994 
f 964/1355/995 820/1075/918 821/1077/920 
f 821/1077/920 965/1342/982 964/1355/995 
f 957/1356/996 958/1341/981 822/1079/922 
f 822/1079/922 823/1081/924 957/1356/996 
f 955/1357/997 824/1083/926 808/1050/893 
f 808/1050/893 945/1348/988 955/1357/997 
f 947/1358/998 946/1350/990 809/1053/896 
f 809/1053/896 810/1054/897 947/1358/998 
f 985/1359/999 810/1054/897 811/1057/900 
f 811/1057/900 986/1352/992 985/1359/999 
f 981/1360/1000 979/1351/991 814/1063/906 
f 814/1063/906 815/1065/908 981/1360/1000 
f 815/1065/908 975/1353/993 974/1361/1001 
f 974/1361/1001 981/1360/1000 815/1065/908 
f 963/1362/1002 819/1073/916 820/1075/918 
f 820/1075/918 964/1355/995 963/1362/1002 
f 819/1073/916 963/1362/1002 969/1363/1003 
f 969/1363/1003 967/1354/994 819/1073/916 
f 954/1364/1004 823/1081/924 824/1083/926 
f 824/1083/926 955/1357/997 954/1364/1004 
f 823/1081/924 954/1364/1004 959/1365/1005 
f 959/1365/1005 957/1356/996 823/1081/924 
f 960/1366/1006 959/1365/1005 954/1364/1004 
f 954/1364/1004 953/1367/1007 960/1366/1006 
f 982/1368/1008 981/1360/1000 974/1361/1001 
f 974/1361/1001 973/1369/1009 982/1368/1008 
f 810/1054/897 985/1359/999 948/1370/1010 
f 948/1370/1010 947/1358/998 810/1054/897 
f 984/1371/1011 949/1372/1012 948/1370/1010 
f 948/1370/1010 985/1359/999 984/1371/1011 
f 970/1373/658 969/1363/1003 962/1374/1013 
f 962/1374/1013 970/1373/1014 970/1373/658 
f 962/1374/1013 969/1363/1003 963/1362/1002 
f 951/1375/1015 1016/1376/1016 1017/1377/1017 
f 1017/1377/1017 953/1367/1007 951/1375/1015 
f 951/1375/1015 952/1378/1018 1018/1379/1019 
f 1018/1379/1019 1016/1376/1016 951/1375/1015 
f 1018/1379/1019 952/1378/1018 950/1378/1020 
f 950/1378/1020 1019/1380/1021 1018/1379/1019 
f 1019/1380/1021 950/1378/1020 949/1372/1012 
f 984/1371/1011 1020/1381/1022 1019/1380/1021 
f 1019/1380/1021 949/1372/1012 984/1371/1011 
f 983/1382/1023 1021/1383/1024 1020/1381/1022 
f 1020/1381/1022 984/1371/1011 983/1382/1023 
f 983/1382/1023 982/1368/1008 1022/1384/1025 
f 1022/1384/1025 1021/1383/1024 983/1382/1023 
f 982/1368/1008 973/1369/1009 1023/1385/1026 
f 1023/1385/1026 1022/1384/1025 982/1368/1008 
f 972/1386/1027 1024/1387/1028 1023/1385/1026 
f 1023/1385/1026 973/1369/1009 972/1386/1027 
f 971/1388/1029 1025/1389/1030 1024/1387/1028 
f 1024/1387/1028 972/1386/1027 971/1388/1029 
f 971/1388/1029 970/1373/1014 1026/1390/1014 
f 1026/1390/1014 1025/1389/1030 971/1388/1029 
f 962/1374/1013 1027/1391/1031 1026/1390/1014 
f 1026/1390/1014 970/1373/1014 962/1374/1013 
f 961/1392/1032 1028/1393/1033 1027/1391/1031 
f 1027/1391/1031 962/1374/1013 961/1392/1032 
f 961/1392/1032 960/1366/1006 1029/1394/1034 
f 1029/1394/1034 1028/1393/1033 961/1392/1032 
f 960/1366/1006 953/1367/1007 1017/1377/1017 
f 1017/1377/1017 1029/1394/1034 960/1366/1006 
s 1
f 1016/1395/1035 1030/1396/1035 1031/1397/1036 
f 1031/1397/1036 1017/1398/1036 1016/1395/1035 
f 1018/1399/1037 1032/1400/1037 1030/1396/1035 
f 1030/1396/1035 1016/1395/1035 1018/1399/1037 
f 1019/1401/1038 1033/1402/1038 1032/1400/1037 
f 1032/1400/1037 1018/1399/1037 1019/1401/1038 
s 4
f 1020/1403/1039 1034/1404/1039 1033/1402/1039 
f 1033/1402/1039 1019/1401/1039 1020/1403/1039 
s 1
f 1021/1405/1040 1035/1406/1040 1034/1404/1041 
f 1034/1404/1041 1020/1403/1041 1021/1405/1040 
f 1022/1407/1042 1036/1408/1042 1035/1406/1040 
f 1035/1406/1040 1021/1405/1040 1022/1407/1042 
s 4
f 1023/1409/1043 1037/1410/1043 1036/1408/1043 
f 1036/1408/1043 1022/1407/1043 1023/1409/1043 
s 1
f 1024/1411/932 1038/1412/932 1037/1410/1044 
f 1037/1410/1044 1023/1409/1044 1024/1411/932 
f 1025/1413/933 1039/1414/933 1038/1412/932 
f 1038/1412/932 1024/1411/932 1025/1413/933 
f 1026/1415/1045 1040/1416/1045 1039/1414/933 
f 1039/1414/933 1025/1413/933 1026/1415/1045 
s 4
f 1027/1417/1046 1041/1418/1046 1040/1416/1046 
f 1040/1416/1046 1026/1415/1046 1027/1417/1046 
s 1
f 1028/1419/1047 1042/1420/1047 1041/1421/1048 
f 1041/1421/1048 1027/1422/1048 1028/1419/1047 
f 1029/1423/1049 1043/1424/1049 1042/1420/1047 
f 1042/1420/1047 1028/1419/1047 1029/1423/1049 
s 4
f 1017/1398/1050 1031/1397/1050 1043/1424/1050 
f 1043/1424/1050 1029/1423/1050 1017/1398/1050 
s 2
f 1031/1425/658 1042/1426/658 1043/1427/658 
s 1
f 1044/1428/1051 1045/1429/1052 1046/1430/1053 
f 1046/1430/1053 1047/1431/1054 1044/1428/1051 
f 1048/1432/1055 1049/1433/1056 1045/1429/1052 
f 1045/1429/1052 1044/1428/1051 1048/1432/1055 
f 1050/1434/1057 1051/1435/1058 1052/1436/1059 
f 1052/1436/1059 1053/1437/1060 1050/1434/1057 
f 1051/1435/1058 1054/1438/1061 1055/1439/1062 
f 1055/1439/1062 1052/1436/1059 1051/1435/1058 
f 1052/1436/1059 1055/1439/1062 1046/1440/1053 
f 1046/1440/1053 1045/1441/1052 1052/1436/1059 
f 1049/1442/1056 1053/1437/1060 1052/1436/1059 
f 1052/1436/1059 1045/1441/1052 1049/1442/1056 
f 1054/1438/1061 1047/1443/1054 1046/1444/1053 
f 1046/1444/1053 1055/1439/1062 1054/1438/1061 
f 1048/1432/1055 1050/1434/1057 1053/1437/1060 
f 1053/1437/1060 1049/1433/1056 1048/1432/1055 
f 1056/1445/1063 1057/1446/1064 1058/1447/1065 
f 1058/1447/1065 1059/1448/1066 1056/1445/1063 
f 1060/1449/1067 1061/1450/1068 1057/1446/1064 
f 1057/1446/1064 1056/1445/1063 1060/1449/1067 
f 1062/1451/1069 1063/1452/1070 1064/1453/1071 
f 1064/1453/1071 1065/1454/1072 1062/1451/1069 
f 1063/1452/1070 1066/1455/1073 1067/1456/1074 
f 1067/1456/1074 1064/1453/1071 1063/1452/1070 
f 1064/1453/1071 1067/1456/1074 1058/1457/1065 
f 1058/1457/1065 1057/1458/1064 1064/1453/1071 
f 1061/1459/1068 1065/1454/1072 1064/1453/1071 
f 1064/1453/1071 1057/1458/1064 1061/1459/1068 
f 1066/1455/1073 1059/1460/1066 1058/1461/1065 
f 1058/1461/1065 1067/1456/1074 1066/1455/1073 
f 1060/1449/1067 1062/1451/1069 1065/1454/1072 
f 1065/1454/1072 1061/1450/1068 1060/1449/1067 
f 1068/1462/1075 1069/1463/1076 1070/1464/1077 
f 1070/1464/1077 1071/1465/1078 1068/1462/1075 
f 1072/1466/1079 1073/1467/1080 1069/1463/1076 
f 1069/1463/1076 1068/1462/1075 1072/1466/1079 
f 1074/1468/1081 1075/1469/1082 1076/1470/1083 
f 1076/1470/1083 1077/1471/1084 1074/1468/1081 
f 1075/1469/1082 1078/1472/1085 1079/1473/1086 
f 1079/1473/1086 1076/1470/1083 1075/1469/1082 
f 1076/1470/1083 1079/1473/1086 1070/1474/1077 
f 1070/1474/1077 1069/1475/1076 1076/1470/1083 
f 1073/1476/1080 1077/1471/1084 1076/1470/1083 
f 1076/1470/1083 1069/1475/1076 1073/1476/1080 
f 1078/1472/1085 1071/1477/1078 1070/1478/1077 
f 1070/1478/1077 1079/1473/1086 1078/1472/1085 
f 1072/1466/1079 1074/1468/1081 1077/1471/1084 
f 1077/1471/1084 1073/1467/1080 1072/1466/1079 
f 1080/1479/1087 1081/1480/1088 1082/1481/1089 
f 1082/1481/1089 1083/1482/1090 1080/1479/1087 
f 1084/1483/1091 1085/1484/1092 1081/1480/1088 
f 1081/1480/1088 1080/1479/1087 1084/1483/1091 
f 1086/1485/1093 1087/1486/1094 1088/1487/1095 
f 1088/1487/1095 1089/1488/1096 1086/1485/1093 
f 1087/1486/1094 1090/1489/1097 1091/1490/1098 
f 1091/1490/1098 1088/1487/1095 1087/1486/1094 
f 1088/1487/1095 1091/1490/1098 1082/1491/1089 
f 1082/1491/1089 1081/1492/1088 1088/1487/1095 
f 1085/1493/1092 1089/1488/1096 1088/1487/1095 
f 1088/1487/1095 1081/1492/1088 1085/1493/1092 
f 1090/1494/1097 1083/1482/1090 1082/1481/1089 
f 1082/1481/1089 1091/1495/1098 1090/1494/1097 
f 1084/1483/1091 1086/1485/1093 1089/1488/1096 
f 1089/1488/1096 1085/1484/1092 1084/1483/1091 
s 2
f 1002/1327/648 1004/1329/648 1005/1330/648 
f 1005/1330/648 1006/1331/648 1007/1332/648 
f 1007/1332/648 1008/1333/648 1009/1334/648 
f 1005/1330/648 1007/1332/648 1009/1334/648 
f 1009/1334/648 1010/1335/648 1011/1336/648 
f 1011/1336/648 1012/1337/648 1013/1338/648 
f 1009/1334/648 1011/1336/648 1013/1338/648 
f 1013/1338/648 1014/1339/648 1015/1340/648 
f 1009/1334/648 1013/1338/648 1015/1340/648 
f 1005/1330/648 1009/1334/648 1015/1340/648 
f 1002/1327/648 1005/1330/648 1015/1340/648 
f 1032/1496/658 1033/1497/658 1034/1498/658 
f 1030/1499/658 1032/1496/658 1034/1498/658 
f 1035/1500/658 1036/1501/658 1037/1502/658 
f 1034/1498/658 1035/1500/658 1037/1502/658 
f 1030/1499/658 1034/1498/658 1037/1502/658 
f 1030/1499/658 1037/1502/658 1038/1503/658 
f 1039/1504/658 1040/1505/658 1041/1506/658 
f 1038/1503/658 1039/1504/658 1041/1506/658 
f 1030/1499/658 1038/1503/658 1041/1506/658 
f 1031/1425/658 1030/1499/658 1041/1506/658 
f 1031/1425/658 1041/1506/658 1042/1426/658 
s 2049
f 1092/1507/1099 1093/1508/1100 1094/1509/1101 
f 1094/1509/1101 1095/1510/1102 1092/1507/1099 
s 4100
f 1094/1509/1103 1093/1508/1104 1096/1511/1105 
f 1096/1511/1105 1097/1512/1106 1094/1509/1103 
s 8194
f 1097/1512/1107 1096/1511/1108 1098/1513/1109 
f 1098/1513/1109 1099/1514/1110 1097/1512/1107 
s 4100
f 1092/1507/1111 1095/1510/1112 1099/1515/1113 
f 1099/1515/1113 1098/1516/1114 1092/1507/1111 
s 2056
f 1100/1517/1115 1093/1508/1100 1092/1507/1099 
f 1092/1507/1099 1101/1518/1116 1100/1517/1115 
s 4128
f 1102/1519/1117 1096/1511/1105 1093/1508/1104 
f 1093/1508/1104 1100/1517/1118 1102/1519/1117 
s 8208
f 1103/1520/1119 1098/1513/1109 1096/1511/1108 
f 1096/1511/1108 1102/1519/1120 1103/1520/1119 
s 4128
f 1101/1518/1121 1092/1507/1111 1098/1516/1114 
f 1098/1516/1114 1103/1521/1122 1101/1518/1121 
s 2049
f 1100/1517/1115 1101/1518/1116 1104/1522/1123 
f 1104/1522/1123 1105/1523/1124 1100/1517/1115 
s 4100
f 1102/1519/1117 1100/1517/1118 1105/1523/1125 
f 1105/1523/1125 1106/1524/1126 1102/1519/1117 
s 8194
f 1107/1525/1127 1103/1520/1119 1102/1519/1120 
f 1102/1519/1120 1106/1524/1128 1107/1525/1127 
s 4100
f 1101/1518/1121 1103/1521/1122 1107/1526/1129 
f 1107/1526/1129 1104/1522/1130 1101/1518/1121 
s 2056
f 1105/1523/1124 1104/1522/1123 1108/1527/1131 
f 1108/1527/1131 1109/1528/1132 1105/1523/1124 
s 4128
f 1110/1529/1133 1106/1524/1126 1105/1523/1125 
f 1105/1523/1125 1109/1528/1134 1110/1529/1133 
s 8208
f 1111/1530/1135 1107/1525/1127 1106/1524/1128 
f 1106/1524/1128 1110/1529/1136 1111/1530/1135 
s 4128
f 1108/1527/1137 1104/1522/1130 1107/1526/1129 
f 1107/1526/1129 1111/1531/1138 1108/1527/1137 
s 2049
f 1109/1528/1132 1108/1527/1131 1112/1532/1139 
f 1112/1532/1139 1113/1533/1140 1109/1528/1132 
s 4100
f 1110/1529/1133 1109/1528/1134 1113/1533/1141 
f 1113/1533/1141 1114/1534/1142 1110/1529/1133 
s 8194
f 1111/1530/1135 1110/1529/1136 1114/1534/1143 
f 1114/1534/1143 1115/1535/1144 1111/1530/1135 
s 4100
f 1108/1527/1137 1111/1531/1138 1115/1536/1145 
f 1115/1536/1145 1112/1532/1146 1108/1527/1137 
s 2056
f 1113/1533/1140 1112/1532/1139 1116/1537/1147 
f 1116/1537/1147 1117/1538/1148 1113/1533/1140 
s 4128
f 1118/1539/1149 1114/1534/1142 1113/1533/1141 
f 1113/1533/1141 1117/1538/1150 1118/1539/1149 
s 8208
f 1115/1535/1144 1114/1534/1143 1118/1539/1151 
f 1118/1539/1151 1119/1540/1152 1115/1535/1144 
s 4128
f 1116/1537/1153 1112/1532/1146 1115/1536/1145 
f 1115/1536/1145 1119/1541/1154 1116/1537/1153 
s 2049
f 1117/1538/1148 1116/1537/1147 1120/1542/1155 
f 1120/1542/1155 1121/1543/1156 1117/1538/1148 
s 4100
f 1118/1539/1149 1117/1538/1150 1121/1543/1157 
f 1121/1543/1157 1122/1544/1158 1118/1539/1149 
s 8194
f 1119/1540/1152 1118/1539/1151 1122/1544/1159 
f 1122/1544/1159 1123/1545/1160 1119/1540/1152 
s 4100
f 1116/1537/1153 1119/1541/1154 1123/1546/1161 
f 1123/1546/1161 1120/1542/1162 1116/1537/1153 
s 2056
f 1124/1547/1163 1121/1543/1156 1120/1542/1155 
f 1120/1542/1155 1125/1548/1164 1124/1547/1163 
s 4128
f 1122/1544/1158 1121/1543/1157 1124/1547/1165 
f 1124/1547/1165 1126/1549/1166 1122/1544/1158 
s 8208
f 1127/1550/1167 1123/1545/1160 1122/1544/1159 
f 1122/1544/1159 1126/1549/1168 1127/1550/1167 
s 4128
f 1125/1548/1169 1120/1542/1162 1123/1546/1161 
f 1123/1546/1161 1127/1551/1170 1125/1548/1169 
s 2049
f 1128/1552/1171 1129/1553/1172 1124/1547/1163 
f 1124/1547/1163 1125/1548/1164 1128/1552/1171 
s 4100
f 1129/1553/1173 1130/1554/1174 1126/1549/1166 
f 1126/1549/1166 1124/1547/1165 1129/1553/1173 
s 8194
f 1126/1549/1168 1130/1554/1175 1131/1555/1176 
f 1131/1555/1176 1127/1550/1167 1126/1549/1168 
s 4100
f 1127/1551/1170 1131/1556/1177 1128/1552/1178 
f 1128/1552/1178 1125/1548/1169 1127/1551/1170 
s 1
f 425/582/563 1132/1557/1179 1133/1558/1180 
f 1133/1558/1180 426/583/564 425/582/563 
s 2
f 1132/1557/1181 425/582/566 427/584/565 
f 427/584/565 1134/1559/1182 1132/1557/1181 
s 1
f 1134/1559/1183 427/584/572 430/587/571 
f 430/587/571 1135/1560/1184 1134/1559/1183 
s 2
f 434/593/599 433/592/1185 430/587/1186 
f 430/587/1186 429/586/600 434/593/599 
s 1
f 433/592/577 436/595/580 1136/1561/1187 
f 1136/1561/1187 1137/1562/1188 433/592/577 
s 2
f 436/595/581 426/597/584 1133/1563/1189 
f 1133/1563/1189 1136/1561/1190 436/595/581 
f 1137/1562/1191 1135/1560/1192 430/587/1186 
f 430/587/1186 433/592/1185 1137/1562/1191 
s 1
f 1133/1558/1180 1132/1557/1179 1138/1564/1193 
f 1138/1564/1193 1139/1565/1194 1133/1558/1180 
s 2
f 1138/1564/1195 1132/1557/1181 1134/1559/1182 
f 1134/1559/1182 1140/1566/1196 1138/1564/1195 
s 1
f 1140/1566/1197 1134/1559/1183 1135/1560/1184 
f 1135/1560/1184 431/590/1198 1140/1566/1197 
f 1137/1562/1188 1136/1561/1187 1141/1567/1199 
f 1141/1567/1199 432/591/1200 1137/1562/1188 
s 2
f 1136/1561/1190 1133/1563/1189 1139/1568/1201 
f 1139/1568/1201 1141/1567/1202 1136/1561/1190 
f 432/591/576 431/590/575 1135/1560/1192 
f 1135/1560/1192 1137/1562/1191 432/591/576 
s 1
f 1139/1565/1194 1138/1564/1193 411/1569/1203 
f 411/1569/1203 410/1570/1204 1139/1565/1194 
s 2
f 411/1569/541 1138/1564/1195 1140/1566/1196 
f 1140/1566/1196 413/1571/542 411/1569/541 
s 1
f 413/1571/1205 1140/1566/1197 431/590/1198 
f 431/590/1198 416/589/1206 413/1571/1205 
f 432/591/1200 1141/1567/1199 421/1572/1207 
f 421/1572/1207 420/588/1208 432/591/1200 
s 2
f 1141/1567/1202 1139/1568/1201 410/1573/559 
f 410/1573/559 421/1572/558 1141/1567/1202 
s 1
f 1142/1574/1209 1143/1575/1210 1144/1576/1211 
f 1144/1576/1211 1145/1577/1212 1142/1574/1209 
s 2
f 1143/1575/1213 1142/1574/1214 1146/1578/1215 
f 1146/1578/1215 1147/1579/1216 1143/1575/1213 
s 1
f 1147/1579/1217 1146/1578/1218 1148/1580/1219 
f 1148/1580/1219 403/554/1220 1147/1579/1217 
s 2
f 405/556/1221 1149/1581/1222 1148/1580/1223 
f 1148/1580/1223 400/551/1224 405/556/1221 
s 1
f 1149/1581/1225 1150/1582/1226 1151/1583/1227 
f 1151/1583/1227 404/555/1228 1149/1581/1225 
s 2
f 1150/1582/1229 1145/1584/1230 1144/1585/1231 
f 1144/1585/1231 1151/1583/1232 1150/1582/1229 
s 1
f 395/546/516 1142/1574/1209 1145/1577/1212 
f 1145/1577/1212 396/547/516 395/546/516 
s 2
f 395/546/518 397/548/517 1146/1578/1215 
f 1146/1578/1215 1142/1574/1214 395/546/518 
s 1
f 1146/1578/1218 397/548/524 400/551/523 
f 400/551/523 1148/1580/1219 1146/1578/1218 
f 405/556/529 408/559/532 1150/1582/1226 
f 1150/1582/1226 1149/1581/1225 405/556/529 
s 2
f 1150/1582/1229 408/559/533 396/561/536 
f 396/561/536 1145/1584/1230 1150/1582/1229 
f 406/557/551 405/556/1221 400/551/1224 
f 400/551/1224 399/550/552 406/557/551 
f 404/555/528 403/554/527 1148/1580/1223 
f 1148/1580/1223 1149/1581/1222 404/555/528 
s 1
f 1144/1576/1211 1143/1575/1210 439/1586/1233 
f 439/1586/1233 438/1587/1234 1144/1576/1211 
s 2
f 439/1586/591 1143/1575/1213 1147/1579/1216 
f 1147/1579/1216 442/1588/592 439/1586/591 
s 1
f 442/1588/1235 1147/1579/1217 403/554/1220 
f 403/554/1220 402/553/1236 442/1588/1235 
f 404/555/1228 1151/1583/1227 447/1589/1237 
f 447/1589/1237 401/552/1238 404/555/1228 
s 2
f 1151/1583/1232 1144/1585/1231 438/1590/607 
f 438/1590/607 447/1589/606 1151/1583/1232 
s 4
f 1152/1591/1239 1153/1592/1240 1154/1593/1241 
f 1154/1593/1241 1155/1594/1242 1152/1591/1239 
s 2
f 1155/1594/1243 1154/1593/1244 1156/1595/1245 
f 1156/1595/1245 1157/1596/1246 1155/1594/1243 
s 4
f 1156/1595/1247 1158/1597/1248 1159/1598/1249 
f 1159/1598/1249 1157/1596/1250 1156/1595/1247 
s 2
f 446/610/1251 1160/1599/1252 1158/1597/1253 
f 1158/1597/1253 443/604/1254 446/610/1251 
s 4
f 1161/1600/1255 1160/1599/1256 1162/1601/1257 
f 1162/1601/1257 1163/1602/1258 1161/1600/1255 
s 2
f 1162/1601/1259 1153/1603/1260 1152/1604/1261 
f 1152/1604/1261 1163/1602/1262 1162/1601/1259 
f 445/607/598 444/606/597 1159/1598/1263 
f 1159/1598/1263 1161/1600/1264 445/607/598 
s 4
f 1164/1605/1265 424/1606/1266 423/1607/1267 
f 423/1607/1267 1165/1608/1265 1164/1605/1265 
s 2
f 424/1606/567 1164/1605/1268 1166/1609/1269 
f 1166/1609/1269 428/1610/568 424/1606/567 
s 4
f 444/606/1270 429/609/1271 428/1610/1272 
f 428/1610/1272 1166/1609/1273 444/606/1270 
f 445/607/1274 1167/1611/1275 435/1612/1276 
f 435/1612/1276 434/608/1277 445/607/1274 
s 2
f 1167/1611/1278 1165/1613/1279 423/1614/583 
f 423/1614/583 435/1612/582 1167/1611/1278 
s 4
f 1165/1608/1265 1152/1591/1239 1155/1594/1242 
f 1155/1594/1242 1164/1605/1265 1165/1608/1265 
s 2
f 1164/1605/1268 1155/1594/1243 1157/1596/1246 
f 1157/1596/1246 1166/1609/1269 1164/1605/1268 
s 4
f 1157/1596/1250 1159/1598/1249 444/606/1270 
f 444/606/1270 1166/1609/1273 1157/1596/1250 
f 445/607/1274 1161/1600/1255 1163/1602/1258 
f 1163/1602/1258 1167/1611/1275 445/607/1274 
s 2
f 1163/1602/1262 1152/1604/1261 1165/1613/1279 
f 1165/1613/1279 1167/1611/1278 1163/1602/1262 
f 1161/1600/1264 1159/1598/1263 1158/1597/1253 
f 1158/1597/1253 1160/1599/1252 1161/1600/1264 
s 4
f 440/601/588 1154/1593/1241 1153/1592/1240 
f 1153/1592/1240 437/598/585 440/601/588 
s 2
f 440/601/590 441/602/589 1156/1595/1245 
f 1156/1595/1245 1154/1593/1244 440/601/590 
s 4
f 443/604/593 1158/1597/1248 1156/1595/1247 
f 1156/1595/1247 441/602/594 443/604/593 
f 446/610/601 448/613/604 1162/1601/1257 
f 1162/1601/1257 1160/1599/1256 446/610/601 
s 2
f 1162/1601/1259 448/613/605 437/615/608 
f 437/615/608 1153/1603/1260 1162/1601/1259 
f 401/611/525 446/610/1251 443/604/1254 
f 443/604/1254 402/605/526 401/611/525 
s 4
f 1168/1615/1280 409/562/537 412/565/540 
f 412/565/540 1169/1616/1281 1168/1615/1280 
s 2
f 1169/1616/1282 412/565/544 414/567/543 
f 414/567/543 1170/1617/1283 1169/1616/1282 
s 4
f 414/567/546 415/568/545 1171/1618/1284 
f 1171/1618/1284 1170/1617/1285 414/567/546 
s 2
f 420/575/573 419/574/1286 415/568/1287 
f 415/568/1287 416/569/574 420/575/573 
s 4
f 422/577/556 1172/1619/1288 1173/1620/1289 
f 1173/1620/1289 419/574/553 422/577/556 
s 2
f 422/577/557 409/579/560 1168/1621/1290 
f 1168/1621/1290 1172/1619/1291 422/577/557 
f 1173/1620/1292 1171/1618/1293 415/568/1287 
f 415/568/1287 419/574/1286 1173/1620/1292 
s 4
f 1169/1616/1281 1174/1622/1294 1175/1623/1295 
f 1175/1623/1295 1168/1615/1280 1169/1616/1281 
s 2
f 1174/1622/1296 1169/1616/1282 1170/1617/1283 
f 1170/1617/1283 1176/1624/1297 1174/1622/1296 
s 4
f 1176/1624/1298 1170/1617/1285 1171/1618/1284 
f 1171/1618/1284 417/570/1299 1176/1624/1298 
f 1173/1620/1289 1172/1619/1288 1177/1625/1300 
f 1177/1625/1300 418/571/1301 1173/1620/1289 
s 2
f 1172/1619/1291 1168/1621/1290 1175/1626/1302 
f 1175/1626/1302 1177/1625/1303 1172/1619/1291 
f 418/571/550 417/570/549 1171/1618/1293 
f 1171/1618/1293 1173/1620/1292 418/571/550 
s 4
f 1175/1623/1295 1174/1622/1294 394/1627/1304 
f 394/1627/1304 393/1628/1305 1175/1623/1295 
s 2
f 394/1627/519 1174/1622/1296 1176/1624/1297 
f 1176/1624/1297 398/1629/520 394/1627/519 
s 4
f 398/1629/1306 1176/1624/1298 417/570/1299 
f 417/570/1299 399/573/1307 398/1629/1306 
f 418/571/1301 1177/1625/1300 407/1630/1308 
f 407/1630/1308 406/572/1309 418/571/1301 
s 2
f 1177/1625/1303 1175/1626/1302 393/1631/535 
f 393/1631/535 407/1630/534 1177/1625/1303 
s off
f 537/1632/1310 536/1633/1310 548/729/1310 
f 548/729/1310 547/728/1310 537/1632/1310 
f 542/1634/1311 541/1635/1311 545/726/1311 
f 545/726/1311 544/725/1311 542/1634/1311 
s 1
f 508/687/508 527/706/508 543/723/508 
f 543/723/508 509/688/508 508/687/508 
f 512/691/512 511/690/512 546/727/512 
f 546/727/512 540/719/512 512/691/512 
s 4
f 519/698/652 549/732/660 526/705/660 
f 526/705/660 520/699/652 519/698/652 
s 1
f 508/687/508 507/686/508 521/700/508 
f 521/700/508 520/699/508 508/687/508 
f 530/709/512 591/804/698 594/812/698 
f 594/812/698 531/710/512 530/709/512 
s 4
f 539/718/507 550/737/507 513/692/507 
f 513/692/507 512/691/507 539/718/507 
s 1
f 554/746/670 552/744/668 519/743/667 
f 519/743/667 518/738/663 554/746/670 
f 556/748/672 555/747/671 539/718/671 
f 539/718/671 538/717/665 556/748/672 
s 2
f 560/752/673 558/750/673 552/744/673 
f 552/744/673 554/746/673 560/752/673 
f 562/754/675 561/753/675 555/747/675 
f 555/747/675 556/748/675 562/754/675 
s 1
f 566/758/512 564/756/512 558/750/512 
f 558/750/512 560/752/512 566/758/512 
f 568/760/512 567/759/512 561/753/512 
f 561/753/512 562/754/512 568/760/512 
s 2
f 570/762/677 574/774/677 563/773/677 
f 563/773/677 564/763/677 570/762/677 
f 573/768/678 571/791/678 565/1636/678 
f 565/1636/678 567/769/678 573/768/678 
s 1
f 576/777/681 590/801/695 574/1637/694 
f 574/1637/694 570/778/681 576/777/681 
f 582/784/684 587/792/686 571/791/685 
f 571/791/685 573/768/684 582/784/684 
s 4
f 531/710/704 594/812/713 590/801/712 
f 590/801/712 576/777/704 531/710/704 
f 530/709/705 529/708/707 587/792/706 
f 587/792/706 582/784/705 530/709/705 
s 1
f 190/244/1312 195/250/1313 1178/1638/1314 
f 1178/1638/1314 125/179/174 190/244/1312 
f 1178/1638/1314 15/15/6 18/18/7 
f 18/18/7 125/179/174 1178/1638/1314 
f 16/16/6 47/47/1315 45/45/1316 
f 45/45/1316 17/17/7 16/16/6 
f 192/1639/1317 204/1640/1318 1179/1641/12 
f 1179/1641/12 1180/1642/13 192/1639/1317 
f 1179/1641/12 23/23/12 26/26/13 
f 26/26/13 1180/1642/13 1179/1641/12 
f 24/24/12 59/1643/1318 43/1644/1317 
f 43/1644/1317 25/25/13 24/24/12 
f 207/1645/1319 209/1646/1320 1181/1647/15 
f 1181/1647/15 1182/1648/14 207/1645/1319 
f 1182/1648/14 1181/1647/15 29/29/15 
f 29/29/15 28/28/14 1182/1648/14 
f 30/30/15 61/1649/1320 60/1650/1319 
f 60/1650/1319 27/27/14 30/30/15 
f 209/1646/1320 211/1651/1321 1183/1652/1322 
f 1183/1652/1322 1181/1647/15 209/1646/1320 
f 1181/1647/15 1183/1652/1322 31/31/16 
f 31/31/16 29/29/15 1181/1647/15 
f 32/32/17 63/1653/1323 61/1649/1320 
f 61/1649/1320 30/30/15 32/32/17 
s 2
f 73/1654/1324 74/1655/1324 268/1656/1325 
f 268/1656/1325 1184/1657/1325 73/1654/1324 
f 1184/1657/1325 268/1656/1325 39/39/22 
f 39/39/22 38/38/22 1184/1657/1325 
f 40/40/21 218/1658/1326 217/1659/1326 
f 217/1659/1326 37/37/21 40/40/21 
s 1
f 55/1660/1327 73/1654/58 1184/1657/58 
f 1184/1657/58 1185/1661/1328 55/1660/1327 
f 1185/1661/1328 1184/1657/58 38/38/58 
f 38/38/58 71/83/57 1185/1661/1328 
f 37/37/59 217/1659/59 202/1662/1329 
f 202/1662/1329 70/82/56 37/37/59 
f 44/44/1330 1186/1663/172 17/17/7 
f 17/17/7 45/45/1316 44/44/1330 
f 1186/1663/172 123/177/172 18/18/7 
f 18/18/7 17/17/7 1186/1663/172 
f 190/244/1312 125/179/174 124/178/173 
f 124/178/173 191/245/1331 190/244/1312 
f 64/73/1332 65/74/1333 1187/1664/1334 
f 1187/1664/1334 1188/1665/1335 64/73/1332 
f 1188/1665/1335 1187/1664/1334 128/182/177 
f 128/182/177 127/181/176 1188/1665/1335 
f 129/183/178 212/275/1336 210/273/1337 
f 210/273/1337 126/180/175 129/183/178 
f 58/63/1338 57/62/1339 1189/1666/181 
f 1189/1666/181 1190/1667/180 58/63/1338 
f 1190/1667/180 1189/1666/181 132/186/181 
f 132/186/181 131/185/180 1190/1667/180 
f 133/187/181 206/265/1339 205/264/1340 
f 205/264/1340 130/184/179 133/187/181 
f 57/62/1339 62/70/1341 1191/1668/182 
f 1191/1668/182 1189/1666/181 57/62/1339 
f 1189/1666/181 1191/1668/182 134/188/182 
f 134/188/182 132/186/181 1189/1666/181 
f 135/189/182 208/270/1341 206/265/1339 
f 206/265/1339 133/187/181 135/189/182 
f 62/70/1341 64/73/1332 1188/1665/1335 
f 1188/1665/1335 1191/1668/182 62/70/1341 
f 1191/1668/182 1188/1665/1335 127/181/176 
f 127/181/176 134/188/182 1191/1668/182 
f 126/180/175 210/273/1337 208/270/1341 
f 208/270/1341 135/189/182 126/180/175 
f 46/1669/1342 48/1670/1343 1192/1671/183 
f 1192/1671/183 172/226/184 46/1669/1342 
f 1192/1671/183 136/190/183 139/193/184 
f 139/193/184 172/226/184 1192/1671/183 
f 137/191/183 194/1672/1343 193/1673/1342 
f 193/1673/1342 138/192/184 137/191/183 
f 48/1670/1343 50/1674/1344 1193/1675/185 
f 1193/1675/185 1192/1671/183 48/1670/1343 
f 1192/1671/183 1193/1675/185 140/194/185 
f 140/194/185 136/190/183 1192/1671/183 
f 141/195/185 196/1676/1344 194/1672/1343 
f 194/1672/1343 137/191/183 141/195/185 
f 52/1677/1345 54/1678/1346 1194/1679/1347 
f 1194/1679/1347 1195/1680/186 52/1677/1345 
f 1195/1680/186 1194/1679/1347 144/198/187 
f 144/198/187 143/197/186 1195/1680/186 
f 145/199/188 201/1681/1348 199/1682/1345 
f 199/1682/1345 142/196/186 145/199/188 
f 269/381/1349 67/1683/1350 66/1684/1351 
f 66/1684/1351 173/227/203 269/381/1349 
f 146/200/189 269/381/1349 173/227/203 
f 173/227/203 147/201/190 146/200/189 
f 213/1685/1352 216/1686/1353 149/203/192 
f 149/203/192 148/202/191 213/1685/1352 
f 200/257/1354 203/261/1355 1196/1687/1356 
f 1196/1687/1356 1197/1688/1357 200/257/1354 
f 1197/1688/1357 1196/1687/1356 166/220/199 
f 166/220/199 165/219/198 1197/1688/1357 
f 167/221/200 56/61/1358 53/56/1359 
f 53/56/1359 164/218/197 167/221/200 
f 195/250/1313 197/253/1360 1198/1689/201 
f 1198/1689/201 1178/1638/1314 195/250/1313 
f 1178/1638/1314 1198/1689/201 168/222/201 
f 168/222/201 15/15/6 1178/1638/1314 
f 169/223/201 49/50/1360 47/47/1315 
f 47/47/1315 16/16/6 169/223/201 
f 197/253/1360 198/254/1361 1199/1690/202 
f 1199/1690/202 1198/1689/201 197/253/1360 
f 1198/1689/201 1199/1690/202 170/224/202 
f 170/224/202 168/222/201 1198/1689/201 
f 171/225/202 51/53/1361 49/50/1360 
f 49/50/1360 169/223/201 171/225/202 
f 198/254/1361 200/257/1354 1197/1688/1357 
f 1197/1688/1357 1199/1690/202 198/254/1361 
f 1199/1690/202 1197/1688/1357 165/219/198 
f 165/219/198 170/224/202 1199/1690/202 
f 164/218/197 53/56/1359 51/53/1361 
f 51/53/1361 171/225/202 164/218/197 
f 192/1639/1317 1180/1642/13 138/192/184 
f 138/192/184 193/1673/1342 192/1639/1317 
f 1180/1642/13 26/26/13 139/193/184 
f 139/193/184 138/192/184 1180/1642/13 
f 46/1669/1342 172/226/184 25/25/13 
f 25/25/13 43/1644/1317 46/1669/1342 
f 211/1651/1321 213/1685/1352 148/202/191 
f 148/202/191 1183/1652/1322 211/1651/1321 
f 1183/1652/1322 148/202/191 147/201/190 
f 147/201/190 31/31/16 1183/1652/1322 
f 173/227/203 66/1684/1351 63/1653/1323 
f 63/1653/1323 32/32/17 173/227/203 
f 204/1640/1318 207/1645/1319 1182/1648/14 
f 1182/1648/14 1179/1641/12 204/1640/1318 
f 1179/1641/12 1182/1648/14 28/28/14 
f 28/28/14 23/23/12 1179/1641/12 
f 27/27/14 60/1650/1319 59/1643/1318 
f 59/1643/1318 24/24/12 27/27/14 
f 69/81/1362 68/80/1363 270/382/1364 
f 270/382/1364 1200/1691/1364 69/81/1362 
f 1200/1691/1364 270/382/1364 180/234/207 
f 180/234/207 179/233/207 1200/1691/1364 
f 181/235/206 215/279/1365 214/278/1366 
f 214/278/1366 178/232/206 181/235/206 
s 2
f 1196/1687/1367 203/261/1368 219/285/1369 
f 219/285/1369 1201/1692/1367 1196/1687/1367 
f 1201/1692/1367 188/242/216 166/220/216 
f 166/220/216 1196/1687/1367 1201/1692/1367 
f 72/85/1370 56/61/1370 167/221/217 
f 167/221/217 189/243/217 72/85/1370 
s 1
f 44/44/1330 58/63/1338 1190/1667/180 
f 1190/1667/180 1186/1663/172 44/44/1330 
f 1190/1667/180 131/185/180 123/177/172 
f 123/177/172 1186/1663/172 1190/1667/180 
f 130/184/179 205/264/1340 191/245/1331 
f 191/245/1331 124/178/173 130/184/179 
f 54/1678/1346 55/1660/1327 1185/1661/1328 
f 1185/1661/1328 1194/1679/1347 54/1678/1346 
f 1194/1679/1347 1185/1661/1328 71/83/57 
f 71/83/57 144/198/187 1194/1679/1347 
f 70/82/56 202/1662/1329 201/1681/1348 
f 201/1681/1348 145/199/188 70/82/56 
f 50/1674/1344 52/1677/1345 1195/1680/186 
f 1195/1680/186 1193/1675/185 50/1674/1344 
f 1193/1675/185 1195/1680/186 143/197/186 
f 143/197/186 140/194/185 1193/1675/185 
f 142/196/186 199/1682/1345 196/1676/1344 
f 196/1676/1344 141/195/185 142/196/186 
f 219/285/1371 218/284/1371 40/1693/1372 
f 40/1693/1372 1201/1692/1372 219/285/1371 
f 1201/1692/1372 40/1693/1372 39/379/357 
f 39/379/357 188/242/357 1201/1692/1372 
f 268/380/357 74/88/1373 72/85/1373 
f 72/85/1373 189/243/357 268/380/357 
s 2
f 216/1686/1374 215/279/1375 181/235/1376 
f 181/235/1376 149/203/1377 216/1686/1374 
f 149/203/1377 181/235/1376 180/234/359 
f 180/234/359 146/200/359 149/203/1377 
f 270/382/360 68/80/1378 67/1683/1379 
f 67/1683/1379 269/381/358 270/382/360 
f 65/74/1380 69/81/1380 1200/1691/1381 
f 1200/1691/1381 1187/1664/1381 65/74/1380 
f 1187/1664/1381 1200/1691/1381 179/233/362 
f 179/233/362 128/182/362 1187/1664/1381 
f 178/232/361 214/278/1382 212/275/1382 
f 212/275/1382 129/183/361 178/232/361 
s 1
f 22/22/11 120/1694/1383 109/134/98 
f 109/134/98 19/19/8 22/22/11 
f 105/130/94 119/1695/1384 21/21/10 
f 21/21/10 20/20/9 105/130/94 
f 101/125/1385 100/124/1385 33/33/18 
f 33/33/18 36/36/20 101/125/1385 
f 34/34/19 122/176/1386 121/175/1387 
f 121/175/1387 35/35/19 34/34/19 
s 2
f 42/42/26 118/1696/124 122/176/1388 
f 122/176/1388 34/34/23 42/42/26 
f 100/124/1389 99/1697/157 41/41/25 
f 41/41/25 33/33/24 100/124/1389 
f 121/175/1390 11/11/1390 10/10/27 
f 10/10/27 35/35/27 121/175/1390 
f 9/9/28 12/12/1391 101/125/1391 
f 101/125/1391 36/36/28 9/9/28 
f 119/1695/125 118/1696/124 42/42/26 
f 42/42/26 21/21/108 119/1695/125 
f 41/41/25 99/1697/157 120/1694/156 
f 120/1694/156 22/22/107 41/41/25 
s 1
f 253/334/282 265/373/282 174/228/204 
f 174/228/204 177/231/205 253/334/282 
f 175/229/204 263/349/1392 252/333/281 
f 252/333/281 176/230/204 175/229/204 
f 185/239/208 246/326/1393 245/325/1393 
f 245/325/1393 182/236/208 185/239/208 
f 267/378/1394 266/377/1394 184/238/209 
f 184/238/209 183/237/209 267/378/1394 
s 2
f 266/377/1395 264/1698/309 186/240/210 
f 186/240/210 184/238/213 266/377/1395 
f 187/241/211 244/1699/338 246/326/210 
f 246/326/210 185/239/212 187/241/211 
f 160/214/214 159/213/1396 267/378/1396 
f 267/378/1396 183/237/214 160/214/214 
f 245/325/1397 162/216/1397 161/215/215 
f 161/215/215 182/236/215 245/325/1397 
f 265/373/339 244/1699/338 187/241/211 
f 187/241/211 174/228/293 265/373/339 
f 186/240/210 264/1698/309 263/349/308 
f 263/349/308 175/229/292 186/240/210 
s off
f 1202/616/609 1203/617/609 1204/618/609 
f 1205/619/610 1206/620/610 1207/621/610 
f 1208/622/611 1209/623/611 1210/624/611 
f 1211/625/612 1212/626/612 1213/627/612 
f 1214/628/613 1215/629/613 1216/630/613 
f 1216/630/613 1207/631/613 1214/628/613 
f 1217/632/614 1202/616/614 1204/618/614 
f 1204/618/614 1218/633/614 1217/632/614 
f 1219/634/615 1220/635/615 1221/636/615 
f 1221/636/615 1213/637/615 1219/634/615 
f 1222/638/616 1223/639/616 1224/640/616 
f 1224/640/616 1210/641/616 1222/638/616 
f 1202/616/617 1225/642/617 1203/617/617 
f 1203/617/618 1225/642/618 1226/643/618 
f 1226/643/618 1227/644/618 1203/617/618 
f 1204/645/619 1203/646/619 1227/644/619 
f 1227/644/619 1228/647/619 1204/645/619 
f 1205/619/620 1229/648/620 1206/620/620 
f 1206/649/621 1229/648/621 1230/650/621 
f 1230/650/621 1231/651/621 1206/649/621 
f 1207/631/622 1206/649/622 1231/651/622 
f 1231/651/622 1214/628/622 1207/631/622 
f 1208/622/623 1232/652/623 1209/623/623 
f 1209/653/624 1232/652/624 1233/654/624 
f 1233/654/624 1234/655/624 1209/653/624 
f 1210/641/625 1209/653/625 1234/655/625 
f 1234/655/625 1222/638/625 1210/641/625 
f 1211/625/626 1235/656/626 1212/626/626 
f 1212/626/627 1235/656/627 1236/657/627 
f 1236/657/627 1237/658/627 1212/626/627 
f 1213/637/628 1212/659/628 1237/658/628 
f 1237/658/628 1219/634/628 1213/637/628 
f 1207/621/629 1216/660/629 1238/661/629 
f 1238/661/629 1205/619/629 1207/621/629 
f 1239/662/630 1218/663/630 1204/645/630 
f 1204/645/630 1228/647/630 1239/662/630 
f 1213/627/631 1221/664/631 1240/665/631 
f 1240/665/631 1211/625/631 1213/627/631 
f 1208/622/632 1210/624/632 1224/666/632 
f 1224/666/632 1241/667/632 1208/622/632 
s 8
f 1214/628/633 1242/668/633 1243/669/633 
f 1243/669/633 1215/629/633 1214/628/633 
f 1217/632/633 1243/669/633 1242/668/633 
f 1242/668/633 1202/616/633 1217/632/633 
s 32
f 1222/638/634 1244/670/634 1245/671/634 
f 1245/671/634 1223/639/634 1222/638/634 
f 1240/665/634 1245/671/634 1244/670/634 
f 1244/670/634 1211/625/634 1240/665/634 
s off
f 1230/650/635 1246/672/635 1247/673/635 
f 1247/673/635 1231/651/635 1230/650/635 
f 1225/642/635 1247/673/635 1246/672/635 
f 1246/672/635 1226/643/635 1225/642/635 
f 1233/654/636 1248/674/636 1249/675/636 
f 1249/675/636 1234/655/636 1233/654/636 
f 1235/656/636 1249/675/636 1248/674/636 
f 1248/674/636 1236/657/636 1235/656/636 
f 1231/651/637 1247/673/637 1242/668/637 
f 1242/668/637 1214/628/637 1231/651/637 
f 1202/616/638 1242/668/638 1247/673/638 
f 1247/673/638 1225/642/638 1202/616/638 
f 1234/655/639 1249/675/639 1244/670/639 
f 1244/670/639 1222/638/639 1234/655/639 
f 1211/625/639 1244/670/639 1249/675/639 
f 1249/675/639 1235/656/639 1211/625/639 
s 16
f 1220/635/640 1219/634/640 1250/676/640 
f 1250/676/640 1251/677/640 1220/635/640 
f 1205/619/640 1238/661/640 1251/677/640 
f 1251/677/640 1250/676/640 1205/619/640 
s 64
f 1228/647/641 1252/678/641 1253/679/641 
f 1253/679/641 1239/662/641 1228/647/641 
f 1241/667/641 1253/679/641 1252/678/641 
f 1252/678/641 1208/622/641 1241/667/641 
s off
f 1236/657/642 1254/680/642 1255/681/642 
f 1255/681/642 1237/658/642 1236/657/642 
f 1229/648/643 1255/681/643 1254/680/643 
f 1254/680/643 1230/650/643 1229/648/643 
f 1226/643/644 1256/682/644 1257/683/644 
f 1257/683/644 1227/644/644 1226/643/644 
f 1232/652/644 1257/683/644 1256/682/644 
f 1256/682/644 1233/654/644 1232/652/644 
f 1237/658/645 1255/681/645 1250/676/645 
f 1250/676/645 1219/634/645 1237/658/645 
f 1205/619/645 1250/676/645 1255/681/645 
f 1255/681/645 1229/648/645 1205/619/645 
f 1227/644/646 1257/683/646 1252/678/646 
f 1252/678/646 1228/647/646 1227/644/646 
f 1208/622/646 1252/678/646 1257/683/646 
f 1257/683/646 1232/652/646 1208/622/646 
f 1258/684/647 1254/680/647 1236/657/647 
f 1236/657/647 1248/674/647 1258/684/647 
f 1258/684/647 1246/672/647 1230/650/647 
f 1230/650/647 1254/680/647 1258/684/647 
f 1258/684/647 1256/682/647 1226/643/647 
f 1226/643/647 1246/672/647 1258/684/647 
f 1258/684/647 1248/674/647 1233/654/647 
f 1233/654/647 1256/682/647 1258/684/647 
f 1259/616/1398 1260/617/1398 1261/618/1398 
f 1262/619/1399 1263/620/1399 1264/621/1399 
f 1265/622/1400 1266/623/1400 1267/624/1400 
f 1268/625/1401 1269/626/1401 1270/627/1401 
f 1271/628/1402 1272/629/1402 1273/630/1402 
f 1273/630/1402 1264/631/1402 1271/628/1402 
f 1274/632/1403 1259/616/1403 1261/618/1403 
f 1261/618/1403 1275/633/1403 1274/632/1403 
f 1276/634/1404 1277/635/1404 1278/636/1404 
f 1278/636/1404 1270/637/1404 1276/634/1404 
f 1279/638/1405 1280/639/1405 1281/640/1405 
f 1281/640/1405 1267/641/1405 1279/638/1405 
f 1259/616/1406 1282/642/1406 1260/617/1406 
f 1260/617/1407 1282/642/1407 1283/643/1407 
f 1283/643/1407 1284/644/1407 1260/617/1407 
f 1261/645/1408 1260/646/1408 1284/644/1408 
f 1284/644/1408 1285/647/1408 1261/645/1408 
f 1262/619/1409 1286/648/1409 1263/620/1409 
f 1263/649/1410 1286/648/1410 1287/650/1410 
f 1287/650/1410 1288/651/1410 1263/649/1410 
f 1264/631/1411 1263/649/1411 1288/651/1411 
f 1288/651/1411 1271/628/1411 1264/631/1411 
f 1265/622/1412 1289/652/1412 1266/623/1412 
f 1266/653/1413 1289/652/1413 1290/654/1413 
f 1290/654/1413 1291/655/1413 1266/653/1413 
f 1267/641/1414 1266/653/1414 1291/655/1414 
f 1291/655/1414 1279/638/1414 1267/641/1414 
f 1268/625/1415 1292/656/1415 1269/626/1415 
f 1269/626/1416 1292/656/1416 1293/657/1416 
f 1293/657/1416 1294/658/1416 1269/626/1416 
f 1270/637/1417 1269/659/1417 1294/658/1417 
f 1294/658/1417 1276/634/1417 1270/637/1417 
f 1264/621/1418 1273/660/1418 1295/661/1418 
f 1295/661/1418 1262/619/1418 1264/621/1418 
f 1296/662/1419 1275/663/1419 1261/645/1419 
f 1261/645/1419 1285/647/1419 1296/662/1419 
f 1270/627/1420 1278/664/1420 1297/665/1420 
f 1297/665/1420 1268/625/1420 1270/627/1420 
f 1265/622/1421 1267/624/1421 1281/666/1421 
f 1281/666/1421 1298/667/1421 1265/622/1421 
s 8
f 1271/628/1422 1299/668/1422 1300/669/1422 
f 1300/669/1422 1272/629/1422 1271/628/1422 
f 1274/632/1422 1300/669/1422 1299/668/1422 
f 1299/668/1422 1259/616/1422 1274/632/1422 
s 32
f 1279/638/1423 1301/670/1423 1302/671/1423 
f 1302/671/1423 1280/639/1423 1279/638/1423 
f 1297/665/1423 1302/671/1423 1301/670/1423 
f 1301/670/1423 1268/625/1423 1297/665/1423 
s off
f 1287/650/1424 1303/672/1424 1304/673/1424 
f 1304/673/1424 1288/651/1424 1287/650/1424 
f 1282/642/1424 1304/673/1424 1303/672/1424 
f 1303/672/1424 1283/643/1424 1282/642/1424 
f 1290/654/1425 1305/674/1425 1306/675/1425 
f 1306/675/1425 1291/655/1425 1290/654/1425 
f 1292/656/1425 1306/675/1425 1305/674/1425 
f 1305/674/1425 1293/657/1425 1292/656/1425 
f 1288/651/1426 1304/673/1426 1299/668/1426 
f 1299/668/1426 1271/628/1426 1288/651/1426 
f 1259/616/1427 1299/668/1427 1304/673/1427 
f 1304/673/1427 1282/642/1427 1259/616/1427 
f 1291/655/1428 1306/675/1428 1301/670/1428 
f 1301/670/1428 1279/638/1428 1291/655/1428 
f 1268/625/1428 1301/670/1428 1306/675/1428 
f 1306/675/1428 1292/656/1428 1268/625/1428 
s 16
f 1277/635/641 1276/634/641 1307/676/641 
f 1307/676/641 1308/677/641 1277/635/641 
f 1262/619/641 1295/661/641 1308/677/641 
f 1308/677/641 1307/676/641 1262/619/641 
s 64
f 1285/647/640 1309/678/640 1310/679/640 
f 1310/679/640 1296/662/640 1285/647/640 
f 1298/667/640 1310/679/640 1309/678/640 
f 1309/678/640 1265/622/640 1298/667/640 
s off
f 1293/657/1429 1311/680/1429 1312/681/1429 
f 1312/681/1429 1294/658/1429 1293/657/1429 
f 1286/648/1430 1312/681/1430 1311/680/1430 
f 1311/680/1430 1287/650/1430 1286/648/1430 
f 1283/643/1431 1313/682/1431 1314/683/1431 
f 1314/683/1431 1284/644/1431 1283/643/1431 
f 1289/652/1431 1314/683/1431 1313/682/1431 
f 1313/682/1431 1290/654/1431 1289/652/1431 
f 1294/658/1432 1312/681/1432 1307/676/1432 
f 1307/676/1432 1276/634/1432 1294/658/1432 
f 1262/619/1432 1307/676/1432 1312/681/1432 
f 1312/681/1432 1286/648/1432 1262/619/1432 
f 1284/644/1433 1314/683/1433 1309/678/1433 
f 1309/678/1433 1285/647/1433 1284/644/1433 
f 1265/622/1433 1309/678/1433 1314/683/1433 
f 1314/683/1433 1289/652/1433 1265/622/1433 
f 1315/684/1434 1311/680/1434 1293/657/1434 
f 1293/657/1434 1305/674/1434 1315/684/1434 
f 1315/684/1434 1303/672/1434 1287/650/1434 
f 1287/650/1434 1311/680/1434 1315/684/1434 
f 1315/684/1434 1313/682/1434 1283/643/1434 
f 1283/643/1434 1303/672/1434 1315/684/1434 
f 1315/684/1434 1305/674/1434 1290/654/1434 
f 1290/654/1434 1313/682/1434 1315/684/1434 
s 1
f 1316/685/508 1317/686/508 1318/687/508 
f 1318/687/508 1319/688/508 1316/685/508 
f 1320/689/512 1321/690/512 1322/691/512 
f 1322/691/512 1323/692/512 1320/689/512 
s 2
f 1324/693/658 1325/694/658 1326/695/1435 
f 1326/695/1435 1327/696/1436 1324/693/658 
s 4
f 1328/697/1437 1329/698/1438 1330/699/1438 
f 1330/699/1438 1331/700/1437 1328/697/1437 
s 2
f 1332/701/1439 1333/702/1439 1334/703/1440 
f 1334/703/1440 1335/704/1441 1332/701/1439 
s 1
f 1336/705/508 1337/706/508 1318/687/508 
f 1318/687/508 1330/699/508 1336/705/508 
f 1338/707/698 1339/708/698 1340/709/512 
f 1340/709/512 1341/710/512 1338/707/698 
s 2
f 1327/696/1436 1326/695/1435 1342/711/1442 
f 1342/711/1442 1343/712/1442 1327/696/1436 
f 1344/713/648 1345/714/648 1335/704/1441 
f 1335/704/1441 1334/703/1440 1344/713/648 
f 1346/715/658 1347/716/658 1324/693/658 
f 1324/693/658 1327/696/1436 1346/715/658 
s 4
f 1348/717/510 1349/718/510 1322/691/510 
f 1322/691/510 1350/719/510 1348/717/510 
s 2
f 1351/720/648 1352/721/648 1335/704/1441 
f 1335/704/1441 1345/714/648 1351/720/648 
s 1
f 1317/686/508 1316/685/508 1344/722/508 
f 1344/722/508 1334/703/508 1317/686/508 
f 1353/723/508 1337/706/508 1326/695/508 
f 1326/695/508 1325/724/508 1353/723/508 
f 1320/689/512 1323/692/512 1354/725/512 
f 1354/725/512 1355/726/512 1320/689/512 
f 1350/719/512 1356/727/512 1357/728/512 
f 1357/728/512 1358/729/512 1350/719/512 
s 4
f 1328/697/1437 1331/700/1437 1333/730/1443 
f 1333/730/1443 1332/731/1443 1328/697/1437 
f 1336/705/1444 1359/732/1444 1343/733/1445 
f 1343/733/1445 1342/734/1445 1336/705/1444 
s 1
f 1342/711/508 1326/695/508 1337/706/508 
f 1337/706/508 1336/705/508 1342/711/508 
f 1333/702/508 1331/700/508 1317/686/508 
f 1317/686/508 1334/703/508 1333/702/508 
f 1332/735/512 1335/736/512 1360/737/1446 
f 1360/737/1446 1328/738/1447 1332/735/512 
f 1343/739/512 1359/740/1448 1348/717/1449 
f 1348/717/1449 1327/741/512 1343/739/512 
f 1361/742/1450 1359/740/1448 1329/743/1451 
f 1329/743/1451 1362/744/1452 1361/742/1450 
f 1328/738/1447 1360/737/1446 1363/745/1453 
f 1363/745/1453 1364/746/1454 1328/738/1447 
f 1363/745/1453 1360/737/1446 1349/718/1455 
f 1349/718/1455 1365/747/1455 1363/745/1453 
f 1359/740/1448 1361/742/1450 1366/748/1456 
f 1366/748/1456 1348/717/1449 1359/740/1448 
s 2
f 1367/749/675 1361/742/675 1362/744/675 
f 1362/744/675 1368/750/675 1367/749/675 
s 4
f 1363/745/676 1369/751/676 1370/752/676 
f 1370/752/676 1364/746/676 1363/745/676 
s 2
f 1369/751/673 1363/745/673 1365/747/673 
f 1365/747/673 1371/753/673 1369/751/673 
s 4
f 1361/742/674 1367/749/674 1372/754/674 
f 1372/754/674 1366/748/674 1361/742/674 
s 1
f 1373/755/512 1367/749/512 1368/750/512 
f 1368/750/512 1374/756/512 1373/755/512 
f 1369/751/512 1375/757/512 1376/758/512 
f 1376/758/512 1370/752/512 1369/751/512 
f 1375/757/512 1369/751/512 1371/753/512 
f 1371/753/512 1377/759/512 1375/757/512 
f 1367/749/512 1373/755/512 1378/760/512 
f 1378/760/512 1372/754/512 1367/749/512 
s 2
f 1379/761/678 1380/762/678 1374/763/678 
f 1374/763/678 1376/764/678 1379/761/678 
s 4
f 1379/761/648 1376/764/648 1375/765/648 
f 1375/765/648 1381/766/648 1379/761/648 
s 2
f 1382/767/1457 1383/768/1457 1377/769/1457 
f 1377/769/1457 1378/770/1457 1382/767/1457 
s 4
f 1382/771/658 1378/772/658 1373/773/658 
f 1373/773/658 1384/774/658 1382/771/658 
s 1
f 1379/775/682 1385/776/683 1386/777/684 
f 1386/777/684 1380/778/684 1379/775/682 
s 2
f 1387/779/648 1388/780/648 1389/781/648 
f 1389/781/648 1390/782/648 1387/779/648 
s 1
f 1382/767/679 1391/783/680 1392/784/681 
f 1392/784/681 1383/768/681 1382/767/679 
s 2
f 1393/785/658 1394/786/658 1395/787/658 
f 1395/787/658 1396/788/658 1393/785/658 
s 8
f 1381/766/508 1390/789/508 1389/790/508 
f 1389/790/508 1379/761/508 1381/766/508 
s 1
f 1381/791/694 1397/792/695 1387/779/1458 
f 1387/779/1458 1390/782/1459 1381/791/694 
f 1338/793/698 1398/794/699 1399/795/699 
f 1399/795/699 1339/708/698 1338/793/698 
s 4
f 1385/776/1460 1388/796/701 1398/797/702 
f 1398/797/702 1338/707/703 1385/776/1460 
s 8
f 1384/774/508 1396/798/508 1395/799/508 
f 1395/799/508 1382/771/508 1384/774/508 
s 1
f 1384/800/685 1400/801/686 1393/802/1461 
f 1393/802/1461 1396/803/1462 1384/800/685 
f 1401/804/656 1402/805/689 1403/806/689 
f 1403/806/689 1404/807/656 1401/804/656 
s 4
f 1391/783/690 1394/786/691 1402/805/692 
f 1402/805/692 1401/804/693 1391/783/690 
f 1338/707/703 1341/710/705 1386/777/705 
f 1386/777/705 1385/776/1460 1338/707/703 
s 2
f 1398/808/648 1388/780/648 1387/779/648 
f 1387/779/648 1399/795/648 1398/808/648 
s 4
f 1401/804/693 1340/709/704 1392/784/704 
f 1392/784/704 1391/783/690 1401/804/693 
s 2
f 1402/805/658 1394/786/658 1393/785/658 
f 1393/785/658 1403/809/658 1402/805/658 
s 4
f 1397/792/712 1339/708/713 1399/795/714 
f 1399/795/714 1387/779/715 1397/792/712 
s 1
f 1379/810/682 1389/811/1463 1388/796/1464 
f 1388/796/1464 1385/776/683 1379/810/682 
s 4
f 1400/801/1465 1404/812/707 1403/813/708 
f 1403/813/708 1393/802/709 1400/801/1465 
s 1
f 1382/767/679 1395/787/1466 1394/786/1467 
f 1394/786/1467 1391/783/680 1382/767/679 
s 4
f 1354/725/510 1323/692/510 1360/737/510 
f 1360/737/510 1335/736/510 1354/725/510 
f 1354/725/510 1335/736/510 1352/814/510 
f 1346/815/510 1327/741/510 1348/717/510 
f 1348/717/510 1350/719/510 1346/815/510 
f 1346/815/510 1350/719/510 1358/729/510 
s off
f 1347/1632/1311 1346/1633/1311 1358/729/1311 
f 1358/729/1311 1357/728/1311 1347/1632/1311 
f 1352/1634/1310 1351/1635/1310 1355/726/1310 
f 1355/726/1310 1354/725/1310 1352/1634/1310 
s 1
f 1318/687/508 1337/706/508 1353/723/508 
f 1353/723/508 1319/688/508 1318/687/508 
f 1322/691/512 1321/690/512 1356/727/512 
f 1356/727/512 1350/719/512 1322/691/512 
s 4
f 1329/698/1438 1359/732/1444 1336/705/1444 
f 1336/705/1444 1330/699/1438 1329/698/1438 
s 1
f 1318/687/508 1317/686/508 1331/700/508 
f 1331/700/508 1330/699/508 1318/687/508 
f 1340/709/512 1401/804/656 1404/812/656 
f 1404/812/656 1341/710/512 1340/709/512 
s 4
f 1349/718/510 1360/737/510 1323/692/510 
f 1323/692/510 1322/691/510 1349/718/510 
s 1
f 1364/746/1454 1362/744/1452 1329/743/1451 
f 1329/743/1451 1328/738/1447 1364/746/1454 
f 1366/748/1456 1365/747/1455 1349/718/1455 
f 1349/718/1455 1348/717/1449 1366/748/1456 
s 2
f 1370/752/675 1368/750/675 1362/744/675 
f 1362/744/675 1364/746/675 1370/752/675 
f 1372/754/673 1371/753/673 1365/747/673 
f 1365/747/673 1366/748/673 1372/754/673 
s 1
f 1376/758/512 1374/756/512 1368/750/512 
f 1368/750/512 1370/752/512 1376/758/512 
f 1378/760/512 1377/759/512 1371/753/512 
f 1371/753/512 1372/754/512 1378/760/512 
s 2
f 1380/762/678 1384/774/678 1373/773/678 
f 1373/773/678 1374/763/678 1380/762/678 
f 1383/768/1457 1381/791/1457 1375/1636/1457 
f 1375/1636/1457 1377/769/1457 1383/768/1457 
s 1
f 1386/777/684 1400/801/686 1384/1637/685 
f 1384/1637/685 1380/778/684 1386/777/684 
f 1392/784/681 1397/792/695 1381/791/694 
f 1381/791/694 1383/768/681 1392/784/681 
s 4
f 1341/710/705 1404/812/707 1400/801/1465 
f 1400/801/1465 1386/777/705 1341/710/705 
f 1340/709/704 1339/708/713 1397/792/712 
f 1397/792/712 1392/784/704 1340/709/704 
s off
f 1405/616/1398 1406/617/1398 1407/618/1398 
f 1408/619/1399 1409/620/1399 1410/621/1399 
f 1411/622/1400 1412/623/1400 1413/624/1400 
f 1414/625/1401 1415/626/1401 1416/627/1401 
f 1417/628/1402 1418/629/1402 1419/630/1402 
f 1419/630/1402 1410/631/1402 1417/628/1402 
f 1420/632/1403 1405/616/1403 1407/618/1403 
f 1407/618/1403 1421/633/1403 1420/632/1403 
f 1422/634/1404 1423/635/1404 1424/636/1404 
f 1424/636/1404 1416/637/1404 1422/634/1404 
f 1425/638/1405 1426/639/1405 1427/640/1405 
f 1427/640/1405 1413/641/1405 1425/638/1405 
f 1405/616/1406 1428/642/1406 1406/617/1406 
f 1406/617/1407 1428/642/1407 1429/643/1407 
f 1429/643/1407 1430/644/1407 1406/617/1407 
f 1407/645/1408 1406/646/1408 1430/644/1408 
f 1430/644/1408 1431/647/1408 1407/645/1408 
f 1408/619/1468 1432/648/1468 1409/620/1468 
f 1409/649/1410 1432/648/1410 1433/650/1410 
f 1433/650/1410 1434/651/1410 1409/649/1410 
f 1410/631/1411 1409/649/1411 1434/651/1411 
f 1434/651/1411 1417/628/1411 1410/631/1411 
f 1411/622/1412 1435/652/1412 1412/623/1412 
f 1412/653/1413 1435/652/1413 1436/654/1413 
f 1436/654/1413 1437/655/1413 1412/653/1413 
f 1413/641/1414 1412/653/1414 1437/655/1414 
f 1437/655/1414 1425/638/1414 1413/641/1414 
f 1414/625/1415 1438/656/1415 1415/626/1415 
f 1415/626/1416 1438/656/1416 1439/657/1416 
f 1439/657/1416 1440/658/1416 1415/626/1416 
f 1416/637/1417 1415/659/1417 1440/658/1417 
f 1440/658/1417 1422/634/1417 1416/637/1417 
f 1410/621/1418 1419/660/1418 1441/661/1418 
f 1441/661/1418 1408/619/1418 1410/621/1418 
f 1442/662/1419 1421/663/1419 1407/645/1419 
f 1407/645/1419 1431/647/1419 1442/662/1419 
f 1416/627/1420 1424/664/1420 1443/665/1420 
f 1443/665/1420 1414/625/1420 1416/627/1420 
f 1411/622/1421 1413/624/1421 1427/666/1421 
f 1427/666/1421 1444/667/1421 1411/622/1421 
s 8
f 1417/628/1422 1445/668/1422 1446/669/1422 
f 1446/669/1422 1418/629/1422 1417/628/1422 
f 1420/632/1422 1446/669/1422 1445/668/1422 
f 1445/668/1422 1405/616/1422 1420/632/1422 
s 32
f 1425/638/1423 1447/670/1423 1448/671/1423 
f 1448/671/1423 1426/639/1423 1425/638/1423 
f 1443/665/1423 1448/671/1423 1447/670/1423 
f 1447/670/1423 1414/625/1423 1443/665/1423 
s off
f 1433/650/1424 1449/672/1424 1450/673/1424 
f 1450/673/1424 1434/651/1424 1433/650/1424 
f 1428/642/1424 1450/673/1424 1449/672/1424 
f 1449/672/1424 1429/643/1424 1428/642/1424 
f 1436/654/1425 1451/674/1425 1452/675/1425 
f 1452/675/1425 1437/655/1425 1436/654/1425 
f 1438/656/1425 1452/675/1425 1451/674/1425 
f 1451/674/1425 1439/657/1425 1438/656/1425 
f 1434/651/1426 1450/673/1426 1445/668/1426 
f 1445/668/1426 1417/628/1426 1434/651/1426 
f 1405/616/1427 1445/668/1427 1450/673/1427 
f 1450/673/1427 1428/642/1427 1405/616/1427 
f 1437/655/1428 1452/675/1428 1447/670/1428 
f 1447/670/1428 1425/638/1428 1437/655/1428 
f 1414/625/1428 1447/670/1428 1452/675/1428 
f 1452/675/1428 1438/656/1428 1414/625/1428 
s 16
f 1423/635/641 1422/634/641 1453/676/641 
f 1453/676/641 1454/677/641 1423/635/641 
f 1408/619/641 1441/661/641 1454/677/641 
f 1454/677/641 1453/676/641 1408/619/641 
s 64
f 1431/647/640 1455/678/640 1456/679/640 
f 1456/679/640 1442/662/640 1431/647/640 
f 1444/667/640 1456/679/640 1455/678/640 
f 1455/678/640 1411/622/640 1444/667/640 
s off
f 1439/657/1429 1457/680/1429 1458/681/1429 
f 1458/681/1429 1440/658/1429 1439/657/1429 
f 1432/648/1430 1458/681/1430 1457/680/1430 
f 1457/680/1430 1433/650/1430 1432/648/1430 
f 1429/643/1431 1459/682/1431 1460/683/1431 
f 1460/683/1431 1430/644/1431 1429/643/1431 
f 1435/652/1431 1460/683/1431 1459/682/1431 
f 1459/682/1431 1436/654/1431 1435/652/1431 
f 1440/658/1432 1458/681/1432 1453/676/1432 
f 1453/676/1432 1422/634/1432 1440/658/1432 
f 1408/619/1432 1453/676/1432 1458/681/1432 
f 1458/681/1432 1432/648/1432 1408/619/1432 
f 1430/644/1433 1460/683/1433 1455/678/1433 
f 1455/678/1433 1431/647/1433 1430/644/1433 
f 1411/622/1433 1455/678/1433 1460/683/1433 
f 1460/683/1433 1435/652/1433 1411/622/1433 
f 1461/684/1434 1457/680/1434 1439/657/1434 
f 1439/657/1434 1451/674/1434 1461/684/1434 
f 1461/684/1434 1449/672/1434 1433/650/1434 
f 1433/650/1434 1457/680/1434 1461/684/1434 
f 1461/684/1434 1459/682/1434 1429/643/1434 
f 1429/643/1434 1449/672/1434 1461/684/1434 
f 1461/684/1434 1451/674/1434 1436/654/1434 
f 1436/654/1434 1459/682/1434 1461/684/1434 
s 1
f 1462/383/1469 1463/384/1470 1464/385/1471 
f 1464/385/1471 1465/386/1472 1462/383/1469 
f 1466/387/1473 1467/388/1474 1468/389/1475 
f 1468/389/1475 1469/390/1476 1466/387/1473 
f 1470/391/1477 1471/392/1478 1472/393/1479 
f 1472/393/1479 1473/394/1480 1470/391/1477 
f 1474/395/1481 1475/396/1482 1476/397/1483 
f 1476/397/1483 1477/398/1484 1474/395/1481 
f 1465/386/1472 1478/399/1485 1479/400/1486 
f 1479/400/1486 1462/383/1469 1465/386/1472 
f 1464/385/1471 1463/384/1470 1480/401/1487 
f 1480/401/1487 1481/402/1488 1464/385/1471 
f 1469/390/1476 1482/403/1489 1483/404/1490 
f 1483/404/1490 1466/387/1473 1469/390/1476 
f 1470/391/1477 1473/394/1480 1484/405/1491 
f 1484/405/1491 1485/406/1492 1470/391/1477 
f 1478/407/1485 1468/389/1475 1467/388/1474 
f 1467/388/1474 1479/408/1486 1478/407/1485 
f 1481/409/1488 1480/410/1487 1475/396/1482 
f 1475/396/1482 1474/395/1481 1481/409/1488 
f 1482/411/1489 1472/393/1479 1471/392/1478 
f 1471/392/1478 1483/412/1490 1482/411/1489 
f 1485/413/1492 1484/414/1491 1477/398/1484 
f 1477/398/1484 1476/397/1483 1485/413/1492 
f 1463/384/1470 1486/415/1493 1487/416/1494 
f 1487/416/1494 1480/417/1487 1463/384/1470 
f 1467/388/1474 1488/418/1495 1489/419/1496 
f 1489/419/1496 1479/420/1486 1467/388/1474 
f 1476/397/1483 1490/421/1497 1491/422/1498 
f 1491/422/1498 1485/406/1492 1476/397/1483 
f 1471/392/1478 1492/423/1499 1493/424/1500 
f 1493/424/1500 1483/412/1490 1471/392/1478 
s 8
f 1490/421/1501 1494/425/1501 1495/426/1501 
f 1490/421/1501 1495/426/1501 1496/427/1501 
f 1496/427/1501 1491/422/1501 1490/421/1501 
f 1496/427/1501 1497/428/1501 1498/429/1501 
f 1498/429/1501 1491/422/1501 1496/427/1501 
f 1492/423/1501 1498/429/1501 1497/428/1501 
f 1492/423/1501 1497/428/1501 1499/430/1501 
f 1499/430/1501 1493/424/1501 1492/423/1501 
f 1499/430/1501 1500/431/1501 1501/432/1501 
f 1501/432/1501 1493/424/1501 1499/430/1501 
f 1488/418/1501 1501/432/1501 1500/431/1501 
f 1488/418/1501 1500/431/1501 1502/433/1501 
f 1502/433/1501 1489/419/1501 1488/418/1501 
f 1502/433/1501 1503/434/1501 1504/435/1501 
f 1504/435/1501 1489/419/1501 1502/433/1501 
f 1486/415/1501 1504/435/1501 1503/434/1501 
f 1486/415/1501 1503/434/1501 1505/436/1501 
f 1505/436/1501 1487/416/1501 1486/415/1501 
f 1505/436/1501 1495/426/1501 1494/425/1501 
f 1494/425/1501 1487/416/1501 1505/436/1501 
s 2
f 1506/437/1502 1507/438/1503 1496/427/1504 
f 1496/427/1504 1495/426/1505 1506/437/1502 
s 4
f 1507/438/1506 1508/439/1507 1497/428/1508 
f 1497/428/1508 1496/427/1509 1507/438/1506 
f 1497/428/1508 1508/439/1507 1509/440/1510 
f 1509/440/1510 1499/430/1511 1497/428/1508 
s 2
f 1509/440/1512 1510/441/1513 1500/431/1514 
f 1500/431/1514 1499/430/1515 1509/440/1512 
f 1510/441/1513 1511/442/1516 1502/433/1517 
f 1502/433/1517 1500/431/1514 1510/441/1513 
s 4
f 1511/442/1518 1512/443/1519 1503/434/1520 
f 1503/434/1520 1502/433/1521 1511/442/1518 
f 1503/434/1520 1512/443/1519 1513/444/1522 
f 1513/444/1522 1505/436/1523 1503/434/1520 
s 2
f 1513/444/1524 1506/437/1502 1495/426/1505 
f 1495/426/1505 1505/436/1525 1513/444/1524 
s 1
f 1507/438/1501 1506/437/1501 1514/445/1501 
f 1514/445/1501 1515/446/1501 1507/438/1501 
f 1508/439/1501 1507/438/1501 1515/446/1501 
f 1515/446/1501 1516/447/1501 1508/439/1501 
f 1517/448/1501 1509/440/1501 1508/439/1501 
f 1508/439/1501 1516/447/1501 1517/448/1501 
f 1510/441/1501 1509/440/1501 1517/448/1501 
f 1517/448/1501 1518/449/1501 1510/441/1501 
f 1519/450/1501 1511/442/1501 1510/441/1501 
f 1510/441/1501 1518/449/1501 1519/450/1501 
f 1512/443/1501 1511/442/1501 1519/450/1501 
f 1519/450/1501 1520/451/1501 1512/443/1501 
f 1521/452/1501 1513/444/1501 1512/443/1501 
f 1512/443/1501 1520/451/1501 1521/452/1501 
f 1506/437/1501 1513/444/1501 1521/452/1501 
f 1521/452/1501 1514/445/1501 1506/437/1501 
s 2
f 1515/453/1526 1514/454/1527 1522/455/1528 
f 1522/455/1528 1523/456/1529 1515/453/1526 
f 1516/457/1530 1515/453/1526 1523/456/1529 
f 1523/456/1529 1524/458/1531 1516/457/1530 
f 1525/459/1532 1517/460/1533 1516/457/1530 
f 1516/457/1530 1524/458/1531 1525/459/1532 
f 1526/461/1534 1518/462/1535 1517/463/1533 
f 1517/463/1533 1525/464/1532 1526/461/1534 
f 1527/465/1536 1519/466/1537 1518/462/1535 
f 1518/462/1535 1526/461/1534 1527/465/1536 
f 1528/467/1538 1520/468/1539 1519/466/1537 
f 1519/466/1537 1527/465/1536 1528/467/1538 
f 1521/469/1540 1520/468/1539 1528/467/1538 
f 1528/467/1538 1529/470/1541 1521/469/1540 
f 1514/454/1527 1521/469/1540 1529/470/1541 
f 1529/470/1541 1522/455/1528 1514/454/1527 
f 1522/471/1528 1530/472/1542 1531/473/1543 
f 1531/473/1543 1523/474/1529 1522/471/1528 
f 1524/475/1531 1523/474/1529 1531/473/1543 
f 1531/473/1543 1532/476/1544 1524/475/1531 
f 1524/475/1531 1532/476/1544 1533/477/1545 
f 1533/477/1545 1525/478/1532 1524/475/1531 
f 1526/479/1534 1525/478/1532 1533/477/1545 
f 1533/477/1545 1534/480/1546 1526/479/1534 
f 1526/479/1534 1534/480/1546 1535/481/1547 
f 1535/481/1547 1527/482/1536 1526/479/1534 
f 1528/483/1538 1527/482/1536 1535/481/1547 
f 1535/481/1547 1536/484/1548 1528/483/1538 
f 1528/483/1538 1536/484/1548 1537/485/1549 
f 1537/485/1549 1529/486/1541 1528/483/1538 
f 1522/471/1528 1529/486/1541 1537/485/1549 
f 1537/485/1549 1530/472/1542 1522/471/1528 
s 1
f 1538/487/1550 1531/473/1551 1530/472/1552 
f 1538/487/1550 1532/476/1553 1531/473/1551 
f 1538/487/1550 1533/477/1554 1532/476/1553 
f 1538/487/1550 1534/480/1555 1533/477/1554 
f 1538/487/1550 1535/481/1556 1534/480/1555 
f 1538/487/1550 1536/484/1557 1535/481/1556 
f 1538/487/1550 1537/485/1558 1536/484/1557 
f 1537/485/1558 1538/487/1550 1530/472/1552 
f 1475/396/1482 1494/425/1559 1490/421/1497 
f 1490/421/1497 1476/397/1483 1475/396/1482 
f 1470/391/1477 1485/406/1492 1491/422/1498 
f 1491/422/1498 1498/429/1560 1470/391/1477 
f 1470/391/1477 1498/429/1560 1492/423/1499 
f 1492/423/1499 1471/392/1478 1470/391/1477 
f 1466/387/1473 1483/412/1490 1493/424/1500 
f 1493/424/1500 1501/432/1561 1466/387/1473 
f 1466/387/1473 1501/432/1561 1488/418/1495 
f 1488/418/1495 1467/388/1474 1466/387/1473 
f 1462/383/1469 1479/420/1486 1489/419/1496 
f 1489/419/1496 1504/435/1562 1462/383/1469 
f 1462/383/1469 1504/435/1562 1486/415/1493 
f 1486/415/1493 1463/384/1470 1462/383/1469 
f 1475/396/1482 1480/417/1487 1487/416/1494 
f 1487/416/1494 1494/425/1559 1475/396/1482 
f 1539/816/718 1540/817/718 1541/818/719 
f 1541/818/719 1542/819/720 1539/816/718 
f 1543/820/721 1544/821/722 1545/822/722 
f 1545/822/722 1546/823/723 1543/820/721 
f 1547/824/724 1548/825/724 1549/826/724 
f 1549/826/724 1550/827/724 1547/824/724 
s 2
f 1545/822/725 1539/816/726 1542/819/727 
f 1542/819/727 1546/823/728 1545/822/725 
s 1
f 1551/828/729 1552/829/729 1553/830/729 
f 1553/830/729 1554/831/729 1551/828/729 
s 2
f 1555/832/730 1556/833/731 1557/834/732 
f 1557/834/732 1558/835/733 1555/832/730 
s 1
f 1559/836/734 1557/837/735 1556/838/736 
f 1556/838/736 1560/839/736 1559/836/734 
f 1555/832/737 1558/835/738 1561/840/739 
f 1561/840/739 1562/841/737 1555/832/737 
s 2
f 1552/842/740 1551/828/741 1562/841/742 
f 1562/841/742 1560/839/743 1552/842/740 
f 1562/841/742 1561/840/744 1559/836/1563 
f 1559/836/1563 1560/839/743 1562/841/742 
f 1545/822/725 1549/826/746 1548/843/747 
f 1548/843/747 1539/816/726 1545/822/725 
f 1547/844/748 1550/827/749 1544/821/750 
f 1544/821/750 1540/845/751 1547/844/748 
f 1544/821/750 1543/820/752 1541/846/753 
f 1541/846/753 1540/845/751 1544/821/750 
f 1555/832/730 1554/831/754 1553/847/755 
f 1553/847/755 1556/833/731 1555/832/730 
s 1
f 1542/819/720 1541/818/719 1563/848/756 
f 1563/848/756 1564/849/757 1542/819/720 
f 1565/850/758 1543/820/721 1546/823/723 
f 1546/823/723 1566/851/759 1565/850/758 
s 2
f 1546/823/728 1542/819/727 1564/849/760 
f 1564/849/760 1566/851/761 1546/823/728 
f 1558/835/733 1557/834/732 1567/852/762 
f 1567/852/762 1568/853/763 1558/835/733 
s 1
f 1564/849/757 1563/848/756 1569/854/764 
f 1569/854/764 1570/855/765 1564/849/757 
f 1570/855/765 1569/854/764 1571/856/766 
f 1571/856/766 1572/857/767 1570/855/765 
f 1572/857/767 1571/856/766 1567/858/768 
f 1567/858/768 1573/859/769 1572/857/767 
f 1573/859/769 1567/858/768 1557/837/735 
f 1557/837/735 1559/836/734 1573/859/769 
f 1574/860/770 1565/850/758 1566/851/759 
f 1566/851/759 1575/861/771 1574/860/770 
f 1576/862/772 1574/860/770 1575/861/771 
f 1575/861/771 1577/863/773 1576/862/772 
f 1568/853/774 1576/862/772 1577/863/773 
f 1577/863/773 1578/864/775 1568/853/774 
f 1558/835/738 1568/853/774 1578/864/775 
f 1578/864/775 1561/840/739 1558/835/738 
s 2
f 1566/851/761 1564/849/760 1570/855/776 
f 1570/855/776 1575/861/777 1566/851/761 
f 1575/861/777 1570/855/776 1572/857/778 
f 1572/857/778 1577/863/779 1575/861/777 
f 1578/864/780 1577/863/779 1572/857/778 
f 1572/857/778 1573/859/781 1578/864/780 
f 1561/840/744 1578/864/780 1573/859/781 
f 1573/859/781 1559/836/1563 1561/840/744 
f 1568/853/763 1567/852/762 1571/865/782 
f 1571/865/782 1576/862/783 1568/853/763 
f 1574/860/784 1576/862/783 1571/865/782 
f 1571/865/782 1569/866/785 1574/860/784 
f 1565/850/786 1574/860/784 1569/866/785 
f 1569/866/785 1563/867/787 1565/850/786 
f 1543/820/752 1565/850/786 1563/867/787 
f 1563/867/787 1541/846/753 1543/820/752 
s 4
f 1555/832/788 1562/841/788 1551/828/788 
f 1551/828/788 1554/831/789 1555/832/788 
f 1550/827/790 1549/826/788 1545/822/791 
f 1545/822/791 1544/821/788 1550/827/790 
s 2049
f 1579/1507/1099 1580/1508/1100 1581/1509/1101 
f 1581/1509/1101 1582/1510/1102 1579/1507/1099 
s 4100
f 1581/1509/1103 1580/1508/1104 1583/1511/1105 
f 1583/1511/1105 1584/1512/1106 1581/1509/1103 
s 8194
f 1584/1512/1107 1583/1511/1108 1585/1513/1109 
f 1585/1513/1109 1586/1514/1110 1584/1512/1107 
s 4100
f 1579/1507/1111 1582/1510/1564 1586/1515/1113 
f 1586/1515/1113 1585/1516/1114 1579/1507/1111 
s 2056
f 1587/1517/1115 1580/1508/1100 1579/1507/1099 
f 1579/1507/1099 1588/1518/1116 1587/1517/1115 
s 4128
f 1589/1519/1117 1583/1511/1105 1580/1508/1104 
f 1580/1508/1104 1587/1517/1565 1589/1519/1117 
s 8208
f 1590/1520/1119 1585/1513/1109 1583/1511/1108 
f 1583/1511/1108 1589/1519/1120 1590/1520/1119 
s 4128
f 1588/1518/1121 1579/1507/1111 1585/1516/1114 
f 1585/1516/1114 1590/1521/1122 1588/1518/1121 
s 2049
f 1587/1517/1115 1588/1518/1116 1591/1522/1123 
f 1591/1522/1123 1592/1523/1124 1587/1517/1115 
s 4100
f 1589/1519/1117 1587/1517/1565 1592/1523/1566 
f 1592/1523/1566 1593/1524/1126 1589/1519/1117 
s 8194
f 1594/1525/1127 1590/1520/1119 1589/1519/1120 
f 1589/1519/1120 1593/1524/1567 1594/1525/1127 
s 4100
f 1588/1518/1121 1590/1521/1122 1594/1526/1129 
f 1594/1526/1129 1591/1522/1130 1588/1518/1121 
s 2056
f 1592/1523/1124 1591/1522/1123 1595/1527/1131 
f 1595/1527/1131 1596/1528/1132 1592/1523/1124 
s 4128
f 1597/1529/1133 1593/1524/1126 1592/1523/1566 
f 1592/1523/1566 1596/1528/1134 1597/1529/1133 
s 8208
f 1598/1530/1135 1594/1525/1127 1593/1524/1567 
f 1593/1524/1567 1597/1529/1136 1598/1530/1135 
s 4128
f 1595/1527/1137 1591/1522/1130 1594/1526/1129 
f 1594/1526/1129 1598/1531/1138 1595/1527/1137 
s 2049
f 1596/1528/1132 1595/1527/1131 1599/1532/1139 
f 1599/1532/1139 1600/1533/1140 1596/1528/1132 
s 4100
f 1597/1529/1133 1596/1528/1134 1600/1533/1141 
f 1600/1533/1141 1601/1534/1568 1597/1529/1133 
s 8194
f 1598/1530/1135 1597/1529/1136 1601/1534/1143 
f 1601/1534/1143 1602/1535/1144 1598/1530/1135 
s 4100
f 1595/1527/1137 1598/1531/1138 1602/1536/1145 
f 1602/1536/1145 1599/1532/1146 1595/1527/1137 
s 2056
f 1600/1533/1140 1599/1532/1139 1603/1537/1147 
f 1603/1537/1147 1604/1538/1148 1600/1533/1140 
s 4128
f 1605/1539/1149 1601/1534/1568 1600/1533/1141 
f 1600/1533/1141 1604/1538/1150 1605/1539/1149 
s 8208
f 1602/1535/1144 1601/1534/1143 1605/1539/1151 
f 1605/1539/1151 1606/1540/1152 1602/1535/1144 
s 4128
f 1603/1537/1153 1599/1532/1146 1602/1536/1145 
f 1602/1536/1145 1606/1541/1154 1603/1537/1153 
s 2049
f 1604/1538/1148 1603/1537/1147 1607/1542/1155 
f 1607/1542/1155 1608/1543/1156 1604/1538/1148 
s 4100
f 1605/1539/1149 1604/1538/1150 1608/1543/1569 
f 1608/1543/1569 1609/1544/1158 1605/1539/1149 
s 8194
f 1606/1540/1152 1605/1539/1151 1609/1544/1159 
f 1609/1544/1159 1610/1545/1160 1606/1540/1152 
s 4100
f 1603/1537/1153 1606/1541/1154 1610/1546/1161 
f 1610/1546/1161 1607/1542/1162 1603/1537/1153 
s 2056
f 1611/1547/1163 1608/1543/1156 1607/1542/1155 
f 1607/1542/1155 1612/1548/1164 1611/1547/1163 
s 4128
f 1609/1544/1158 1608/1543/1569 1611/1547/1570 
f 1611/1547/1570 1613/1549/1166 1609/1544/1158 
s 8208
f 1614/1550/1167 1610/1545/1160 1609/1544/1159 
f 1609/1544/1159 1613/1549/1168 1614/1550/1167 
s 4128
f 1612/1548/1169 1607/1542/1162 1610/1546/1161 
f 1610/1546/1161 1614/1551/1571 1612/1548/1169 
s 2049
f 1615/1552/1171 1616/1553/1172 1611/1547/1163 
f 1611/1547/1163 1612/1548/1164 1615/1552/1171 
s 4100
f 1616/1553/1173 1617/1554/1174 1613/1549/1166 
f 1613/1549/1166 1611/1547/1570 1616/1553/1173 
s 8194
f 1613/1549/1168 1617/1554/1175 1618/1555/1176 
f 1618/1555/1176 1614/1550/1167 1613/1549/1168 
s 4100
f 1614/1551/1571 1618/1556/1177 1615/1552/1178 
f 1615/1552/1178 1612/1548/1169 1614/1551/1571 
s 1
f 1619/488/457 1620/489/457 1621/490/458 
f 1621/490/458 1622/491/459 1619/488/457 
f 1623/492/460 1624/493/461 1625/494/461 
f 1625/494/461 1626/495/1572 1623/492/460 
f 1627/496/463 1628/497/463 1629/498/463 
f 1629/498/463 1630/499/463 1627/496/463 
s 2
f 1625/494/464 1619/488/465 1622/491/466 
f 1622/491/466 1626/495/467 1625/494/464 
s 1
f 1631/500/468 1632/501/468 1633/502/468 
f 1633/502/468 1634/503/468 1631/500/468 
s 2
f 1635/504/469 1636/505/470 1637/506/471 
f 1637/506/471 1638/507/472 1635/504/469 
s 4
f 1639/508/473 1637/509/474 1636/510/475 
f 1636/510/475 1640/511/475 1639/508/473 
f 1635/504/476 1638/507/477 1641/512/478 
f 1641/512/478 1642/513/476 1635/504/476 
s 2
f 1632/514/479 1631/500/480 1642/513/481 
f 1642/513/481 1640/511/482 1632/514/479 
f 1642/513/481 1641/512/483 1639/508/484 
f 1639/508/484 1640/511/482 1642/513/481 
f 1625/494/464 1629/498/485 1628/515/486 
f 1628/515/486 1619/488/465 1625/494/464 
f 1643/516/487 1624/493/488 1620/517/489 
f 1620/517/489 1627/518/490 1643/516/487 
f 1643/516/487 1627/518/490 1630/499/491 
f 1624/493/488 1623/492/492 1621/519/493 
f 1621/519/493 1620/517/489 1624/493/488 
f 1635/504/469 1634/503/494 1633/520/495 
f 1633/520/495 1636/505/470 1635/504/469 
s 1
f 1622/491/459 1621/490/458 1644/521/496 
f 1644/521/496 1645/522/496 1622/491/459 
s 4
f 1645/522/497 1644/521/497 1637/509/474 
f 1637/509/474 1639/508/473 1645/522/497 
s 1
f 1646/523/498 1623/492/460 1626/495/1572 
f 1626/495/1572 1647/524/498 1646/523/498 
s 4
f 1638/507/477 1646/523/499 1647/524/499 
f 1647/524/499 1641/512/478 1638/507/477 
s 2
f 1626/495/467 1622/491/466 1645/522/500 
f 1645/522/500 1647/524/501 1626/495/467 
f 1641/512/483 1647/524/501 1645/522/500 
f 1645/522/500 1639/508/484 1641/512/483 
f 1638/507/472 1637/506/471 1644/525/502 
f 1644/525/502 1646/523/503 1638/507/472 
f 1623/492/492 1646/523/503 1644/525/502 
f 1644/525/502 1621/519/493 1623/492/492 
s 8
f 1634/503/504 1635/504/505 1642/513/505 
f 1642/513/505 1631/500/505 1634/503/504 
s 4
f 1643/516/505 1630/499/504 1629/498/505 
f 1629/498/505 1625/494/505 1643/516/505 
f 1643/516/505 1625/494/505 1624/493/505 
s 8
f 1648/526/506 1649/527/506 1650/528/507 
f 1650/528/507 1651/529/507 1648/526/506 
f 1652/530/508 1653/531/508 1649/527/506 
f 1649/527/506 1648/526/506 1652/530/508 
f 1654/532/509 1655/533/509 1653/531/508 
f 1653/531/508 1652/530/508 1654/532/509 
f 1656/534/510 1657/535/510 1655/533/509 
f 1655/533/509 1654/532/509 1656/534/510 
f 1658/536/511 1659/537/511 1657/535/510 
f 1657/535/510 1656/534/510 1658/536/511 
f 1660/538/512 1661/539/512 1659/537/511 
f 1659/537/511 1658/536/511 1660/538/512 
f 1662/540/513 1663/541/513 1661/539/512 
f 1661/539/512 1660/538/512 1662/540/513 
f 1651/529/507 1650/528/507 1663/542/513 
f 1663/542/513 1662/543/513 1651/529/507 
s 1
f 1664/868/792 1665/869/792 1666/870/507 
f 1666/870/507 1667/871/507 1664/868/792 
f 1668/872/793 1669/873/793 1665/869/792 
f 1665/869/792 1664/868/792 1668/872/793 
f 1670/874/794 1671/875/794 1669/873/793 
f 1669/873/793 1668/872/793 1670/874/794 
f 1672/876/795 1673/877/795 1671/875/794 
f 1671/875/794 1670/874/794 1672/876/795 
f 1674/878/796 1675/879/797 1673/877/795 
f 1673/877/795 1672/876/795 1674/878/796 
f 1676/880/798 1677/881/798 1675/879/797 
f 1675/879/797 1674/878/796 1676/880/798 
f 1678/882/799 1679/883/799 1677/881/798 
f 1677/881/798 1676/880/798 1678/882/799 
f 1680/884/800 1681/885/800 1679/883/799 
f 1679/883/799 1678/882/799 1680/884/800 
f 1682/886/510 1683/887/510 1681/885/800 
f 1681/885/800 1680/884/800 1682/886/510 
f 1684/888/801 1685/889/801 1683/887/510 
f 1683/887/510 1682/886/510 1684/888/801 
f 1686/890/802 1687/891/802 1685/889/801 
f 1685/889/801 1684/888/801 1686/890/802 
f 1688/892/803 1689/893/803 1687/891/802 
f 1687/891/802 1686/890/802 1688/892/803 
f 1690/894/804 1691/895/805 1689/893/803 
f 1689/893/803 1688/892/803 1690/894/804 
f 1692/896/806 1693/897/807 1691/895/805 
f 1691/895/805 1690/894/804 1692/896/806 
f 1694/898/808 1695/899/808 1693/897/807 
f 1693/897/807 1692/896/806 1694/898/808 
f 1696/900/809 1697/901/809 1695/899/808 
f 1695/899/808 1694/898/808 1696/900/809 
f 1698/902/810 1699/903/810 1697/904/809 
f 1697/904/809 1696/905/809 1698/902/810 
f 1667/871/507 1666/870/507 1699/903/810 
f 1699/903/810 1698/902/810 1667/871/507 
s 2
f 1700/906/811 1701/907/792 1702/908/507 
f 1702/908/507 1703/909/812 1700/906/811 
f 1704/910/813 1705/911/793 1701/907/792 
f 1701/907/792 1700/906/811 1704/910/813 
f 1706/912/814 1707/913/794 1705/911/793 
f 1705/911/793 1704/910/813 1706/912/814 
f 1708/914/815 1709/915/795 1707/913/794 
f 1707/913/794 1706/912/814 1708/914/815 
f 1710/916/816 1711/917/796 1709/915/795 
f 1709/915/795 1708/914/815 1710/916/816 
f 1712/918/817 1713/919/798 1711/917/796 
f 1711/917/796 1710/916/816 1712/918/817 
f 1714/920/818 1715/921/799 1713/919/798 
f 1713/919/798 1712/918/817 1714/920/818 
f 1716/922/819 1717/923/800 1715/921/799 
f 1715/921/799 1714/920/818 1716/922/819 
f 1718/924/820 1719/925/510 1717/923/800 
f 1717/923/800 1716/922/819 1718/924/820 
f 1720/926/821 1721/927/801 1719/925/510 
f 1719/925/510 1718/924/820 1720/926/821 
f 1722/928/822 1723/929/802 1721/927/801 
f 1721/927/801 1720/926/821 1722/928/822 
f 1724/930/823 1725/931/803 1723/929/802 
f 1723/929/802 1722/928/822 1724/930/823 
f 1726/932/824 1727/933/804 1725/931/803 
f 1725/931/803 1724/930/823 1726/932/824 
f 1728/934/825 1729/935/806 1727/933/804 
f 1727/933/804 1726/932/824 1728/934/825 
f 1730/936/826 1731/937/808 1729/935/806 
f 1729/935/806 1728/934/825 1730/936/826 
f 1732/938/827 1733/939/809 1731/937/808 
f 1731/937/808 1730/936/826 1732/938/827 
f 1734/940/828 1735/941/810 1733/942/809 
f 1733/942/809 1732/943/827 1734/940/828 
f 1703/909/812 1702/908/507 1735/941/810 
f 1735/941/810 1734/940/828 1703/909/812 
f 1666/870/829 1665/869/830 1736/944/831 
f 1736/944/831 1737/945/832 1666/870/829 
f 1699/903/833 1666/870/829 1737/945/832 
f 1737/945/832 1738/946/834 1699/903/833 
f 1739/947/835 1697/904/836 1699/903/833 
f 1699/903/833 1738/946/834 1739/947/835 
f 1740/948/837 1695/899/838 1697/901/836 
f 1697/901/836 1739/949/835 1740/948/837 
f 1741/950/839 1693/897/840 1695/899/838 
f 1695/899/838 1740/948/837 1741/950/839 
f 1742/951/841 1691/895/842 1693/897/840 
f 1693/897/840 1741/950/839 1742/951/841 
f 1743/952/843 1689/893/844 1691/895/842 
f 1691/895/842 1742/951/841 1743/952/843 
f 1744/953/845 1687/891/846 1689/893/844 
f 1689/893/844 1743/952/843 1744/953/845 
f 1745/954/847 1685/889/848 1687/891/846 
f 1687/891/846 1744/953/845 1745/954/847 
f 1746/955/849 1683/887/850 1685/889/848 
f 1685/889/848 1745/954/847 1746/955/849 
f 1747/956/851 1681/885/852 1683/887/850 
f 1683/887/850 1746/955/849 1747/956/851 
f 1748/957/853 1679/883/854 1681/885/852 
f 1681/885/852 1747/956/851 1748/957/853 
f 1749/958/855 1677/881/856 1679/883/854 
f 1679/883/854 1748/957/853 1749/958/855 
f 1750/959/857 1675/879/858 1677/881/856 
f 1677/881/856 1749/958/855 1750/959/857 
f 1751/960/859 1673/877/860 1675/879/858 
f 1675/879/858 1750/959/857 1751/960/859 
f 1752/961/861 1671/875/862 1673/877/860 
f 1673/877/860 1751/960/859 1752/961/861 
f 1753/962/863 1669/873/864 1671/875/862 
f 1671/875/862 1752/961/861 1753/962/863 
f 1736/944/831 1665/869/830 1669/873/864 
f 1669/873/864 1753/962/863 1736/944/831 
f 1737/945/832 1736/944/831 1754/963/865 
f 1754/963/865 1755/964/866 1737/945/832 
f 1755/964/866 1754/963/865 1700/906/811 
f 1700/906/811 1703/909/812 1755/964/866 
f 1736/944/831 1753/962/863 1756/965/867 
f 1756/965/867 1754/963/865 1736/944/831 
f 1754/963/865 1756/965/867 1704/910/813 
f 1704/910/813 1700/906/811 1754/963/865 
f 1753/962/863 1752/961/861 1757/966/868 
f 1757/966/868 1756/965/867 1753/962/863 
f 1756/965/867 1757/966/868 1706/912/814 
f 1706/912/814 1704/910/813 1756/965/867 
f 1752/961/861 1751/960/859 1758/967/869 
f 1758/967/869 1757/966/868 1752/961/861 
f 1757/966/868 1758/967/869 1708/914/815 
f 1708/914/815 1706/912/814 1757/966/868 
f 1751/960/859 1750/959/857 1759/968/870 
f 1759/968/870 1758/967/869 1751/960/859 
f 1758/967/869 1759/968/870 1710/916/816 
f 1710/916/816 1708/914/815 1758/967/869 
f 1750/959/857 1749/958/855 1760/969/871 
f 1760/969/871 1759/968/870 1750/959/857 
f 1759/968/870 1760/969/871 1712/918/817 
f 1712/918/817 1710/916/816 1759/968/870 
f 1749/958/855 1748/957/853 1761/970/872 
f 1761/970/872 1760/969/871 1749/958/855 
f 1760/969/871 1761/970/872 1714/920/818 
f 1714/920/818 1712/918/817 1760/969/871 
f 1748/957/853 1747/956/851 1762/971/873 
f 1762/971/873 1761/970/872 1748/957/853 
f 1761/970/872 1762/971/873 1716/922/819 
f 1716/922/819 1714/920/818 1761/970/872 
f 1747/956/851 1746/955/849 1763/972/874 
f 1763/972/874 1762/971/873 1747/956/851 
f 1762/971/873 1763/972/874 1718/924/820 
f 1718/924/820 1716/922/819 1762/971/873 
f 1746/955/849 1745/954/847 1764/973/875 
f 1764/973/875 1763/972/874 1746/955/849 
f 1763/972/874 1764/973/875 1720/926/821 
f 1720/926/821 1718/924/820 1763/972/874 
f 1745/954/847 1744/953/845 1765/974/876 
f 1765/974/876 1764/973/875 1745/954/847 
f 1764/973/875 1765/974/876 1722/928/822 
f 1722/928/822 1720/926/821 1764/973/875 
f 1744/953/845 1743/952/843 1766/975/877 
f 1766/975/877 1765/974/876 1744/953/845 
f 1765/974/876 1766/975/877 1724/930/823 
f 1724/930/823 1722/928/822 1765/974/876 
f 1743/952/843 1742/951/841 1767/976/878 
f 1767/976/878 1766/975/877 1743/952/843 
f 1766/975/877 1767/976/878 1726/932/824 
f 1726/932/824 1724/930/823 1766/975/877 
f 1742/951/841 1741/950/839 1768/977/879 
f 1768/977/879 1767/976/878 1742/951/841 
f 1767/976/878 1768/977/879 1728/934/825 
f 1728/934/825 1726/932/824 1767/976/878 
f 1741/950/839 1740/948/837 1769/978/880 
f 1769/978/880 1768/977/879 1741/950/839 
f 1768/977/879 1769/978/880 1730/936/826 
f 1730/936/826 1728/934/825 1768/977/879 
f 1740/948/837 1739/949/835 1770/979/881 
f 1770/979/881 1769/978/880 1740/948/837 
f 1769/978/880 1770/979/881 1732/938/827 
f 1732/938/827 1730/936/826 1769/978/880 
f 1739/947/835 1738/946/834 1771/980/882 
f 1771/980/882 1770/981/881 1739/947/835 
f 1770/981/881 1771/980/882 1734/940/828 
f 1734/940/828 1732/943/827 1770/981/881 
f 1738/946/834 1737/945/832 1755/964/866 
f 1755/964/866 1771/980/882 1738/946/834 
f 1771/980/882 1755/964/866 1703/909/812 
f 1703/909/812 1734/940/828 1771/980/882 
s 1
f 1772/982/648 1702/908/648 1701/907/648 
f 1701/907/648 1773/983/648 1772/982/648 
f 1773/983/648 1701/907/648 1705/911/648 
f 1705/911/648 1774/984/648 1773/983/648 
f 1774/984/648 1705/911/648 1707/913/648 
f 1707/913/648 1775/985/648 1774/984/648 
f 1775/985/648 1707/913/648 1709/915/648 
f 1709/915/648 1776/986/648 1775/985/648 
f 1776/986/648 1709/915/648 1711/917/648 
f 1711/917/648 1777/987/648 1776/986/648 
f 1777/987/648 1711/917/648 1713/919/648 
f 1713/919/648 1778/988/648 1777/987/648 
f 1778/988/648 1713/919/648 1715/921/648 
f 1715/921/648 1779/989/648 1778/988/648 
f 1779/989/648 1715/921/648 1717/923/648 
f 1717/923/648 1780/990/648 1779/989/648 
f 1780/990/648 1717/923/648 1719/925/648 
f 1719/925/648 1781/991/648 1780/990/648 
f 1781/991/648 1719/925/648 1721/927/648 
f 1721/927/648 1782/992/648 1781/991/648 
f 1782/992/648 1721/927/648 1723/929/648 
f 1723/929/648 1783/993/648 1782/992/648 
f 1783/993/648 1723/929/648 1725/931/648 
f 1725/931/648 1784/994/648 1783/993/648 
f 1784/994/648 1725/931/648 1727/933/648 
f 1727/933/648 1785/995/648 1784/994/648 
f 1785/995/648 1727/933/648 1729/935/648 
f 1729/935/648 1786/996/648 1785/995/648 
f 1786/996/648 1729/935/648 1731/937/648 
f 1731/937/648 1787/997/648 1786/996/648 
f 1787/997/648 1731/937/648 1733/939/648 
f 1733/939/648 1788/998/648 1787/997/648 
f 1788/999/648 1733/942/648 1735/941/648 
f 1735/941/648 1789/1000/648 1788/999/648 
f 1789/1000/648 1735/941/648 1702/908/648 
f 1702/908/648 1772/982/648 1789/1000/648 
s 2
f 1773/983/801 1790/1001/801 1791/1002/510 
f 1791/1002/510 1772/982/510 1773/983/801 
f 1774/984/802 1792/1003/802 1790/1001/801 
f 1790/1001/801 1773/983/801 1774/984/802 
f 1775/985/803 1793/1004/803 1792/1003/802 
f 1792/1003/802 1774/984/802 1775/985/803 
f 1776/986/804 1794/1005/804 1793/1004/803 
f 1793/1004/803 1775/985/803 1776/986/804 
f 1777/987/806 1795/1006/806 1794/1005/804 
f 1794/1005/804 1776/986/804 1777/987/806 
f 1778/988/808 1796/1007/808 1795/1006/806 
f 1795/1006/806 1777/987/806 1778/988/808 
f 1779/989/809 1797/1008/809 1796/1007/808 
f 1796/1007/808 1778/988/808 1779/989/809 
f 1780/990/810 1798/1009/810 1797/1008/809 
f 1797/1008/809 1779/989/809 1780/990/810 
f 1781/991/507 1799/1010/507 1798/1009/810 
f 1798/1009/810 1780/990/810 1781/991/507 
f 1782/992/792 1800/1011/792 1799/1010/507 
f 1799/1010/507 1781/991/507 1782/992/792 
f 1783/993/793 1801/1012/793 1800/1011/792 
f 1800/1011/792 1782/992/792 1783/993/793 
f 1784/994/794 1802/1013/794 1801/1012/793 
f 1801/1012/793 1783/993/793 1784/994/794 
f 1785/995/795 1803/1014/795 1802/1013/794 
f 1802/1013/794 1784/994/794 1785/995/795 
f 1786/996/796 1804/1015/796 1803/1014/795 
f 1803/1014/795 1785/995/795 1786/996/796 
f 1787/997/798 1805/1016/798 1804/1015/796 
f 1804/1015/796 1786/996/796 1787/997/798 
f 1788/998/799 1806/1017/799 1805/1016/798 
f 1805/1016/798 1787/997/798 1788/998/799 
f 1789/1000/800 1807/1018/800 1806/1019/799 
f 1806/1019/799 1788/999/799 1789/1000/800 
f 1772/982/510 1791/1002/510 1807/1018/800 
f 1807/1018/800 1789/1000/800 1772/982/510 
s 1
f 1808/1020/1573 1809/1021/883 1810/1022/883 
f 1810/1022/883 1811/1023/1573 1808/1020/1573 
f 1812/1024/884 1808/1020/1573 1811/1023/1573 
f 1811/1023/1573 1813/1025/884 1812/1024/884 
f 1814/1026/512 1812/1024/884 1813/1025/884 
f 1813/1025/884 1815/1027/512 1814/1026/512 
f 1816/1028/885 1814/1026/512 1815/1027/512 
f 1815/1027/512 1817/1029/885 1816/1028/885 
f 1818/1030/799 1816/1028/885 1817/1029/885 
f 1817/1029/885 1819/1031/799 1818/1030/799 
f 1820/1032/886 1818/1030/799 1819/1031/799 
f 1819/1031/799 1821/1033/886 1820/1032/886 
f 1822/1034/887 1820/1032/886 1821/1033/886 
f 1821/1033/886 1823/1035/887 1822/1034/887 
f 1824/1036/802 1822/1034/887 1823/1035/887 
f 1823/1035/887 1825/1037/802 1824/1036/802 
f 1826/1038/888 1824/1036/802 1825/1037/802 
f 1825/1037/802 1827/1039/888 1826/1038/888 
f 1828/1040/508 1826/1038/888 1827/1039/888 
f 1827/1039/888 1829/1041/508 1828/1040/508 
f 1830/1042/889 1828/1040/508 1829/1041/508 
f 1829/1041/508 1831/1043/889 1830/1042/889 
f 1832/1044/1574 1830/1042/889 1831/1043/889 
f 1831/1043/889 1833/1045/1574 1832/1044/1574 
f 1834/1046/890 1832/1044/1574 1833/1045/1574 
f 1833/1045/1574 1835/1047/890 1834/1046/890 
f 1809/1021/883 1834/1046/890 1835/1047/890 
f 1835/1047/890 1810/1022/883 1809/1021/883 
s 2
f 1667/1048/891 1836/1049/892 1837/1050/893 
f 1837/1050/893 1664/1051/894 1667/1048/891 
f 1698/1052/895 1838/1053/896 1836/1049/892 
f 1836/1049/892 1667/1048/891 1698/1052/895 
f 1839/1054/897 1838/1053/896 1698/1052/895 
f 1698/1052/895 1696/1055/898 1839/1054/897 
f 1694/1056/899 1840/1057/900 1839/1054/897 
f 1839/1054/897 1696/1055/898 1694/1056/899 
f 1692/1058/901 1841/1059/902 1840/1057/900 
f 1840/1057/900 1694/1056/899 1692/1058/901 
f 1690/1060/903 1842/1061/904 1841/1059/902 
f 1841/1059/902 1692/1058/901 1690/1060/903 
f 1688/1062/905 1843/1063/906 1842/1061/904 
f 1842/1061/904 1690/1060/903 1688/1062/905 
f 1686/1064/907 1844/1065/908 1843/1063/906 
f 1843/1063/906 1688/1062/905 1686/1064/907 
f 1684/1066/909 1845/1067/910 1844/1065/908 
f 1844/1065/908 1686/1064/907 1684/1066/909 
f 1682/1068/911 1846/1069/912 1845/1067/910 
f 1845/1067/910 1684/1066/909 1682/1068/911 
f 1682/1068/911 1680/1070/913 1847/1071/914 
f 1847/1071/914 1846/1069/912 1682/1068/911 
f 1678/1072/915 1848/1073/916 1847/1071/914 
f 1847/1071/914 1680/1070/913 1678/1072/915 
f 1676/1074/917 1849/1075/918 1848/1073/916 
f 1848/1073/916 1678/1072/915 1676/1074/917 
f 1674/1076/919 1850/1077/920 1849/1075/918 
f 1849/1075/918 1676/1074/917 1674/1076/919 
f 1672/1078/921 1851/1079/922 1850/1077/920 
f 1850/1077/920 1674/1076/919 1672/1078/921 
f 1670/1080/923 1852/1081/924 1851/1079/922 
f 1851/1079/922 1672/1078/921 1670/1080/923 
f 1668/1082/925 1853/1083/926 1852/1081/924 
f 1852/1081/924 1670/1080/923 1668/1082/925 
f 1664/1051/894 1837/1050/893 1853/1083/926 
f 1853/1083/926 1668/1082/925 1664/1051/894 
s 4
f 1791/1084/648 1790/1085/648 1854/1086/648 
f 1854/1086/648 1855/1087/648 1791/1084/648 
f 1790/1085/648 1792/1088/648 1856/1089/648 
f 1856/1089/648 1854/1086/648 1790/1085/648 
f 1810/1022/648 1857/1090/648 1858/1091/648 
f 1858/1091/648 1811/1023/648 1810/1022/648 
f 1859/1092/648 1857/1090/648 1810/1022/648 
f 1810/1022/648 1835/1047/648 1859/1092/648 
f 1835/1047/648 1833/1045/648 1860/1093/648 
f 1860/1093/648 1859/1092/648 1835/1047/648 
f 1833/1045/648 1831/1043/648 1861/1094/648 
f 1861/1094/648 1862/1095/648 1833/1045/648 
f 1833/1045/648 1862/1095/648 1860/1093/648 
f 1861/1094/648 1805/1096/648 1806/1097/648 
f 1806/1097/648 1863/1098/648 1861/1094/648 
f 1861/1094/648 1863/1098/648 1862/1095/648 
f 1807/1099/648 1864/1100/648 1863/1098/648 
f 1863/1098/648 1806/1097/648 1807/1099/648 
f 1791/1084/648 1855/1087/648 1864/1100/648 
f 1864/1100/648 1807/1099/648 1791/1084/648 
f 1794/1101/648 1865/1102/648 1866/1103/648 
f 1866/1103/648 1793/1104/648 1794/1101/648 
f 1795/1105/648 1867/1106/648 1865/1102/648 
f 1865/1102/648 1794/1101/648 1795/1105/648 
f 1795/1105/648 1796/1107/648 1868/1108/648 
f 1868/1108/648 1867/1106/648 1795/1105/648 
f 1869/1109/648 1868/1108/648 1796/1107/648 
f 1796/1107/648 1797/1110/648 1869/1109/648 
f 1869/1109/648 1797/1110/648 1870/1111/648 
f 1870/1111/648 1819/1031/648 1817/1029/648 
f 1817/1029/648 1869/1109/648 1870/1111/648 
f 1869/1109/648 1817/1029/648 1871/1112/648 
f 1817/1029/648 1815/1027/648 1872/1113/648 
f 1872/1113/648 1871/1112/648 1817/1029/648 
f 1813/1025/648 1873/1114/648 1872/1113/648 
f 1872/1113/648 1815/1027/648 1813/1025/648 
f 1798/1115/648 1874/1116/648 1875/1117/648 
f 1875/1117/648 1797/1110/648 1798/1115/648 
f 1799/1118/648 1876/1119/648 1874/1116/648 
f 1874/1116/648 1798/1115/648 1799/1118/648 
f 1799/1118/648 1800/1120/648 1877/1121/648 
f 1877/1121/648 1876/1119/648 1799/1118/648 
f 1800/1120/648 1801/1122/648 1878/1123/648 
f 1878/1123/648 1877/1121/648 1800/1120/648 
f 1823/1035/648 1879/1124/648 1880/1125/648 
f 1880/1125/648 1825/1037/648 1823/1035/648 
f 1821/1033/648 1881/1126/648 1879/1124/648 
f 1879/1124/648 1823/1035/648 1821/1033/648 
f 1821/1033/648 1819/1031/648 1882/1127/648 
f 1882/1127/648 1881/1126/648 1821/1033/648 
f 1870/1111/648 1883/1128/648 1882/1127/648 
f 1882/1127/648 1819/1031/648 1870/1111/648 
f 1870/1111/648 1797/1110/648 1875/1117/648 
f 1875/1117/648 1883/1128/648 1870/1111/648 
f 1803/1129/648 1884/1130/648 1885/1131/648 
f 1885/1131/648 1802/1132/648 1803/1129/648 
f 1804/1133/648 1886/1134/648 1884/1130/648 
f 1884/1130/648 1803/1129/648 1804/1133/648 
f 1804/1133/648 1805/1096/648 1887/1135/648 
f 1887/1135/648 1886/1134/648 1804/1133/648 
f 1861/1094/648 1888/1136/648 1887/1135/648 
f 1887/1135/648 1805/1096/648 1861/1094/648 
f 1861/1094/648 1831/1043/648 1889/1137/648 
f 1889/1137/648 1888/1136/648 1861/1094/648 
f 1831/1043/648 1829/1041/648 1890/1138/648 
f 1890/1138/648 1889/1137/648 1831/1043/648 
f 1827/1039/648 1891/1139/648 1890/1138/648 
f 1890/1138/648 1829/1041/648 1827/1039/648 
s 1
f 1892/1140/648 1893/1141/648 1894/1142/648 
f 1894/1142/648 1895/1143/648 1892/1140/648 
f 1892/1140/648 1895/1143/648 1896/1144/648 
f 1896/1144/648 1897/1145/648 1892/1140/648 
f 1897/1145/648 1896/1144/648 1898/1146/648 
f 1898/1146/648 1899/1147/648 1897/1145/648 
f 1899/1147/648 1898/1146/648 1900/1148/648 
f 1900/1148/648 1901/1149/648 1899/1147/648 
f 1901/1149/648 1900/1148/648 1902/1150/648 
f 1902/1150/648 1903/1151/648 1901/1149/648 
f 1904/1152/648 1905/1153/648 1903/1151/648 
f 1903/1151/648 1902/1150/648 1904/1152/648 
f 1906/1154/648 1905/1153/648 1904/1152/648 
f 1904/1152/648 1907/1155/648 1906/1154/648 
f 1908/1156/648 1906/1154/648 1907/1155/648 
f 1907/1155/648 1909/1157/648 1908/1156/648 
f 1910/1158/648 1908/1156/648 1909/1157/648 
f 1909/1157/648 1911/1159/648 1910/1158/648 
f 1912/1160/648 1910/1158/648 1911/1159/648 
f 1911/1159/648 1913/1161/648 1912/1160/648 
f 1912/1160/648 1913/1161/648 1894/1142/648 
f 1894/1142/648 1893/1141/648 1912/1160/648 
f 1914/1162/648 1915/1163/648 1916/1164/648 
f 1916/1164/648 1917/1165/648 1914/1162/648 
f 1917/1165/648 1916/1164/648 1918/1166/648 
f 1918/1166/648 1919/1167/648 1917/1165/648 
f 1920/1168/648 1919/1167/648 1918/1166/648 
f 1918/1166/648 1921/1169/648 1920/1168/648 
f 1920/1168/648 1921/1169/648 1922/1170/648 
f 1922/1170/648 1923/1171/648 1920/1168/648 
f 1923/1171/648 1922/1170/648 1924/1172/648 
f 1924/1172/648 1925/1173/648 1923/1171/648 
f 1925/1173/648 1924/1172/648 1926/1174/648 
f 1926/1174/648 1927/1175/648 1925/1173/648 
f 1928/1176/648 1927/1175/648 1926/1174/648 
f 1926/1174/648 1929/1177/648 1928/1176/648 
f 1930/1178/648 1928/1176/648 1929/1177/648 
f 1929/1177/648 1931/1179/648 1930/1178/648 
f 1914/1162/648 1930/1178/648 1931/1179/648 
f 1931/1179/648 1915/1163/648 1914/1162/648 
f 1932/1180/648 1933/1181/648 1934/1182/648 
f 1934/1182/648 1935/1183/648 1932/1180/648 
f 1932/1180/648 1935/1183/648 1936/1184/648 
f 1936/1184/648 1937/1185/648 1932/1180/648 
f 1938/1186/648 1937/1185/648 1936/1184/648 
f 1936/1184/648 1939/1187/648 1938/1186/648 
f 1938/1186/648 1939/1187/648 1940/1188/648 
f 1940/1188/648 1941/1189/648 1938/1186/648 
f 1941/1189/648 1940/1188/648 1942/1190/648 
f 1942/1190/648 1943/1191/648 1941/1189/648 
f 1943/1191/648 1942/1190/648 1944/1192/648 
f 1944/1192/648 1945/1193/648 1943/1191/648 
f 1945/1193/648 1944/1192/648 1946/1194/648 
f 1946/1194/648 1947/1195/648 1945/1193/648 
f 1948/1196/648 1949/1197/648 1947/1195/648 
f 1947/1195/648 1946/1194/648 1948/1196/648 
f 1950/1198/648 1949/1197/648 1948/1196/648 
f 1948/1196/648 1951/1199/648 1950/1198/648 
f 1952/1200/648 1950/1198/648 1951/1199/648 
f 1951/1199/648 1953/1201/648 1952/1200/648 
f 1933/1181/648 1952/1200/648 1953/1201/648 
f 1953/1201/648 1934/1182/648 1933/1181/648 
f 1954/1202/648 1955/1203/648 1956/1204/648 
f 1956/1204/648 1957/1205/648 1954/1202/648 
f 1957/1205/648 1956/1204/648 1958/1206/648 
f 1958/1206/648 1959/1207/648 1957/1205/648 
f 1960/1208/648 1959/1207/648 1958/1206/648 
f 1958/1206/648 1961/1209/648 1960/1208/648 
f 1960/1208/648 1961/1209/648 1962/1210/648 
f 1962/1210/648 1963/1211/648 1960/1208/648 
f 1963/1211/648 1962/1210/648 1964/1212/648 
f 1964/1212/648 1965/1213/648 1963/1211/648 
f 1965/1213/648 1964/1212/648 1966/1214/648 
f 1966/1214/648 1967/1215/648 1965/1213/648 
f 1966/1214/648 1968/1216/648 1969/1217/648 
f 1969/1217/648 1967/1215/648 1966/1214/648 
f 1970/1218/648 1969/1217/648 1968/1216/648 
f 1968/1216/648 1971/1219/648 1970/1218/648 
f 1954/1202/648 1970/1218/648 1971/1219/648 
f 1971/1219/648 1955/1203/648 1954/1202/648 
s 2
f 1854/1086/927 1895/1143/927 1894/1142/507 
f 1894/1142/507 1855/1087/507 1854/1086/927 
s 8
f 1856/1089/928 1896/1144/928 1895/1143/929 
f 1895/1143/929 1854/1086/929 1856/1089/928 
f 1972/1220/930 1898/1146/930 1896/1144/928 
f 1896/1144/928 1856/1089/928 1972/1220/930 
f 1858/1091/931 1900/1148/931 1898/1146/930 
f 1898/1146/930 1972/1220/930 1858/1091/931 
f 1857/1090/932 1902/1150/932 1900/1148/931 
f 1900/1148/931 1858/1091/931 1857/1090/932 
f 1859/1092/933 1904/1152/933 1902/1150/932 
f 1902/1150/932 1857/1090/932 1859/1092/933 
f 1860/1093/934 1907/1155/934 1904/1152/933 
f 1904/1152/933 1859/1092/933 1860/1093/934 
f 1862/1095/935 1909/1157/935 1907/1155/934 
f 1907/1155/934 1860/1093/934 1862/1095/935 
f 1863/1098/936 1911/1159/936 1909/1157/935 
f 1909/1157/935 1862/1095/935 1863/1098/936 
f 1864/1100/937 1913/1161/937 1911/1159/936 
f 1911/1159/936 1863/1098/936 1864/1100/937 
s 2
f 1855/1087/507 1894/1142/507 1913/1161/938 
f 1913/1161/938 1864/1100/938 1855/1087/507 
s 4
f 1973/1221/510 1893/1222/510 1892/1223/939 
f 1892/1223/939 1974/1224/939 1973/1221/510 
f 1912/1225/940 1893/1222/510 1973/1221/510 
f 1973/1221/510 1975/1226/940 1912/1225/940 
s 8
f 1910/1227/941 1912/1225/942 1975/1226/942 
f 1975/1226/942 1976/1228/941 1910/1227/941 
f 1977/1229/943 1908/1230/943 1910/1227/941 
f 1910/1227/941 1976/1228/941 1977/1229/943 
f 1978/1231/944 1906/1232/944 1908/1230/943 
f 1908/1230/943 1977/1229/943 1978/1231/944 
f 1979/1233/945 1905/1234/946 1906/1232/944 
f 1906/1232/944 1978/1231/944 1979/1233/945 
f 1903/1235/947 1905/1234/946 1979/1233/945 
f 1979/1233/945 1980/1236/948 1903/1235/947 
f 1980/1236/948 1979/1233/945 1981/1237/658 
f 1982/1238/1575 1901/1239/1575 1903/1235/947 
f 1903/1235/947 1980/1236/948 1982/1238/1575 
f 1983/1240/950 1899/1241/950 1901/1239/1575 
f 1901/1239/1575 1982/1238/1575 1983/1240/950 
f 1984/1242/951 1897/1243/951 1899/1241/950 
f 1899/1241/950 1983/1240/950 1984/1242/951 
f 1974/1244/952 1892/1245/952 1897/1243/951 
f 1897/1243/951 1984/1242/951 1974/1244/952 
s 2
f 1865/1102/953 1916/1164/953 1915/1163/954 
f 1915/1163/954 1866/1103/954 1865/1102/953 
f 1867/1106/955 1918/1166/955 1916/1164/953 
f 1916/1164/953 1865/1102/953 1867/1106/955 
f 1868/1108/956 1921/1169/956 1918/1166/955 
f 1918/1166/955 1867/1106/955 1868/1108/956 
s 8
f 1869/1109/957 1922/1170/957 1921/1169/958 
f 1921/1169/958 1868/1108/958 1869/1109/957 
f 1871/1112/959 1924/1172/959 1922/1170/957 
f 1922/1170/957 1869/1109/957 1871/1112/959 
f 1872/1113/508 1926/1174/508 1924/1172/959 
f 1924/1172/959 1871/1112/959 1872/1113/508 
f 1873/1114/960 1929/1177/960 1926/1174/508 
f 1926/1174/508 1872/1113/508 1873/1114/960 
f 1985/1246/961 1931/1179/961 1929/1177/960 
f 1929/1177/960 1873/1114/960 1985/1246/961 
f 1866/1103/962 1915/1163/962 1931/1179/961 
f 1931/1179/961 1985/1246/961 1866/1103/962 
s 4
f 1986/1247/963 1914/1248/963 1917/1249/1576 
f 1917/1249/1576 1987/1250/1576 1986/1247/963 
s 8
f 1930/1251/965 1914/1252/966 1986/1253/966 
f 1986/1253/966 1988/1254/965 1930/1251/965 
f 1928/1255/967 1930/1251/965 1988/1254/965 
f 1988/1254/965 1989/1256/967 1928/1255/967 
f 1990/1257/512 1927/1258/512 1928/1255/967 
f 1928/1255/967 1989/1256/967 1990/1257/512 
f 1991/1259/968 1925/1260/968 1927/1258/512 
f 1927/1258/512 1990/1257/512 1991/1259/968 
f 1992/1261/969 1923/1262/969 1925/1260/968 
f 1925/1260/968 1991/1259/968 1992/1261/969 
f 1993/1263/970 1920/1264/970 1923/1262/969 
f 1923/1262/969 1992/1261/969 1993/1263/970 
s 4
f 1994/1265/971 1919/1266/971 1920/1264/972 
f 1920/1264/972 1993/1263/972 1994/1265/971 
f 1987/1250/1576 1917/1249/1576 1919/1266/971 
f 1919/1266/971 1994/1265/971 1987/1250/1576 
s 2
f 1874/1116/942 1935/1183/1577 1934/1182/941 
f 1934/1182/941 1875/1117/941 1874/1116/942 
s 8
f 1876/1119/510 1936/1184/510 1935/1183/973 
f 1935/1183/973 1874/1116/973 1876/1119/510 
f 1877/1121/974 1939/1187/974 1936/1184/510 
f 1936/1184/510 1876/1119/510 1877/1121/974 
s 2
f 1878/1123/951 1940/1188/951 1939/1187/1578 
f 1939/1187/1578 1877/1121/1578 1878/1123/951 
f 1995/1267/950 1942/1190/950 1940/1188/951 
f 1940/1188/951 1878/1123/951 1995/1267/950 
f 1880/1125/949 1944/1192/949 1942/1190/950 
f 1942/1190/950 1995/1267/950 1880/1125/949 
f 1879/1124/947 1946/1194/947 1944/1192/949 
f 1944/1192/949 1880/1125/949 1879/1124/947 
f 1881/1126/946 1948/1196/946 1946/1194/947 
f 1946/1194/947 1879/1124/947 1881/1126/946 
f 1882/1127/944 1951/1199/944 1948/1196/946 
f 1948/1196/946 1881/1126/946 1882/1127/944 
f 1883/1128/943 1953/1201/943 1951/1199/944 
f 1951/1199/944 1882/1127/944 1883/1128/943 
f 1875/1117/941 1934/1182/941 1953/1201/943 
f 1953/1201/943 1883/1128/943 1875/1117/941 
s 4
f 1996/1268/936 1933/1269/936 1932/1270/937 
f 1932/1270/937 1997/1271/937 1996/1268/936 
f 1952/1272/935 1933/1269/936 1996/1268/936 
f 1996/1268/936 1998/1273/935 1952/1272/935 
f 1950/1274/934 1952/1272/935 1998/1273/935 
f 1998/1273/935 1999/1275/934 1950/1274/934 
f 2000/1276/933 1949/1277/933 1999/1278/934 
f 1999/1278/934 1999/1278/507 2000/1276/933 
f 1999/1278/934 1949/1277/933 1950/1279/934 
f 1947/1280/932 1949/1277/933 2000/1276/933 
f 2000/1276/933 2001/1281/932 1947/1280/932 
f 2002/1282/931 1945/1283/931 1947/1280/932 
f 1947/1280/932 2001/1281/932 2002/1282/931 
f 2003/1284/930 1943/1285/930 1945/1283/931 
f 1945/1283/931 2002/1282/931 2003/1284/930 
f 2004/1286/928 1941/1287/928 1943/1285/930 
f 1943/1285/930 2003/1284/930 2004/1286/928 
f 2005/1288/929 1938/1289/929 1941/1287/928 
f 1941/1287/928 2004/1286/928 2005/1288/929 
s 8
f 2006/1290/507 1937/1291/507 1938/1289/975 
f 1938/1289/975 2005/1288/975 2006/1290/507 
f 1997/1271/976 1932/1270/976 1937/1291/507 
f 1937/1291/507 2006/1290/507 1997/1271/976 
s 2
f 1884/1130/964 1956/1204/964 1955/1203/963 
f 1955/1203/963 1885/1131/963 1884/1130/964 
f 1886/1134/971 1958/1206/971 1956/1204/964 
f 1956/1204/964 1884/1130/964 1886/1134/971 
f 1887/1135/972 1961/1209/972 1958/1206/971 
f 1958/1206/971 1886/1134/971 1887/1135/972 
s 8
f 1888/1136/969 1962/1210/969 1961/1209/970 
f 1961/1209/970 1887/1135/970 1888/1136/969 
f 1889/1137/977 1964/1212/977 1962/1210/969 
f 1962/1210/969 1888/1136/969 1889/1137/977 
f 1890/1138/512 1966/1214/512 1964/1212/977 
f 1964/1212/977 1889/1137/977 1890/1138/512 
f 1891/1139/978 1968/1216/978 1966/1214/512 
f 1966/1214/512 1890/1138/512 1891/1139/978 
f 2007/1292/965 1971/1219/965 1968/1216/978 
f 1968/1216/978 1891/1139/978 2007/1292/965 
f 1885/1131/966 1955/1203/966 1971/1219/965 
f 1971/1219/965 2007/1292/965 1885/1131/966 
s 4
f 2008/1293/954 1954/1294/954 1957/1295/953 
f 1957/1295/953 2009/1296/953 2008/1293/954 
s 8
f 1970/1297/961 1954/1294/962 2008/1293/962 
f 2008/1293/962 2010/1298/961 1970/1297/961 
f 1969/1299/979 1970/1297/961 2010/1298/961 
f 2010/1298/961 2011/1300/979 1969/1299/979 
f 2012/1301/508 1967/1302/508 1969/1299/979 
f 1969/1299/979 2011/1300/979 2012/1301/508 
f 2013/1303/980 1965/1304/980 1967/1302/508 
f 1967/1302/508 2012/1301/508 2013/1303/980 
f 2014/1305/957 1963/1306/957 1965/1307/980 
f 1965/1307/980 2013/1308/980 2014/1305/957 
f 2015/1309/958 1960/1310/958 1963/1306/957 
f 1963/1306/957 2014/1305/957 2015/1309/958 
s 4
f 2016/1311/1579 1959/1312/1579 1960/1310/956 
f 1960/1310/956 2015/1309/956 2016/1311/1579 
f 2009/1296/953 1957/1295/953 1959/1312/1579 
f 1959/1312/1579 2016/1311/1579 2009/1296/953 
s 2
f 1808/1020/648 2017/1313/648 2018/1314/648 
f 2018/1314/648 1809/1021/648 1808/1020/648 
f 1812/1024/648 2019/1315/648 2017/1313/648 
f 2017/1313/648 1808/1020/648 1812/1024/648 
f 1814/1026/648 2020/1316/648 2019/1315/648 
f 2019/1315/648 1812/1024/648 1814/1026/648 
f 1814/1026/648 1816/1028/648 2021/1317/648 
f 2021/1317/648 2020/1316/648 1814/1026/648 
f 1818/1030/648 2022/1318/648 2021/1317/648 
f 2021/1317/648 1816/1028/648 1818/1030/648 
f 1820/1032/648 2023/1319/648 2022/1318/648 
f 2022/1318/648 1818/1030/648 1820/1032/648 
f 2024/1320/648 2023/1319/648 1820/1032/648 
f 1820/1032/648 1822/1034/648 2024/1320/648 
f 1824/1036/648 2025/1321/648 2024/1320/648 
f 2024/1320/648 1822/1034/648 1824/1036/648 
f 1826/1038/648 2026/1322/648 2025/1321/648 
f 2025/1321/648 1824/1036/648 1826/1038/648 
f 1828/1040/648 2027/1323/648 2026/1322/648 
f 2026/1322/648 1826/1038/648 1828/1040/648 
f 1828/1040/648 1830/1042/648 2028/1324/648 
f 2028/1324/648 2027/1323/648 1828/1040/648 
f 1832/1044/648 2029/1325/648 2028/1324/648 
f 2028/1324/648 1830/1042/648 1832/1044/648 
f 1834/1046/648 2030/1326/648 2029/1325/648 
f 2029/1325/648 1832/1044/648 1834/1046/648 
f 1809/1021/648 2018/1314/648 2030/1326/648 
f 2030/1326/648 1834/1046/648 1809/1021/648 
s 1
f 2017/1313/1573 2031/1327/1573 2032/1328/883 
f 2032/1328/883 2018/1314/883 2017/1313/1573 
f 2019/1315/884 2033/1329/884 2031/1327/1573 
f 2031/1327/1573 2017/1313/1573 2019/1315/884 
f 2020/1316/512 2034/1330/512 2033/1329/884 
f 2033/1329/884 2019/1315/884 2020/1316/512 
f 2021/1317/885 2035/1331/885 2034/1330/512 
f 2034/1330/512 2020/1316/512 2021/1317/885 
f 2022/1318/1580 2036/1332/1580 2035/1331/885 
f 2035/1331/885 2021/1317/885 2022/1318/1580 
f 2023/1319/886 2037/1333/886 2036/1332/1580 
f 2036/1332/1580 2022/1318/1580 2023/1319/886 
f 2024/1320/887 2038/1334/887 2037/1333/886 
f 2037/1333/886 2023/1319/886 2024/1320/887 
f 2025/1321/1581 2039/1335/1581 2038/1334/887 
f 2038/1334/887 2024/1320/887 2025/1321/1581 
f 2026/1322/888 2040/1336/888 2039/1335/1581 
f 2039/1335/1581 2025/1321/1581 2026/1322/888 
f 2027/1323/508 2041/1337/508 2040/1336/888 
f 2040/1336/888 2026/1322/888 2027/1323/508 
f 2028/1324/889 2042/1338/889 2041/1337/508 
f 2041/1337/508 2027/1323/508 2028/1324/889 
f 2029/1325/809 2043/1339/809 2042/1338/889 
f 2042/1338/889 2028/1324/889 2029/1325/809 
f 2030/1326/890 2044/1340/890 2043/1339/809 
f 2043/1339/809 2029/1325/809 2030/1326/890 
f 2018/1314/883 2032/1328/883 2044/1340/890 
f 2044/1340/890 2030/1326/890 2018/1314/883 
s 2
f 2032/1328/648 2031/1327/648 2044/1340/648 
s 4
f 1985/1246/648 1873/1114/648 1813/1025/648 
f 1813/1025/648 1972/1220/648 1985/1246/648 
f 1858/1091/648 1972/1220/648 1813/1025/648 
f 1813/1025/648 1811/1023/648 1858/1091/648 
f 1972/1220/648 1856/1089/648 1792/1088/648 
f 1792/1088/648 1793/1104/648 1972/1220/648 
f 1793/1104/648 1866/1103/648 1985/1246/648 
f 1985/1246/648 1972/1220/648 1793/1104/648 
f 2007/1292/648 1891/1139/648 1827/1039/648 
f 1827/1039/648 1995/1267/648 2007/1292/648 
f 1880/1125/648 1995/1267/648 1827/1039/648 
f 1827/1039/648 1825/1037/648 1880/1125/648 
f 1995/1267/648 1878/1123/648 1801/1122/648 
f 1801/1122/648 1802/1132/648 1995/1267/648 
f 1802/1132/648 1885/1131/648 2007/1292/648 
f 2007/1292/648 1995/1267/648 1802/1132/648 
s 2
f 1850/1077/920 1851/1079/922 1987/1341/981 
f 1987/1341/981 1994/1342/982 1850/1077/920 
f 2005/1343/983 1845/1067/910 1846/1069/912 
f 1846/1069/912 2006/1344/984 2005/1343/983 
f 1997/1345/985 2006/1344/984 1846/1069/912 
f 1846/1069/912 1847/1071/914 1997/1345/985 
f 1841/1059/902 1842/1061/904 2009/1346/986 
f 2009/1346/986 2016/1347/987 1841/1059/902 
f 1974/1348/988 1837/1050/893 1836/1049/892 
f 1836/1049/892 1973/1349/989 1974/1348/988 
f 1975/1350/990 1973/1349/989 1836/1049/892 
f 1836/1049/892 1838/1053/896 1975/1350/990 
f 2008/1351/991 2009/1346/986 1842/1061/904 
f 1842/1061/904 1843/1063/906 2008/1351/991 
f 2015/1352/992 1840/1057/900 1841/1059/902 
f 1841/1059/902 2016/1347/987 2015/1352/992 
f 2004/1353/993 1844/1065/908 1845/1067/910 
f 1845/1067/910 2005/1343/983 2004/1353/993 
f 1996/1354/994 1997/1345/985 1847/1071/914 
f 1847/1071/914 1848/1073/916 1996/1354/994 
f 1993/1355/995 1849/1075/918 1850/1077/920 
f 1850/1077/920 1994/1342/982 1993/1355/995 
f 1986/1356/996 1987/1341/981 1851/1079/922 
f 1851/1079/922 1852/1081/924 1986/1356/996 
f 1984/1357/997 1853/1083/926 1837/1050/893 
f 1837/1050/893 1974/1348/988 1984/1357/997 
f 1976/1358/998 1975/1350/990 1838/1053/896 
f 1838/1053/896 1839/1054/897 1976/1358/998 
f 2014/1359/999 1839/1054/897 1840/1057/900 
f 1840/1057/900 2015/1352/992 2014/1359/999 
f 2010/1360/1000 2008/1351/991 1843/1063/906 
f 1843/1063/906 1844/1065/908 2010/1360/1000 
f 1844/1065/908 2004/1353/993 2003/1361/1001 
f 2003/1361/1001 2010/1360/1000 1844/1065/908 
f 1992/1362/1002 1848/1073/916 1849/1075/918 
f 1849/1075/918 1993/1355/995 1992/1362/1002 
f 1848/1073/916 1992/1362/1002 1998/1363/1003 
f 1998/1363/1003 1996/1354/994 1848/1073/916 
f 1983/1364/1004 1852/1081/924 1853/1083/926 
f 1853/1083/926 1984/1357/997 1983/1364/1004 
f 1852/1081/924 1983/1364/1004 1988/1365/1005 
f 1988/1365/1005 1986/1356/996 1852/1081/924 
f 1989/1366/1006 1988/1365/1005 1983/1364/1004 
f 1983/1364/1004 1982/1367/1007 1989/1366/1006 
f 2011/1368/1008 2010/1360/1000 2003/1361/1001 
f 2003/1361/1001 2002/1369/1009 2011/1368/1008 
f 1839/1054/897 2014/1359/999 1977/1370/1010 
f 1977/1370/1010 1976/1358/998 1839/1054/897 
f 2013/1371/1011 1978/1372/1012 1977/1370/1010 
f 1977/1370/1010 2014/1359/999 2013/1371/1011 
f 1999/1373/658 1998/1363/1003 1991/1374/1013 
f 1991/1374/1013 1999/1373/1014 1999/1373/658 
f 1991/1374/1013 1998/1363/1003 1992/1362/1002 
f 1980/1375/1015 2045/1376/1016 2046/1377/1017 
f 2046/1377/1017 1982/1367/1007 1980/1375/1015 
f 1980/1375/1015 1981/1378/1018 2047/1379/1582 
f 2047/1379/1582 2045/1376/1016 1980/1375/1015 
f 2047/1379/1582 1981/1378/1018 1979/1378/1020 
f 1979/1378/1020 2048/1380/1021 2047/1379/1582 
f 2048/1380/1021 1979/1378/1020 1978/1372/1012 
f 2013/1371/1011 2049/1381/1022 2048/1380/1021 
f 2048/1380/1021 1978/1372/1012 2013/1371/1011 
f 2012/1382/1023 2050/1383/1024 2049/1381/1022 
f 2049/1381/1022 2013/1371/1011 2012/1382/1023 
f 2012/1382/1023 2011/1368/1008 2051/1384/1025 
f 2051/1384/1025 2050/1383/1024 2012/1382/1023 
f 2011/1368/1008 2002/1369/1009 2052/1385/1026 
f 2052/1385/1026 2051/1384/1025 2011/1368/1008 
f 2001/1386/1027 2053/1387/1028 2052/1385/1026 
f 2052/1385/1026 2002/1369/1009 2001/1386/1027 
f 2000/1388/1029 2054/1389/1030 2053/1387/1028 
f 2053/1387/1028 2001/1386/1027 2000/1388/1029 
f 2000/1388/1029 1999/1373/1014 2055/1390/1014 
f 2055/1390/1014 2054/1389/1030 2000/1388/1029 
f 1991/1374/1013 2056/1391/1031 2055/1390/1014 
f 2055/1390/1014 1999/1373/1014 1991/1374/1013 
f 1990/1392/1032 2057/1393/1033 2056/1391/1031 
f 2056/1391/1031 1991/1374/1013 1990/1392/1032 
f 1990/1392/1032 1989/1366/1006 2058/1394/1034 
f 2058/1394/1034 2057/1393/1033 1990/1392/1032 
f 1989/1366/1006 1982/1367/1007 2046/1377/1017 
f 2046/1377/1017 2058/1394/1034 1989/1366/1006 
s 1
f 2045/1395/1035 2059/1396/1035 2060/1397/1036 
f 2060/1397/1036 2046/1398/1036 2045/1395/1035 
f 2047/1399/1037 2061/1400/1037 2059/1396/1035 
f 2059/1396/1035 2045/1395/1035 2047/1399/1037 
f 2048/1401/1038 2062/1402/1038 2061/1400/1037 
f 2061/1400/1037 2047/1399/1037 2048/1401/1038 
s 4
f 2049/1403/1039 2063/1404/1039 2062/1402/1039 
f 2062/1402/1039 2048/1401/1039 2049/1403/1039 
s 1
f 2050/1405/1040 2064/1406/1040 2063/1404/1041 
f 2063/1404/1041 2049/1403/1041 2050/1405/1040 
f 2051/1407/1042 2065/1408/1042 2064/1406/1040 
f 2064/1406/1040 2050/1405/1040 2051/1407/1042 
s 4
f 2052/1409/1043 2066/1410/1043 2065/1408/1043 
f 2065/1408/1043 2051/1407/1043 2052/1409/1043 
s 1
f 2053/1411/932 2067/1412/932 2066/1410/1583 
f 2066/1410/1583 2052/1409/1583 2053/1411/932 
f 2054/1413/933 2068/1414/933 2067/1412/932 
f 2067/1412/932 2053/1411/932 2054/1413/933 
f 2055/1415/1584 2069/1416/1584 2068/1414/933 
f 2068/1414/933 2054/1413/933 2055/1415/1584 
s 4
f 2056/1417/1046 2070/1418/1046 2069/1416/1046 
f 2069/1416/1046 2055/1415/1046 2056/1417/1046 
s 1
f 2057/1419/1047 2071/1420/1047 2070/1421/1048 
f 2070/1421/1048 2056/1422/1048 2057/1419/1047 
f 2058/1423/1049 2072/1424/1049 2071/1420/1047 
f 2071/1420/1047 2057/1419/1047 2058/1423/1049 
s 4
f 2046/1398/1050 2060/1397/1050 2072/1424/1050 
f 2072/1424/1050 2058/1423/1050 2046/1398/1050 
s 2
f 2060/1425/658 2071/1426/658 2072/1427/658 
f 2031/1327/648 2033/1329/648 2034/1330/648 
f 2034/1330/648 2035/1331/648 2036/1332/648 
f 2036/1332/648 2037/1333/648 2038/1334/648 
f 2034/1330/648 2036/1332/648 2038/1334/648 
f 2038/1334/648 2039/1335/648 2040/1336/648 
f 2040/1336/648 2041/1337/648 2042/1338/648 
f 2038/1334/648 2040/1336/648 2042/1338/648 
f 2042/1338/648 2043/1339/648 2044/1340/648 
f 2038/1334/648 2042/1338/648 2044/1340/648 
f 2034/1330/648 2038/1334/648 2044/1340/648 
f 2031/1327/648 2034/1330/648 2044/1340/648 
f 2061/1496/658 2062/1497/658 2063/1498/658 
f 2059/1499/658 2061/1496/658 2063/1498/658 
f 2064/1500/658 2065/1501/658 2066/1502/658 
f 2063/1498/658 2064/1500/658 2066/1502/658 
f 2059/1499/658 2063/1498/658 2066/1502/658 
f 2059/1499/658 2066/1502/658 2067/1503/658 
f 2068/1504/658 2069/1505/658 2070/1506/658 
f 2067/1503/658 2068/1504/658 2070/1506/658 
f 2059/1499/658 2067/1503/658 2070/1506/658 
f 2060/1425/658 2059/1499/658 2070/1506/658 
f 2060/1425/658 2070/1506/658 2071/1426/658 
s 1
f 2073/868/800 2074/869/800 2075/870/510 
f 2075/870/510 2076/871/510 2073/868/800 
f 2077/872/799 2078/873/799 2074/869/800 
f 2074/869/800 2073/868/800 2077/872/799 
f 2079/874/798 2080/875/798 2078/873/799 
f 2078/873/799 2077/872/799 2079/874/798 
f 2081/876/796 2082/877/796 2080/875/798 
f 2080/875/798 2079/874/798 2081/876/796 
f 2083/878/795 2084/879/795 2082/877/796 
f 2082/877/796 2081/876/796 2083/878/795 
f 2085/880/794 2086/881/794 2084/879/795 
f 2084/879/795 2083/878/795 2085/880/794 
f 2087/882/793 2088/883/793 2086/881/794 
f 2086/881/794 2085/880/794 2087/882/793 
f 2089/884/792 2090/885/792 2088/883/793 
f 2088/883/793 2087/882/793 2089/884/792 
f 2091/886/507 2092/887/507 2090/885/792 
f 2090/885/792 2089/884/792 2091/886/507 
f 2093/888/810 2094/889/810 2092/887/507 
f 2092/887/507 2091/886/507 2093/888/810 
f 2095/890/809 2096/891/809 2094/889/810 
f 2094/889/810 2093/888/810 2095/890/809 
f 2097/892/808 2098/893/808 2096/891/809 
f 2096/891/809 2095/890/809 2097/892/808 
f 2099/894/806 2100/895/807 2098/893/808 
f 2098/893/808 2097/892/808 2099/894/806 
f 2101/896/804 2102/897/805 2100/895/807 
f 2100/895/807 2099/894/806 2101/896/804 
f 2103/898/803 2104/899/803 2102/897/805 
f 2102/897/805 2101/896/804 2103/898/803 
f 2105/900/802 2106/901/802 2104/899/803 
f 2104/899/803 2103/898/803 2105/900/802 
f 2107/902/801 2108/903/801 2106/904/802 
f 2106/904/802 2105/905/802 2107/902/801 
f 2076/871/510 2075/870/510 2108/903/801 
f 2108/903/801 2107/902/801 2076/871/510 
s 2
f 2109/906/1585 2110/907/800 2111/908/510 
f 2111/908/510 2112/909/1586 2109/906/1585 
f 2113/910/1587 2114/911/799 2110/907/800 
f 2110/907/800 2109/906/1585 2113/910/1587 
f 2115/912/1588 2116/913/798 2114/911/799 
f 2114/911/799 2113/910/1587 2115/912/1588 
f 2117/914/1589 2118/915/796 2116/913/798 
f 2116/913/798 2115/912/1588 2117/914/1589 
f 2119/916/1590 2120/917/795 2118/915/796 
f 2118/915/796 2117/914/1589 2119/916/1590 
f 2121/918/1591 2122/919/794 2120/917/795 
f 2120/917/795 2119/916/1590 2121/918/1591 
f 2123/920/1592 2124/921/793 2122/919/794 
f 2122/919/794 2121/918/1591 2123/920/1592 
f 2125/922/1593 2126/923/792 2124/921/793 
f 2124/921/793 2123/920/1592 2125/922/1593 
f 2127/924/1594 2128/925/507 2126/923/792 
f 2126/923/792 2125/922/1593 2127/924/1594 
f 2129/926/1595 2130/927/810 2128/925/507 
f 2128/925/507 2127/924/1594 2129/926/1595 
f 2131/928/1596 2132/929/809 2130/927/810 
f 2130/927/810 2129/926/1595 2131/928/1596 
f 2133/930/1597 2134/931/808 2132/929/809 
f 2132/929/809 2131/928/1596 2133/930/1597 
f 2135/932/1598 2136/933/806 2134/931/808 
f 2134/931/808 2133/930/1597 2135/932/1598 
f 2137/934/1599 2138/935/804 2136/933/806 
f 2136/933/806 2135/932/1598 2137/934/1599 
f 2139/936/1600 2140/937/803 2138/935/804 
f 2138/935/804 2137/934/1599 2139/936/1600 
f 2141/938/1601 2142/939/802 2140/937/803 
f 2140/937/803 2139/936/1600 2141/938/1601 
f 2143/940/1602 2144/941/801 2142/942/802 
f 2142/942/802 2141/943/1601 2143/940/1602 
f 2112/909/1586 2111/908/510 2144/941/801 
f 2144/941/801 2143/940/1602 2112/909/1586 
f 2075/870/1603 2074/869/1604 2145/944/1605 
f 2145/944/1605 2146/945/1606 2075/870/1603 
f 2108/903/1607 2075/870/1603 2146/945/1606 
f 2146/945/1606 2147/946/1608 2108/903/1607 
f 2148/947/1609 2106/904/1610 2108/903/1607 
f 2108/903/1607 2147/946/1608 2148/947/1609 
f 2149/948/1611 2104/899/1612 2106/901/1610 
f 2106/901/1610 2148/949/1609 2149/948/1611 
f 2150/950/1613 2102/897/1614 2104/899/1612 
f 2104/899/1612 2149/948/1611 2150/950/1613 
f 2151/951/1615 2100/895/1616 2102/897/1614 
f 2102/897/1614 2150/950/1613 2151/951/1615 
f 2152/952/1617 2098/893/1618 2100/895/1616 
f 2100/895/1616 2151/951/1615 2152/952/1617 
f 2153/953/1619 2096/891/1620 2098/893/1618 
f 2098/893/1618 2152/952/1617 2153/953/1619 
f 2154/954/1621 2094/889/1622 2096/891/1620 
f 2096/891/1620 2153/953/1619 2154/954/1621 
f 2155/955/1623 2092/887/1624 2094/889/1622 
f 2094/889/1622 2154/954/1621 2155/955/1623 
f 2156/956/1625 2090/885/1626 2092/887/1624 
f 2092/887/1624 2155/955/1623 2156/956/1625 
f 2157/957/1627 2088/883/1628 2090/885/1626 
f 2090/885/1626 2156/956/1625 2157/957/1627 
f 2158/958/1629 2086/881/1630 2088/883/1628 
f 2088/883/1628 2157/957/1627 2158/958/1629 
f 2159/959/1631 2084/879/1632 2086/881/1630 
f 2086/881/1630 2158/958/1629 2159/959/1631 
f 2160/960/1633 2082/877/1634 2084/879/1632 
f 2084/879/1632 2159/959/1631 2160/960/1633 
f 2161/961/1635 2080/875/1636 2082/877/1634 
f 2082/877/1634 2160/960/1633 2161/961/1635 
f 2162/962/1637 2078/873/1638 2080/875/1636 
f 2080/875/1636 2161/961/1635 2162/962/1637 
f 2145/944/1605 2074/869/1604 2078/873/1638 
f 2078/873/1638 2162/962/1637 2145/944/1605 
f 2146/945/1606 2145/944/1605 2163/963/1639 
f 2163/963/1639 2164/964/1640 2146/945/1606 
f 2164/964/1640 2163/963/1639 2109/906/1585 
f 2109/906/1585 2112/909/1586 2164/964/1640 
f 2145/944/1605 2162/962/1637 2165/965/1641 
f 2165/965/1641 2163/963/1639 2145/944/1605 
f 2163/963/1639 2165/965/1641 2113/910/1587 
f 2113/910/1587 2109/906/1585 2163/963/1639 
f 2162/962/1637 2161/961/1635 2166/966/1642 
f 2166/966/1642 2165/965/1641 2162/962/1637 
f 2165/965/1641 2166/966/1642 2115/912/1588 
f 2115/912/1588 2113/910/1587 2165/965/1641 
f 2161/961/1635 2160/960/1633 2167/967/1643 
f 2167/967/1643 2166/966/1642 2161/961/1635 
f 2166/966/1642 2167/967/1643 2117/914/1589 
f 2117/914/1589 2115/912/1588 2166/966/1642 
f 2160/960/1633 2159/959/1631 2168/968/1644 
f 2168/968/1644 2167/967/1643 2160/960/1633 
f 2167/967/1643 2168/968/1644 2119/916/1590 
f 2119/916/1590 2117/914/1589 2167/967/1643 
f 2159/959/1631 2158/958/1629 2169/969/1645 
f 2169/969/1645 2168/968/1644 2159/959/1631 
f 2168/968/1644 2169/969/1645 2121/918/1591 
f 2121/918/1591 2119/916/1590 2168/968/1644 
f 2158/958/1629 2157/957/1627 2170/970/1646 
f 2170/970/1646 2169/969/1645 2158/958/1629 
f 2169/969/1645 2170/970/1646 2123/920/1592 
f 2123/920/1592 2121/918/1591 2169/969/1645 
f 2157/957/1627 2156/956/1625 2171/971/1647 
f 2171/971/1647 2170/970/1646 2157/957/1627 
f 2170/970/1646 2171/971/1647 2125/922/1593 
f 2125/922/1593 2123/920/1592 2170/970/1646 
f 2156/956/1625 2155/955/1623 2172/972/1648 
f 2172/972/1648 2171/971/1647 2156/956/1625 
f 2171/971/1647 2172/972/1648 2127/924/1594 
f 2127/924/1594 2125/922/1593 2171/971/1647 
f 2155/955/1623 2154/954/1621 2173/973/1649 
f 2173/973/1649 2172/972/1648 2155/955/1623 
f 2172/972/1648 2173/973/1649 2129/926/1595 
f 2129/926/1595 2127/924/1594 2172/972/1648 
f 2154/954/1621 2153/953/1619 2174/974/1650 
f 2174/974/1650 2173/973/1649 2154/954/1621 
f 2173/973/1649 2174/974/1650 2131/928/1596 
f 2131/928/1596 2129/926/1595 2173/973/1649 
f 2153/953/1619 2152/952/1617 2175/975/1651 
f 2175/975/1651 2174/974/1650 2153/953/1619 
f 2174/974/1650 2175/975/1651 2133/930/1597 
f 2133/930/1597 2131/928/1596 2174/974/1650 
f 2152/952/1617 2151/951/1615 2176/976/1652 
f 2176/976/1652 2175/975/1651 2152/952/1617 
f 2175/975/1651 2176/976/1652 2135/932/1598 
f 2135/932/1598 2133/930/1597 2175/975/1651 
f 2151/951/1615 2150/950/1613 2177/977/1653 
f 2177/977/1653 2176/976/1652 2151/951/1615 
f 2176/976/1652 2177/977/1653 2137/934/1599 
f 2137/934/1599 2135/932/1598 2176/976/1652 
f 2150/950/1613 2149/948/1611 2178/978/1654 
f 2178/978/1654 2177/977/1653 2150/950/1613 
f 2177/977/1653 2178/978/1654 2139/936/1600 
f 2139/936/1600 2137/934/1599 2177/977/1653 
f 2149/948/1611 2148/949/1609 2179/979/1655 
f 2179/979/1655 2178/978/1654 2149/948/1611 
f 2178/978/1654 2179/979/1655 2141/938/1601 
f 2141/938/1601 2139/936/1600 2178/978/1654 
f 2148/947/1609 2147/946/1608 2180/980/1656 
f 2180/980/1656 2179/981/1655 2148/947/1609 
f 2179/981/1655 2180/980/1656 2143/940/1602 
f 2143/940/1602 2141/943/1601 2179/981/1655 
f 2147/946/1608 2146/945/1606 2164/964/1640 
f 2164/964/1640 2180/980/1656 2147/946/1608 
f 2180/980/1656 2164/964/1640 2112/909/1586 
f 2112/909/1586 2143/940/1602 2180/980/1656 
s 1
f 2181/982/658 2111/908/658 2110/907/658 
f 2110/907/658 2182/983/658 2181/982/658 
f 2182/983/658 2110/907/658 2114/911/658 
f 2114/911/658 2183/984/658 2182/983/658 
f 2183/984/658 2114/911/658 2116/913/658 
f 2116/913/658 2184/985/658 2183/984/658 
f 2184/985/658 2116/913/658 2118/915/658 
f 2118/915/658 2185/986/658 2184/985/658 
f 2185/986/658 2118/915/658 2120/917/658 
f 2120/917/658 2186/987/658 2185/986/658 
f 2186/987/658 2120/917/658 2122/919/658 
f 2122/919/658 2187/988/658 2186/987/658 
f 2187/988/658 2122/919/658 2124/921/658 
f 2124/921/658 2188/989/658 2187/988/658 
f 2188/989/658 2124/921/658 2126/923/658 
f 2126/923/658 2189/990/658 2188/989/658 
f 2189/990/658 2126/923/658 2128/925/658 
f 2128/925/658 2190/991/658 2189/990/658 
f 2190/991/658 2128/925/658 2130/927/658 
f 2130/927/658 2191/992/658 2190/991/658 
f 2191/992/658 2130/927/658 2132/929/658 
f 2132/929/658 2192/993/658 2191/992/658 
f 2192/993/658 2132/929/658 2134/931/658 
f 2134/931/658 2193/994/658 2192/993/658 
f 2193/994/658 2134/931/658 2136/933/658 
f 2136/933/658 2194/995/658 2193/994/658 
f 2194/995/658 2136/933/658 2138/935/658 
f 2138/935/658 2195/996/658 2194/995/658 
f 2195/996/658 2138/935/658 2140/937/658 
f 2140/937/658 2196/997/658 2195/996/658 
f 2196/997/658 2140/937/658 2142/939/658 
f 2142/939/658 2197/998/658 2196/997/658 
f 2197/999/658 2142/942/658 2144/941/658 
f 2144/941/658 2198/1000/658 2197/999/658 
f 2198/1000/658 2144/941/658 2111/908/658 
f 2111/908/658 2181/982/658 2198/1000/658 
s 2
f 2182/983/810 2199/1001/810 2200/1002/507 
f 2200/1002/507 2181/982/507 2182/983/810 
f 2183/984/809 2201/1003/809 2199/1001/810 
f 2199/1001/810 2182/983/810 2183/984/809 
f 2184/985/808 2202/1004/808 2201/1003/809 
f 2201/1003/809 2183/984/809 2184/985/808 
f 2185/986/806 2203/1005/806 2202/1004/808 
f 2202/1004/808 2184/985/808 2185/986/806 
f 2186/987/804 2204/1006/804 2203/1005/806 
f 2203/1005/806 2185/986/806 2186/987/804 
f 2187/988/803 2205/1007/803 2204/1006/804 
f 2204/1006/804 2186/987/804 2187/988/803 
f 2188/989/802 2206/1008/802 2205/1007/803 
f 2205/1007/803 2187/988/803 2188/989/802 
f 2189/990/801 2207/1009/801 2206/1008/802 
f 2206/1008/802 2188/989/802 2189/990/801 
f 2190/991/510 2208/1010/510 2207/1009/801 
f 2207/1009/801 2189/990/801 2190/991/510 
f 2191/992/800 2209/1011/800 2208/1010/510 
f 2208/1010/510 2190/991/510 2191/992/800 
f 2192/993/799 2210/1012/799 2209/1011/800 
f 2209/1011/800 2191/992/800 2192/993/799 
f 2193/994/798 2211/1013/798 2210/1012/799 
f 2210/1012/799 2192/993/799 2193/994/798 
f 2194/995/796 2212/1014/796 2211/1013/798 
f 2211/1013/798 2193/994/798 2194/995/796 
f 2195/996/795 2213/1015/795 2212/1014/796 
f 2212/1014/796 2194/995/796 2195/996/795 
f 2196/997/794 2214/1016/794 2213/1015/795 
f 2213/1015/795 2195/996/795 2196/997/794 
f 2197/998/793 2215/1017/793 2214/1016/794 
f 2214/1016/794 2196/997/794 2197/998/793 
f 2198/1000/792 2216/1018/792 2215/1019/793 
f 2215/1019/793 2197/999/793 2198/1000/792 
f 2181/982/507 2200/1002/507 2216/1018/792 
f 2216/1018/792 2198/1000/792 2181/982/507 
s 1
f 2217/1020/799 2218/1021/886 2219/1022/886 
f 2219/1022/886 2220/1023/799 2217/1020/799 
f 2221/1024/885 2217/1020/799 2220/1023/799 
f 2220/1023/799 2222/1025/885 2221/1024/885 
f 2223/1026/512 2221/1024/885 2222/1025/885 
f 2222/1025/885 2224/1027/512 2223/1026/512 
f 2225/1028/884 2223/1026/512 2224/1027/512 
f 2224/1027/512 2226/1029/884 2225/1028/884 
f 2227/1030/793 2225/1028/884 2226/1029/884 
f 2226/1029/884 2228/1031/793 2227/1030/793 
f 2229/1032/883 2227/1030/793 2228/1031/793 
f 2228/1031/793 2230/1033/883 2229/1032/883 
f 2231/1034/890 2229/1032/883 2230/1033/883 
f 2230/1033/883 2232/1035/890 2231/1034/890 
f 2233/1036/809 2231/1034/890 2232/1035/890 
f 2232/1035/890 2234/1037/809 2233/1036/809 
f 2235/1038/889 2233/1036/809 2234/1037/809 
f 2234/1037/809 2236/1039/889 2235/1038/889 
f 2237/1040/508 2235/1038/889 2236/1039/889 
f 2236/1039/889 2238/1041/508 2237/1040/508 
f 2239/1042/888 2237/1040/508 2238/1041/508 
f 2238/1041/508 2240/1043/888 2239/1042/888 
f 2241/1044/802 2239/1042/888 2240/1043/888 
f 2240/1043/888 2242/1045/802 2241/1044/802 
f 2243/1046/887 2241/1044/802 2242/1045/802 
f 2242/1045/802 2244/1047/887 2243/1046/887 
f 2218/1021/886 2243/1046/887 2244/1047/887 
f 2244/1047/887 2219/1022/886 2218/1021/886 
s 2
f 2076/1048/1657 2245/1049/1658 2246/1050/1659 
f 2246/1050/1659 2073/1051/1660 2076/1048/1657 
f 2107/1052/1661 2247/1053/1662 2245/1049/1658 
f 2245/1049/1658 2076/1048/1657 2107/1052/1661 
f 2248/1054/1663 2247/1053/1662 2107/1052/1661 
f 2107/1052/1661 2105/1055/1664 2248/1054/1663 
f 2103/1056/1665 2249/1057/1666 2248/1054/1663 
f 2248/1054/1663 2105/1055/1664 2103/1056/1665 
f 2101/1058/1667 2250/1059/1668 2249/1057/1666 
f 2249/1057/1666 2103/1056/1665 2101/1058/1667 
f 2099/1060/1669 2251/1061/1670 2250/1059/1668 
f 2250/1059/1668 2101/1058/1667 2099/1060/1669 
f 2097/1062/1671 2252/1063/1672 2251/1061/1670 
f 2251/1061/1670 2099/1060/1669 2097/1062/1671 
f 2095/1064/1673 2253/1065/1674 2252/1063/1672 
f 2252/1063/1672 2097/1062/1671 2095/1064/1673 
f 2093/1066/1675 2254/1067/1676 2253/1065/1674 
f 2253/1065/1674 2095/1064/1673 2093/1066/1675 
f 2091/1068/1677 2255/1069/1678 2254/1067/1676 
f 2254/1067/1676 2093/1066/1675 2091/1068/1677 
f 2091/1068/1677 2089/1070/1679 2256/1071/1680 
f 2256/1071/1680 2255/1069/1678 2091/1068/1677 
f 2087/1072/1681 2257/1073/1682 2256/1071/1680 
f 2256/1071/1680 2089/1070/1679 2087/1072/1681 
f 2085/1074/1683 2258/1075/1684 2257/1073/1682 
f 2257/1073/1682 2087/1072/1681 2085/1074/1683 
f 2083/1076/1685 2259/1077/1686 2258/1075/1684 
f 2258/1075/1684 2085/1074/1683 2083/1076/1685 
f 2081/1078/1687 2260/1079/1688 2259/1077/1686 
f 2259/1077/1686 2083/1076/1685 2081/1078/1687 
f 2079/1080/1689 2261/1081/1690 2260/1079/1688 
f 2260/1079/1688 2081/1078/1687 2079/1080/1689 
f 2077/1082/1691 2262/1083/1692 2261/1081/1690 
f 2261/1081/1690 2079/1080/1689 2077/1082/1691 
f 2073/1051/1660 2246/1050/1659 2262/1083/1692 
f 2262/1083/1692 2077/1082/1691 2073/1051/1660 
s 4
f 2200/1084/658 2199/1085/658 2263/1086/658 
f 2263/1086/658 2264/1087/658 2200/1084/658 
f 2199/1085/658 2201/1088/658 2265/1089/658 
f 2265/1089/658 2263/1086/658 2199/1085/658 
f 2219/1022/658 2266/1090/658 2267/1091/658 
f 2267/1091/658 2220/1023/658 2219/1022/658 
f 2268/1092/658 2266/1090/658 2219/1022/658 
f 2219/1022/658 2244/1047/658 2268/1092/658 
f 2244/1047/658 2242/1045/658 2269/1093/658 
f 2269/1093/658 2268/1092/658 2244/1047/658 
f 2242/1045/658 2240/1043/658 2270/1094/658 
f 2270/1094/658 2271/1095/658 2242/1045/658 
f 2242/1045/658 2271/1095/658 2269/1093/658 
f 2270/1094/658 2214/1096/658 2215/1097/658 
f 2215/1097/658 2272/1098/658 2270/1094/658 
f 2270/1094/658 2272/1098/658 2271/1095/658 
f 2216/1099/658 2273/1100/658 2272/1098/658 
f 2272/1098/658 2215/1097/658 2216/1099/658 
f 2200/1084/658 2264/1087/658 2273/1100/658 
f 2273/1100/658 2216/1099/658 2200/1084/658 
f 2203/1101/658 2274/1102/658 2275/1103/658 
f 2275/1103/658 2202/1104/658 2203/1101/658 
f 2204/1105/658 2276/1106/658 2274/1102/658 
f 2274/1102/658 2203/1101/658 2204/1105/658 
f 2204/1105/658 2205/1107/658 2277/1108/658 
f 2277/1108/658 2276/1106/658 2204/1105/658 
f 2278/1109/658 2277/1108/658 2205/1107/658 
f 2205/1107/658 2206/1110/658 2278/1109/658 
f 2278/1109/658 2206/1110/658 2279/1111/658 
f 2279/1111/658 2228/1031/658 2226/1029/658 
f 2226/1029/658 2278/1109/658 2279/1111/658 
f 2278/1109/658 2226/1029/658 2280/1112/658 
f 2226/1029/658 2224/1027/658 2281/1113/658 
f 2281/1113/658 2280/1112/658 2226/1029/658 
f 2222/1025/658 2282/1114/658 2281/1113/658 
f 2281/1113/658 2224/1027/658 2222/1025/658 
f 2207/1115/658 2283/1116/658 2284/1117/658 
f 2284/1117/658 2206/1110/658 2207/1115/658 
f 2208/1118/658 2285/1119/658 2283/1116/658 
f 2283/1116/658 2207/1115/658 2208/1118/658 
f 2208/1118/658 2209/1120/658 2286/1121/658 
f 2286/1121/658 2285/1119/658 2208/1118/658 
f 2209/1120/658 2210/1122/658 2287/1123/658 
f 2287/1123/658 2286/1121/658 2209/1120/658 
f 2232/1035/658 2288/1124/658 2289/1125/658 
f 2289/1125/658 2234/1037/658 2232/1035/658 
f 2230/1033/658 2290/1126/658 2288/1124/658 
f 2288/1124/658 2232/1035/658 2230/1033/658 
f 2230/1033/658 2228/1031/658 2291/1127/658 
f 2291/1127/658 2290/1126/658 2230/1033/658 
f 2279/1111/658 2292/1128/658 2291/1127/658 
f 2291/1127/658 2228/1031/658 2279/1111/658 
f 2279/1111/658 2206/1110/658 2284/1117/658 
f 2284/1117/658 2292/1128/658 2279/1111/658 
f 2212/1129/658 2293/1130/658 2294/1131/658 
f 2294/1131/658 2211/1132/658 2212/1129/658 
f 2213/1133/658 2295/1134/658 2293/1130/658 
f 2293/1130/658 2212/1129/658 2213/1133/658 
f 2213/1133/658 2214/1096/658 2296/1135/658 
f 2296/1135/658 2295/1134/658 2213/1133/658 
f 2270/1094/658 2297/1136/658 2296/1135/658 
f 2296/1135/658 2214/1096/658 2270/1094/658 
f 2270/1094/658 2240/1043/658 2298/1137/658 
f 2298/1137/658 2297/1136/658 2270/1094/658 
f 2240/1043/658 2238/1041/658 2299/1138/658 
f 2299/1138/658 2298/1137/658 2240/1043/658 
f 2236/1039/658 2300/1139/658 2299/1138/658 
f 2299/1138/658 2238/1041/658 2236/1039/658 
s 1
f 2301/1140/658 2302/1141/658 2303/1142/658 
f 2303/1142/658 2304/1143/658 2301/1140/658 
f 2301/1140/658 2304/1143/658 2305/1144/658 
f 2305/1144/658 2306/1145/658 2301/1140/658 
f 2306/1145/658 2305/1144/658 2307/1146/658 
f 2307/1146/658 2308/1147/658 2306/1145/658 
f 2308/1147/658 2307/1146/658 2309/1148/658 
f 2309/1148/658 2310/1149/658 2308/1147/658 
f 2310/1149/658 2309/1148/658 2311/1150/658 
f 2311/1150/658 2312/1151/658 2310/1149/658 
f 2313/1152/658 2314/1153/658 2312/1151/658 
f 2312/1151/658 2311/1150/658 2313/1152/658 
f 2315/1154/658 2314/1153/658 2313/1152/658 
f 2313/1152/658 2316/1155/658 2315/1154/658 
f 2317/1156/658 2315/1154/658 2316/1155/658 
f 2316/1155/658 2318/1157/658 2317/1156/658 
f 2319/1158/658 2317/1156/658 2318/1157/658 
f 2318/1157/658 2320/1159/658 2319/1158/658 
f 2321/1160/658 2319/1158/658 2320/1159/658 
f 2320/1159/658 2322/1161/658 2321/1160/658 
f 2321/1160/658 2322/1161/658 2303/1142/658 
f 2303/1142/658 2302/1141/658 2321/1160/658 
f 2323/1162/658 2324/1163/658 2325/1164/658 
f 2325/1164/658 2326/1165/658 2323/1162/658 
f 2326/1165/658 2325/1164/658 2327/1166/658 
f 2327/1166/658 2328/1167/658 2326/1165/658 
f 2329/1168/658 2328/1167/658 2327/1166/658 
f 2327/1166/658 2330/1169/658 2329/1168/658 
f 2329/1168/658 2330/1169/658 2331/1170/658 
f 2331/1170/658 2332/1171/658 2329/1168/658 
f 2332/1171/658 2331/1170/658 2333/1172/658 
f 2333/1172/658 2334/1173/658 2332/1171/658 
f 2334/1173/658 2333/1172/658 2335/1174/658 
f 2335/1174/658 2336/1175/658 2334/1173/658 
f 2337/1176/658 2336/1175/658 2335/1174/658 
f 2335/1174/658 2338/1177/658 2337/1176/658 
f 2339/1178/658 2337/1176/658 2338/1177/658 
f 2338/1177/658 2340/1179/658 2339/1178/658 
f 2323/1162/658 2339/1178/658 2340/1179/658 
f 2340/1179/658 2324/1163/658 2323/1162/658 
f 2341/1180/658 2342/1181/658 2343/1182/658 
f 2343/1182/658 2344/1183/658 2341/1180/658 
f 2341/1180/658 2344/1183/658 2345/1184/658 
f 2345/1184/658 2346/1185/658 2341/1180/658 
f 2347/1186/658 2346/1185/658 2345/1184/658 
f 2345/1184/658 2348/1187/658 2347/1186/658 
f 2347/1186/658 2348/1187/658 2349/1188/658 
f 2349/1188/658 2350/1189/658 2347/1186/658 
f 2350/1189/658 2349/1188/658 2351/1190/658 
f 2351/1190/658 2352/1191/658 2350/1189/658 
f 2352/1191/658 2351/1190/658 2353/1192/658 
f 2353/1192/658 2354/1193/658 2352/1191/658 
f 2354/1193/658 2353/1192/658 2355/1194/658 
f 2355/1194/658 2356/1195/658 2354/1193/658 
f 2357/1196/658 2358/1197/658 2356/1195/658 
f 2356/1195/658 2355/1194/658 2357/1196/658 
f 2359/1198/658 2358/1197/658 2357/1196/658 
f 2357/1196/658 2360/1199/658 2359/1198/658 
f 2361/1200/658 2359/1198/658 2360/1199/658 
f 2360/1199/658 2362/1201/658 2361/1200/658 
f 2342/1181/658 2361/1200/658 2362/1201/658 
f 2362/1201/658 2343/1182/658 2342/1181/658 
f 2363/1202/658 2364/1203/658 2365/1204/658 
f 2365/1204/658 2366/1205/658 2363/1202/658 
f 2366/1205/658 2365/1204/658 2367/1206/658 
f 2367/1206/658 2368/1207/658 2366/1205/658 
f 2369/1208/658 2368/1207/658 2367/1206/658 
f 2367/1206/658 2370/1209/658 2369/1208/658 
f 2369/1208/658 2370/1209/658 2371/1210/658 
f 2371/1210/658 2372/1211/658 2369/1208/658 
f 2372/1211/658 2371/1210/658 2373/1212/658 
f 2373/1212/658 2374/1213/658 2372/1211/658 
f 2374/1213/658 2373/1212/658 2375/1214/658 
f 2375/1214/658 2376/1215/658 2374/1213/658 
f 2375/1214/658 2377/1216/658 2378/1217/658 
f 2378/1217/658 2376/1215/658 2375/1214/658 
f 2379/1218/658 2378/1217/658 2377/1216/658 
f 2377/1216/658 2380/1219/658 2379/1218/658 
f 2363/1202/658 2379/1218/658 2380/1219/658 
f 2380/1219/658 2364/1203/658 2363/1202/658 
s 2
f 2263/1086/940 2304/1143/940 2303/1142/510 
f 2303/1142/510 2264/1087/510 2263/1086/940 
s 8
f 2265/1089/941 2305/1144/941 2304/1143/942 
f 2304/1143/942 2263/1086/942 2265/1089/941 
f 2381/1220/943 2307/1146/943 2305/1144/941 
f 2305/1144/941 2265/1089/941 2381/1220/943 
f 2267/1091/944 2309/1148/944 2307/1146/943 
f 2307/1146/943 2381/1220/943 2267/1091/944 
f 2266/1090/946 2311/1150/946 2309/1148/944 
f 2309/1148/944 2267/1091/944 2266/1090/946 
f 2268/1092/947 2313/1152/947 2311/1150/946 
f 2311/1150/946 2266/1090/946 2268/1092/947 
f 2269/1093/949 2316/1155/949 2313/1152/947 
f 2313/1152/947 2268/1092/947 2269/1093/949 
f 2271/1095/950 2318/1157/950 2316/1155/949 
f 2316/1155/949 2269/1093/949 2271/1095/950 
f 2272/1098/951 2320/1159/951 2318/1157/950 
f 2318/1157/950 2271/1095/950 2272/1098/951 
f 2273/1100/952 2322/1161/952 2320/1159/951 
f 2320/1159/951 2272/1098/951 2273/1100/952 
s 2
f 2264/1087/510 2303/1142/510 2322/1161/939 
f 2322/1161/939 2273/1100/939 2264/1087/510 
s 4
f 2382/1221/507 2302/1222/507 2301/1223/938 
f 2301/1223/938 2383/1224/938 2382/1221/507 
f 2321/1225/927 2302/1222/507 2382/1221/507 
f 2382/1221/507 2384/1226/927 2321/1225/927 
s 8
f 2319/1227/928 2321/1225/929 2384/1226/929 
f 2384/1226/929 2385/1228/928 2319/1227/928 
f 2386/1229/930 2317/1230/930 2319/1227/928 
f 2319/1227/928 2385/1228/928 2386/1229/930 
f 2387/1231/931 2315/1232/931 2317/1230/930 
f 2317/1230/930 2386/1229/930 2387/1231/931 
f 2388/1233/1693 2314/1234/932 2315/1232/931 
f 2315/1232/931 2387/1231/931 2388/1233/1693 
f 2312/1235/933 2314/1234/932 2388/1233/1693 
f 2388/1233/1693 2389/1236/1694 2312/1235/933 
f 2389/1236/1694 2388/1233/1693 2390/1237/648 
f 2391/1238/934 2310/1239/934 2312/1235/933 
f 2312/1235/933 2389/1236/1694 2391/1238/934 
f 2392/1240/935 2308/1241/935 2310/1239/934 
f 2310/1239/934 2391/1238/934 2392/1240/935 
f 2393/1242/936 2306/1243/936 2308/1241/935 
f 2308/1241/935 2392/1240/935 2393/1242/936 
f 2383/1244/937 2301/1245/937 2306/1243/936 
f 2306/1243/936 2393/1242/936 2383/1244/937 
s 2
f 2274/1102/955 2325/1164/955 2324/1163/956 
f 2324/1163/956 2275/1103/956 2274/1102/955 
f 2276/1106/953 2327/1166/953 2325/1164/955 
f 2325/1164/955 2274/1102/955 2276/1106/953 
f 2277/1108/954 2330/1169/954 2327/1166/953 
f 2327/1166/953 2276/1106/953 2277/1108/954 
s 8
f 2278/1109/961 2331/1170/961 2330/1169/962 
f 2330/1169/962 2277/1108/962 2278/1109/961 
f 2280/1112/960 2333/1172/960 2331/1170/961 
f 2331/1170/961 2278/1109/961 2280/1112/960 
f 2281/1113/508 2335/1174/508 2333/1172/960 
f 2333/1172/960 2280/1112/960 2281/1113/508 
f 2282/1114/959 2338/1177/959 2335/1174/508 
f 2335/1174/508 2281/1113/508 2282/1114/959 
f 2394/1246/957 2340/1179/957 2338/1177/959 
f 2338/1177/959 2282/1114/959 2394/1246/957 
f 2275/1103/958 2324/1163/958 2340/1179/957 
f 2340/1179/957 2394/1246/957 2275/1103/958 
s 4
f 2395/1247/972 2323/1248/972 2326/1249/971 
f 2326/1249/971 2396/1250/971 2395/1247/972 
s 8
f 2339/1251/969 2323/1252/970 2395/1253/970 
f 2395/1253/970 2397/1254/969 2339/1251/969 
f 2337/1255/968 2339/1251/969 2397/1254/969 
f 2397/1254/969 2398/1256/968 2337/1255/968 
f 2399/1257/512 2336/1258/512 2337/1255/968 
f 2337/1255/968 2398/1256/968 2399/1257/512 
f 2400/1259/967 2334/1260/967 2336/1258/512 
f 2336/1258/512 2399/1257/512 2400/1259/967 
f 2401/1261/965 2332/1262/965 2334/1260/967 
f 2334/1260/967 2400/1259/967 2401/1261/965 
f 2402/1263/966 2329/1264/966 2332/1262/965 
f 2332/1262/965 2401/1261/965 2402/1263/966 
s 4
f 2403/1265/1576 2328/1266/964 2329/1264/963 
f 2329/1264/963 2402/1263/963 2403/1265/1576 
f 2396/1250/971 2326/1249/971 2328/1266/964 
f 2328/1266/964 2403/1265/1576 2396/1250/971 
s 2
f 2283/1116/929 2344/1183/929 2343/1182/928 
f 2343/1182/928 2284/1117/928 2283/1116/929 
s 8
f 2285/1119/507 2345/1184/507 2344/1183/975 
f 2344/1183/975 2283/1116/975 2285/1119/507 
f 2286/1121/976 2348/1187/976 2345/1184/507 
f 2345/1184/507 2285/1119/507 2286/1121/976 
s 2
f 2287/1123/936 2349/1188/936 2348/1187/937 
f 2348/1187/937 2286/1121/937 2287/1123/936 
f 2404/1267/935 2351/1190/935 2349/1188/936 
f 2349/1188/936 2287/1123/936 2404/1267/935 
f 2289/1125/934 2353/1192/934 2351/1190/935 
f 2351/1190/935 2404/1267/935 2289/1125/934 
f 2288/1124/933 2355/1194/933 2353/1192/934 
f 2353/1192/934 2289/1125/934 2288/1124/933 
f 2290/1126/932 2357/1196/932 2355/1194/933 
f 2355/1194/933 2288/1124/933 2290/1126/932 
f 2291/1127/931 2360/1199/931 2357/1196/932 
f 2357/1196/932 2290/1126/932 2291/1127/931 
f 2292/1128/930 2362/1201/930 2360/1199/931 
f 2360/1199/931 2291/1127/931 2292/1128/930 
f 2284/1117/928 2343/1182/928 2362/1201/930 
f 2362/1201/930 2292/1128/930 2284/1117/928 
s 4
f 2405/1268/951 2342/1269/951 2341/1270/952 
f 2341/1270/952 2406/1271/1578 2405/1268/951 
f 2361/1272/950 2342/1269/951 2405/1268/951 
f 2405/1268/951 2407/1273/950 2361/1272/950 
f 2359/1274/949 2361/1272/950 2407/1273/950 
f 2407/1273/950 2408/1275/1575 2359/1274/949 
f 2409/1276/947 2358/1277/947 2408/1278/1575 
f 2408/1278/1575 2408/1278/507 2409/1276/947 
f 2408/1278/1575 2358/1277/947 2359/1279/949 
f 2356/1280/946 2358/1277/947 2409/1276/947 
f 2409/1276/947 2410/1281/946 2356/1280/946 
f 2411/1282/1695 2354/1283/944 2356/1280/946 
f 2356/1280/946 2410/1281/946 2411/1282/1695 
f 2412/1284/943 2352/1285/943 2354/1283/944 
f 2354/1283/944 2411/1282/1695 2412/1284/943 
f 2413/1286/941 2350/1287/941 2352/1285/943 
f 2352/1285/943 2412/1284/943 2413/1286/941 
f 2414/1288/942 2347/1289/942 2350/1287/941 
f 2350/1287/941 2413/1286/941 2414/1288/942 
s 8
f 2415/1290/510 2346/1291/510 2347/1289/973 
f 2347/1289/973 2414/1288/973 2415/1290/510 
f 2406/1271/974 2341/1270/974 2346/1291/510 
f 2346/1291/510 2415/1290/510 2406/1271/974 
s 2
f 2293/1130/971 2365/1204/971 2364/1203/972 
f 2364/1203/972 2294/1131/972 2293/1130/971 
f 2295/1134/964 2367/1206/964 2365/1204/971 
f 2365/1204/971 2293/1130/971 2295/1134/964 
f 2296/1135/963 2370/1209/963 2367/1206/964 
f 2367/1206/964 2295/1134/964 2296/1135/963 
s 8
f 2297/1136/965 2371/1210/965 2370/1209/966 
f 2370/1209/966 2296/1135/966 2297/1136/965 
f 2298/1137/978 2373/1212/978 2371/1210/965 
f 2371/1210/965 2297/1136/965 2298/1137/978 
f 2299/1138/512 2375/1214/512 2373/1212/978 
f 2373/1212/978 2298/1137/978 2299/1138/512 
f 2300/1139/977 2377/1216/977 2375/1214/512 
f 2375/1214/512 2299/1138/512 2300/1139/977 
f 2416/1292/969 2380/1219/969 2377/1216/977 
f 2377/1216/977 2300/1139/977 2416/1292/969 
f 2294/1131/970 2364/1203/970 2380/1219/969 
f 2380/1219/969 2416/1292/969 2294/1131/970 
s 4
f 2417/1293/956 2363/1294/956 2366/1295/955 
f 2366/1295/955 2418/1296/1579 2417/1293/956 
s 8
f 2379/1297/957 2363/1294/958 2417/1293/958 
f 2417/1293/958 2419/1298/957 2379/1297/957 
f 2378/1299/980 2379/1297/957 2419/1298/957 
f 2419/1298/957 2420/1300/980 2378/1299/980 
f 2421/1301/508 2376/1302/508 2378/1299/980 
f 2378/1299/980 2420/1300/980 2421/1301/508 
f 2422/1303/979 2374/1304/979 2376/1302/508 
f 2376/1302/508 2421/1301/508 2422/1303/979 
f 2423/1305/961 2372/1306/961 2374/1307/979 
f 2374/1307/979 2422/1308/979 2423/1305/961 
f 2424/1309/962 2369/1310/962 2372/1306/961 
f 2372/1306/961 2423/1305/961 2424/1309/962 
s 4
f 2425/1311/953 2368/1312/953 2369/1310/954 
f 2369/1310/954 2424/1309/954 2425/1311/953 
f 2418/1296/1579 2366/1295/955 2368/1312/953 
f 2368/1312/953 2425/1311/953 2418/1296/1579 
s 2
f 2217/1020/658 2426/1313/658 2427/1314/658 
f 2427/1314/658 2218/1021/658 2217/1020/658 
f 2221/1024/658 2428/1315/658 2426/1313/658 
f 2426/1313/658 2217/1020/658 2221/1024/658 
f 2223/1026/658 2429/1316/658 2428/1315/658 
f 2428/1315/658 2221/1024/658 2223/1026/658 
f 2223/1026/658 2225/1028/658 2430/1317/658 
f 2430/1317/658 2429/1316/658 2223/1026/658 
f 2227/1030/658 2431/1318/658 2430/1317/658 
f 2430/1317/658 2225/1028/658 2227/1030/658 
f 2229/1032/658 2432/1319/658 2431/1318/658 
f 2431/1318/658 2227/1030/658 2229/1032/658 
f 2433/1320/658 2432/1319/658 2229/1032/658 
f 2229/1032/658 2231/1034/658 2433/1320/658 
f 2233/1036/658 2434/1321/658 2433/1320/658 
f 2433/1320/658 2231/1034/658 2233/1036/658 
f 2235/1038/658 2435/1322/658 2434/1321/658 
f 2434/1321/658 2233/1036/658 2235/1038/658 
f 2237/1040/658 2436/1323/658 2435/1322/658 
f 2435/1322/658 2235/1038/658 2237/1040/658 
f 2237/1040/658 2239/1042/658 2437/1324/658 
f 2437/1324/658 2436/1323/658 2237/1040/658 
f 2241/1044/658 2438/1325/658 2437/1324/658 
f 2437/1324/658 2239/1042/658 2241/1044/658 
f 2243/1046/658 2439/1326/658 2438/1325/658 
f 2438/1325/658 2241/1044/658 2243/1046/658 
f 2218/1021/658 2427/1314/658 2439/1326/658 
f 2439/1326/658 2243/1046/658 2218/1021/658 
s 1
f 2426/1313/799 2440/1327/799 2441/1328/886 
f 2441/1328/886 2427/1314/886 2426/1313/799 
f 2428/1315/885 2442/1329/885 2440/1327/799 
f 2440/1327/799 2426/1313/799 2428/1315/885 
f 2429/1316/512 2443/1330/512 2442/1329/885 
f 2442/1329/885 2428/1315/885 2429/1316/512 
f 2430/1317/884 2444/1331/884 2443/1330/512 
f 2443/1330/512 2429/1316/512 2430/1317/884 
f 2431/1318/793 2445/1332/793 2444/1331/884 
f 2444/1331/884 2430/1317/884 2431/1318/793 
f 2432/1319/883 2446/1333/883 2445/1332/793 
f 2445/1332/793 2431/1318/793 2432/1319/883 
f 2433/1320/890 2447/1334/890 2446/1333/883 
f 2446/1333/883 2432/1319/883 2433/1320/890 
f 2434/1321/809 2448/1335/809 2447/1334/890 
f 2447/1334/890 2433/1320/890 2434/1321/809 
f 2435/1322/889 2449/1336/889 2448/1335/809 
f 2448/1335/809 2434/1321/809 2435/1322/889 
f 2436/1323/508 2450/1337/508 2449/1336/889 
f 2449/1336/889 2435/1322/889 2436/1323/508 
f 2437/1324/888 2451/1338/888 2450/1337/508 
f 2450/1337/508 2436/1323/508 2437/1324/888 
f 2438/1325/802 2452/1339/802 2451/1338/888 
f 2451/1338/888 2437/1324/888 2438/1325/802 
f 2439/1326/887 2453/1340/887 2452/1339/802 
f 2452/1339/802 2438/1325/802 2439/1326/887 
f 2427/1314/886 2441/1328/886 2453/1340/887 
f 2453/1340/887 2439/1326/887 2427/1314/886 
s 2
f 2441/1328/658 2440/1327/658 2453/1340/658 
s 4
f 2394/1246/658 2282/1114/658 2222/1025/658 
f 2222/1025/658 2381/1220/658 2394/1246/658 
f 2267/1091/658 2381/1220/658 2222/1025/658 
f 2222/1025/658 2220/1023/658 2267/1091/658 
f 2381/1220/658 2265/1089/658 2201/1088/658 
f 2201/1088/658 2202/1104/658 2381/1220/658 
f 2202/1104/658 2275/1103/658 2394/1246/658 
f 2394/1246/658 2381/1220/658 2202/1104/658 
f 2416/1292/658 2300/1139/658 2236/1039/658 
f 2236/1039/658 2404/1267/658 2416/1292/658 
f 2289/1125/658 2404/1267/658 2236/1039/658 
f 2236/1039/658 2234/1037/658 2289/1125/658 
f 2404/1267/658 2287/1123/658 2210/1122/658 
f 2210/1122/658 2211/1132/658 2404/1267/658 
f 2211/1132/658 2294/1131/658 2416/1292/658 
f 2416/1292/658 2404/1267/658 2211/1132/658 
s 2
f 2259/1077/1686 2260/1079/1688 2396/1341/1696 
f 2396/1341/1696 2403/1342/1697 2259/1077/1686 
f 2414/1343/1698 2254/1067/1676 2255/1069/1678 
f 2255/1069/1678 2415/1344/1699 2414/1343/1698 
f 2406/1345/1700 2415/1344/1699 2255/1069/1678 
f 2255/1069/1678 2256/1071/1680 2406/1345/1700 
f 2250/1059/1668 2251/1061/1670 2418/1346/1701 
f 2418/1346/1701 2425/1347/1702 2250/1059/1668 
f 2383/1348/1703 2246/1050/1659 2245/1049/1658 
f 2245/1049/1658 2382/1349/1704 2383/1348/1703 
f 2384/1350/1705 2382/1349/1704 2245/1049/1658 
f 2245/1049/1658 2247/1053/1662 2384/1350/1705 
f 2417/1351/1706 2418/1346/1701 2251/1061/1670 
f 2251/1061/1670 2252/1063/1672 2417/1351/1706 
f 2424/1352/1707 2249/1057/1666 2250/1059/1668 
f 2250/1059/1668 2425/1347/1702 2424/1352/1707 
f 2413/1353/1708 2253/1065/1674 2254/1067/1676 
f 2254/1067/1676 2414/1343/1698 2413/1353/1708 
f 2405/1354/1709 2406/1345/1700 2256/1071/1680 
f 2256/1071/1680 2257/1073/1682 2405/1354/1709 
f 2402/1355/1710 2258/1075/1684 2259/1077/1686 
f 2259/1077/1686 2403/1342/1697 2402/1355/1710 
f 2395/1356/1711 2396/1341/1696 2260/1079/1688 
f 2260/1079/1688 2261/1081/1690 2395/1356/1711 
f 2393/1357/1712 2262/1083/1692 2246/1050/1659 
f 2246/1050/1659 2383/1348/1703 2393/1357/1712 
f 2385/1358/1713 2384/1350/1705 2247/1053/1662 
f 2247/1053/1662 2248/1054/1663 2385/1358/1713 
f 2423/1359/1714 2248/1054/1663 2249/1057/1666 
f 2249/1057/1666 2424/1352/1707 2423/1359/1714 
f 2419/1360/1715 2417/1351/1706 2252/1063/1672 
f 2252/1063/1672 2253/1065/1674 2419/1360/1715 
f 2253/1065/1674 2413/1353/1708 2412/1361/1716 
f 2412/1361/1716 2419/1360/1715 2253/1065/1674 
f 2401/1362/1717 2257/1073/1682 2258/1075/1684 
f 2258/1075/1684 2402/1355/1710 2401/1362/1717 
f 2257/1073/1682 2401/1362/1717 2407/1363/1718 
f 2407/1363/1718 2405/1354/1709 2257/1073/1682 
f 2392/1364/1719 2261/1081/1690 2262/1083/1692 
f 2262/1083/1692 2393/1357/1712 2392/1364/1719 
f 2261/1081/1690 2392/1364/1719 2397/1365/1720 
f 2397/1365/1720 2395/1356/1711 2261/1081/1690 
f 2398/1366/1721 2397/1365/1720 2392/1364/1719 
f 2392/1364/1719 2391/1367/1722 2398/1366/1721 
f 2420/1368/1723 2419/1360/1715 2412/1361/1716 
f 2412/1361/1716 2411/1369/1724 2420/1368/1723 
f 2248/1054/1663 2423/1359/1714 2386/1370/1725 
f 2386/1370/1725 2385/1358/1713 2248/1054/1663 
f 2422/1371/1726 2387/1372/1727 2386/1370/1725 
f 2386/1370/1725 2423/1359/1714 2422/1371/1726 
f 2408/1373/648 2407/1363/1718 2400/1374/1728 
f 2400/1374/1728 2408/1373/1729 2408/1373/648 
f 2400/1374/1728 2407/1363/1718 2401/1362/1717 
f 2389/1375/1730 2454/1376/1731 2455/1377/1732 
f 2455/1377/1732 2391/1367/1722 2389/1375/1730 
f 2389/1375/1730 2390/1378/1733 2456/1379/1734 
f 2456/1379/1734 2454/1376/1731 2389/1375/1730 
f 2456/1379/1734 2390/1378/1733 2388/1378/1735 
f 2388/1378/1735 2457/1380/1736 2456/1379/1734 
f 2457/1380/1736 2388/1378/1735 2387/1372/1727 
f 2422/1371/1726 2458/1381/1737 2457/1380/1736 
f 2457/1380/1736 2387/1372/1727 2422/1371/1726 
f 2421/1382/1738 2459/1383/1739 2458/1381/1737 
f 2458/1381/1737 2422/1371/1726 2421/1382/1738 
f 2421/1382/1738 2420/1368/1723 2460/1384/1740 
f 2460/1384/1740 2459/1383/1739 2421/1382/1738 
f 2420/1368/1723 2411/1369/1724 2461/1385/1741 
f 2461/1385/1741 2460/1384/1740 2420/1368/1723 
f 2410/1386/1742 2462/1387/1743 2461/1385/1741 
f 2461/1385/1741 2411/1369/1724 2410/1386/1742 
f 2409/1388/1744 2463/1389/1745 2462/1387/1743 
f 2462/1387/1743 2410/1386/1742 2409/1388/1744 
f 2409/1388/1744 2408/1373/1729 2464/1390/1729 
f 2464/1390/1729 2463/1389/1745 2409/1388/1744 
f 2400/1374/1728 2465/1391/1746 2464/1390/1729 
f 2464/1390/1729 2408/1373/1729 2400/1374/1728 
f 2399/1392/1747 2466/1393/1748 2465/1391/1746 
f 2465/1391/1746 2400/1374/1728 2399/1392/1747 
f 2399/1392/1747 2398/1366/1721 2467/1394/1749 
f 2467/1394/1749 2466/1393/1748 2399/1392/1747 
f 2398/1366/1721 2391/1367/1722 2455/1377/1732 
f 2455/1377/1732 2467/1394/1749 2398/1366/1721 
s 1
f 2454/1395/1750 2468/1396/1750 2469/1397/1045 
f 2469/1397/1045 2455/1398/1045 2454/1395/1750 
f 2456/1399/1751 2470/1400/1751 2468/1396/1750 
f 2468/1396/1750 2454/1395/1750 2456/1399/1751 
f 2457/1401/1752 2471/1402/1752 2470/1400/1751 
f 2470/1400/1751 2456/1399/1751 2457/1401/1752 
s 4
f 2458/1403/1753 2472/1404/1753 2471/1402/1753 
f 2471/1402/1753 2457/1401/1753 2458/1403/1753 
s 1
f 2459/1405/1754 2473/1406/1754 2472/1404/1755 
f 2472/1404/1755 2458/1403/1755 2459/1405/1754 
f 2460/1407/1756 2474/1408/1756 2473/1406/1754 
f 2473/1406/1754 2459/1405/1754 2460/1407/1756 
s 4
f 2461/1409/1757 2475/1410/1757 2474/1408/1757 
f 2474/1408/1757 2460/1407/1757 2461/1409/1757 
s 1
f 2462/1411/946 2476/1412/946 2475/1410/1758 
f 2475/1410/1758 2461/1409/1758 2462/1411/946 
f 2463/1413/947 2477/1414/947 2476/1412/946 
f 2476/1412/946 2462/1411/946 2463/1413/947 
f 2464/1415/1759 2478/1416/1759 2477/1414/947 
f 2477/1414/947 2463/1413/947 2464/1415/1759 
s 4
f 2465/1417/1760 2479/1418/1760 2478/1416/1760 
f 2478/1416/1760 2464/1415/1760 2465/1417/1760 
s 1
f 2466/1419/1761 2480/1420/1761 2479/1421/1762 
f 2479/1421/1762 2465/1422/1762 2466/1419/1761 
f 2467/1423/1763 2481/1424/1763 2480/1420/1761 
f 2480/1420/1761 2466/1419/1761 2467/1423/1763 
s 4
f 2455/1398/1764 2469/1397/1764 2481/1424/1764 
f 2481/1424/1764 2467/1423/1764 2455/1398/1764 
s 2
f 2469/1425/648 2480/1426/648 2481/1427/648 
f 2440/1327/658 2442/1329/658 2443/1330/658 
f 2443/1330/658 2444/1331/658 2445/1332/658 
f 2445/1332/658 2446/1333/658 2447/1334/658 
f 2443/1330/658 2445/1332/658 2447/1334/658 
f 2447/1334/658 2448/1335/658 2449/1336/658 
f 2449/1336/658 2450/1337/658 2451/1338/658 
f 2447/1334/658 2449/1336/658 2451/1338/658 
f 2451/1338/658 2452/1339/658 2453/1340/658 
f 2447/1334/658 2451/1338/658 2453/1340/658 
f 2443/1330/658 2447/1334/658 2453/1340/658 
f 2440/1327/658 2443/1330/658 2453/1340/658 
f 2470/1496/648 2471/1497/648 2472/1498/648 
f 2468/1499/648 2470/1496/648 2472/1498/648 
f 2473/1500/648 2474/1501/648 2475/1502/648 
f 2472/1498/648 2473/1500/648 2475/1502/648 
f 2468/1499/648 2472/1498/648 2475/1502/648 
f 2468/1499/648 2475/1502/648 2476/1503/648 
f 2477/1504/648 2478/1505/648 2479/1506/648 
f 2476/1503/648 2477/1504/648 2479/1506/648 
f 2468/1499/648 2476/1503/648 2479/1506/648 
f 2469/1425/648 2468/1499/648 2479/1506/648 
f 2469/1425/648 2479/1506/648 2480/1426/648 
s 1
f 2482/868/800 2483/869/800 2484/870/510 
f 2484/870/510 2485/871/510 2482/868/800 
f 2486/872/799 2487/873/799 2483/869/800 
f 2483/869/800 2482/868/800 2486/872/799 
f 2488/874/798 2489/875/798 2487/873/799 
f 2487/873/799 2486/872/799 2488/874/798 
f 2490/876/796 2491/877/796 2489/875/798 
f 2489/875/798 2488/874/798 2490/876/796 
f 2492/878/795 2493/879/1765 2491/877/796 
f 2491/877/796 2490/876/796 2492/878/795 
f 2494/880/794 2495/881/794 2493/879/1765 
f 2493/879/1765 2492/878/795 2494/880/794 
f 2496/882/793 2497/883/793 2495/881/794 
f 2495/881/794 2494/880/794 2496/882/793 
f 2498/884/792 2499/885/792 2497/883/793 
f 2497/883/793 2496/882/793 2498/884/792 
f 2500/886/507 2501/887/507 2499/885/792 
f 2499/885/792 2498/884/792 2500/886/507 
f 2502/888/810 2503/889/810 2501/887/507 
f 2501/887/507 2500/886/507 2502/888/810 
f 2504/890/809 2505/891/809 2503/889/810 
f 2503/889/810 2502/888/810 2504/890/809 
f 2506/892/808 2507/893/808 2505/891/809 
f 2505/891/809 2504/890/809 2506/892/808 
f 2508/894/806 2509/895/807 2507/893/808 
f 2507/893/808 2506/892/808 2508/894/806 
f 2510/896/804 2511/897/805 2509/895/807 
f 2509/895/807 2508/894/806 2510/896/804 
f 2512/898/803 2513/899/803 2511/897/805 
f 2511/897/805 2510/896/804 2512/898/803 
f 2514/900/802 2515/901/802 2513/899/803 
f 2513/899/803 2512/898/803 2514/900/802 
f 2516/902/801 2517/903/801 2515/904/802 
f 2515/904/802 2514/905/802 2516/902/801 
f 2485/871/510 2484/870/510 2517/903/801 
f 2517/903/801 2516/902/801 2485/871/510 
s 2
f 2518/906/1585 2519/907/800 2520/908/510 
f 2520/908/510 2521/909/1586 2518/906/1585 
f 2522/910/1587 2523/911/799 2519/907/800 
f 2519/907/800 2518/906/1585 2522/910/1587 
f 2524/912/1588 2525/913/798 2523/911/799 
f 2523/911/799 2522/910/1587 2524/912/1588 
f 2526/914/1589 2527/915/796 2525/913/798 
f 2525/913/798 2524/912/1588 2526/914/1589 
f 2528/916/1590 2529/917/795 2527/915/796 
f 2527/915/796 2526/914/1589 2528/916/1590 
f 2530/918/1591 2531/919/794 2529/917/795 
f 2529/917/795 2528/916/1590 2530/918/1591 
f 2532/920/1592 2533/921/793 2531/919/794 
f 2531/919/794 2530/918/1591 2532/920/1592 
f 2534/922/1593 2535/923/792 2533/921/793 
f 2533/921/793 2532/920/1592 2534/922/1593 
f 2536/924/1594 2537/925/507 2535/923/792 
f 2535/923/792 2534/922/1593 2536/924/1594 
f 2538/926/1595 2539/927/810 2537/925/507 
f 2537/925/507 2536/924/1594 2538/926/1595 
f 2540/928/1596 2541/929/809 2539/927/810 
f 2539/927/810 2538/926/1595 2540/928/1596 
f 2542/930/1597 2543/931/808 2541/929/809 
f 2541/929/809 2540/928/1596 2542/930/1597 
f 2544/932/1598 2545/933/806 2543/931/808 
f 2543/931/808 2542/930/1597 2544/932/1598 
f 2546/934/1599 2547/935/804 2545/933/806 
f 2545/933/806 2544/932/1598 2546/934/1599 
f 2548/936/1600 2549/937/803 2547/935/804 
f 2547/935/804 2546/934/1599 2548/936/1600 
f 2550/938/1601 2551/939/802 2549/937/803 
f 2549/937/803 2548/936/1600 2550/938/1601 
f 2552/940/1602 2553/941/801 2551/942/802 
f 2551/942/802 2550/943/1601 2552/940/1602 
f 2521/909/1586 2520/908/510 2553/941/801 
f 2553/941/801 2552/940/1602 2521/909/1586 
f 2484/870/1603 2483/869/1604 2554/944/1605 
f 2554/944/1605 2555/945/1606 2484/870/1603 
f 2517/903/1607 2484/870/1603 2555/945/1606 
f 2555/945/1606 2556/946/1608 2517/903/1607 
f 2557/947/1609 2515/904/1610 2517/903/1607 
f 2517/903/1607 2556/946/1608 2557/947/1609 
f 2558/948/1611 2513/899/1612 2515/901/1610 
f 2515/901/1610 2557/949/1609 2558/948/1611 
f 2559/950/1613 2511/897/1614 2513/899/1612 
f 2513/899/1612 2558/948/1611 2559/950/1613 
f 2560/951/1615 2509/895/1616 2511/897/1614 
f 2511/897/1614 2559/950/1613 2560/951/1615 
f 2561/952/1617 2507/893/1618 2509/895/1616 
f 2509/895/1616 2560/951/1615 2561/952/1617 
f 2562/953/1619 2505/891/1620 2507/893/1618 
f 2507/893/1618 2561/952/1617 2562/953/1619 
f 2563/954/1621 2503/889/1622 2505/891/1620 
f 2505/891/1620 2562/953/1619 2563/954/1621 
f 2564/955/1623 2501/887/1624 2503/889/1622 
f 2503/889/1622 2563/954/1621 2564/955/1623 
f 2565/956/1625 2499/885/1626 2501/887/1624 
f 2501/887/1624 2564/955/1623 2565/956/1625 
f 2566/957/1627 2497/883/1628 2499/885/1626 
f 2499/885/1626 2565/956/1625 2566/957/1627 
f 2567/958/1629 2495/881/1630 2497/883/1628 
f 2497/883/1628 2566/957/1627 2567/958/1629 
f 2568/959/1631 2493/879/1632 2495/881/1630 
f 2495/881/1630 2567/958/1629 2568/959/1631 
f 2569/960/1633 2491/877/1634 2493/879/1632 
f 2493/879/1632 2568/959/1631 2569/960/1633 
f 2570/961/1635 2489/875/1636 2491/877/1634 
f 2491/877/1634 2569/960/1633 2570/961/1635 
f 2571/962/1637 2487/873/1638 2489/875/1636 
f 2489/875/1636 2570/961/1635 2571/962/1637 
f 2554/944/1605 2483/869/1604 2487/873/1638 
f 2487/873/1638 2571/962/1637 2554/944/1605 
f 2555/945/1606 2554/944/1605 2572/963/1639 
f 2572/963/1639 2573/964/1640 2555/945/1606 
f 2573/964/1640 2572/963/1639 2518/906/1585 
f 2518/906/1585 2521/909/1586 2573/964/1640 
f 2554/944/1605 2571/962/1637 2574/965/1641 
f 2574/965/1641 2572/963/1639 2554/944/1605 
f 2572/963/1639 2574/965/1641 2522/910/1587 
f 2522/910/1587 2518/906/1585 2572/963/1639 
f 2571/962/1637 2570/961/1635 2575/966/1642 
f 2575/966/1642 2574/965/1641 2571/962/1637 
f 2574/965/1641 2575/966/1642 2524/912/1588 
f 2524/912/1588 2522/910/1587 2574/965/1641 
f 2570/961/1635 2569/960/1633 2576/967/1643 
f 2576/967/1643 2575/966/1642 2570/961/1635 
f 2575/966/1642 2576/967/1643 2526/914/1589 
f 2526/914/1589 2524/912/1588 2575/966/1642 
f 2569/960/1633 2568/959/1631 2577/968/1644 
f 2577/968/1644 2576/967/1643 2569/960/1633 
f 2576/967/1643 2577/968/1644 2528/916/1590 
f 2528/916/1590 2526/914/1589 2576/967/1643 
f 2568/959/1631 2567/958/1629 2578/969/1645 
f 2578/969/1645 2577/968/1644 2568/959/1631 
f 2577/968/1644 2578/969/1645 2530/918/1591 
f 2530/918/1591 2528/916/1590 2577/968/1644 
f 2567/958/1629 2566/957/1627 2579/970/1646 
f 2579/970/1646 2578/969/1645 2567/958/1629 
f 2578/969/1645 2579/970/1646 2532/920/1592 
f 2532/920/1592 2530/918/1591 2578/969/1645 
f 2566/957/1627 2565/956/1625 2580/971/1647 
f 2580/971/1647 2579/970/1646 2566/957/1627 
f 2579/970/1646 2580/971/1647 2534/922/1593 
f 2534/922/1593 2532/920/1592 2579/970/1646 
f 2565/956/1625 2564/955/1623 2581/972/1648 
f 2581/972/1648 2580/971/1647 2565/956/1625 
f 2580/971/1647 2581/972/1648 2536/924/1594 
f 2536/924/1594 2534/922/1593 2580/971/1647 
f 2564/955/1623 2563/954/1621 2582/973/1649 
f 2582/973/1649 2581/972/1648 2564/955/1623 
f 2581/972/1648 2582/973/1649 2538/926/1595 
f 2538/926/1595 2536/924/1594 2581/972/1648 
f 2563/954/1621 2562/953/1619 2583/974/1650 
f 2583/974/1650 2582/973/1649 2563/954/1621 
f 2582/973/1649 2583/974/1650 2540/928/1596 
f 2540/928/1596 2538/926/1595 2582/973/1649 
f 2562/953/1619 2561/952/1617 2584/975/1651 
f 2584/975/1651 2583/974/1650 2562/953/1619 
f 2583/974/1650 2584/975/1651 2542/930/1597 
f 2542/930/1597 2540/928/1596 2583/974/1650 
f 2561/952/1617 2560/951/1615 2585/976/1652 
f 2585/976/1652 2584/975/1651 2561/952/1617 
f 2584/975/1651 2585/976/1652 2544/932/1598 
f 2544/932/1598 2542/930/1597 2584/975/1651 
f 2560/951/1615 2559/950/1613 2586/977/1653 
f 2586/977/1653 2585/976/1652 2560/951/1615 
f 2585/976/1652 2586/977/1653 2546/934/1599 
f 2546/934/1599 2544/932/1598 2585/976/1652 
f 2559/950/1613 2558/948/1611 2587/978/1654 
f 2587/978/1654 2586/977/1653 2559/950/1613 
f 2586/977/1653 2587/978/1654 2548/936/1600 
f 2548/936/1600 2546/934/1599 2586/977/1653 
f 2558/948/1611 2557/949/1609 2588/979/1655 
f 2588/979/1655 2587/978/1654 2558/948/1611 
f 2587/978/1654 2588/979/1655 2550/938/1601 
f 2550/938/1601 2548/936/1600 2587/978/1654 
f 2557/947/1609 2556/946/1608 2589/980/1656 
f 2589/980/1656 2588/981/1655 2557/947/1609 
f 2588/981/1655 2589/980/1656 2552/940/1602 
f 2552/940/1602 2550/943/1601 2588/981/1655 
f 2556/946/1608 2555/945/1606 2573/964/1640 
f 2573/964/1640 2589/980/1656 2556/946/1608 
f 2589/980/1656 2573/964/1640 2521/909/1586 
f 2521/909/1586 2552/940/1602 2589/980/1656 
s 1
f 2590/982/658 2520/908/658 2519/907/658 
f 2519/907/658 2591/983/658 2590/982/658 
f 2591/983/658 2519/907/658 2523/911/658 
f 2523/911/658 2592/984/658 2591/983/658 
f 2592/984/658 2523/911/658 2525/913/658 
f 2525/913/658 2593/985/658 2592/984/658 
f 2593/985/658 2525/913/658 2527/915/658 
f 2527/915/658 2594/986/658 2593/985/658 
f 2594/986/658 2527/915/658 2529/917/658 
f 2529/917/658 2595/987/658 2594/986/658 
f 2595/987/658 2529/917/658 2531/919/658 
f 2531/919/658 2596/988/658 2595/987/658 
f 2596/988/658 2531/919/658 2533/921/658 
f 2533/921/658 2597/989/658 2596/988/658 
f 2597/989/658 2533/921/658 2535/923/658 
f 2535/923/658 2598/990/658 2597/989/658 
f 2598/990/658 2535/923/658 2537/925/658 
f 2537/925/658 2599/991/658 2598/990/658 
f 2599/991/658 2537/925/658 2539/927/658 
f 2539/927/658 2600/992/658 2599/991/658 
f 2600/992/658 2539/927/658 2541/929/658 
f 2541/929/658 2601/993/658 2600/992/658 
f 2601/993/658 2541/929/658 2543/931/658 
f 2543/931/658 2602/994/658 2601/993/658 
f 2602/994/658 2543/931/658 2545/933/658 
f 2545/933/658 2603/995/658 2602/994/658 
f 2603/995/658 2545/933/658 2547/935/658 
f 2547/935/658 2604/996/658 2603/995/658 
f 2604/996/658 2547/935/658 2549/937/658 
f 2549/937/658 2605/997/658 2604/996/658 
f 2605/997/658 2549/937/658 2551/939/658 
f 2551/939/658 2606/998/658 2605/997/658 
f 2606/999/658 2551/942/658 2553/941/658 
f 2553/941/658 2607/1000/658 2606/999/658 
f 2607/1000/658 2553/941/658 2520/908/658 
f 2520/908/658 2590/982/658 2607/1000/658 
s 2
f 2591/983/810 2608/1001/810 2609/1002/507 
f 2609/1002/507 2590/982/507 2591/983/810 
f 2592/984/809 2610/1003/809 2608/1001/810 
f 2608/1001/810 2591/983/810 2592/984/809 
f 2593/985/808 2611/1004/808 2610/1003/809 
f 2610/1003/809 2592/984/809 2593/985/808 
f 2594/986/806 2612/1005/806 2611/1004/808 
f 2611/1004/808 2593/985/808 2594/986/806 
f 2595/987/804 2613/1006/804 2612/1005/806 
f 2612/1005/806 2594/986/806 2595/987/804 
f 2596/988/803 2614/1007/803 2613/1006/804 
f 2613/1006/804 2595/987/804 2596/988/803 
f 2597/989/802 2615/1008/802 2614/1007/803 
f 2614/1007/803 2596/988/803 2597/989/802 
f 2598/990/801 2616/1009/801 2615/1008/802 
f 2615/1008/802 2597/989/802 2598/990/801 
f 2599/991/510 2617/1010/510 2616/1009/801 
f 2616/1009/801 2598/990/801 2599/991/510 
f 2600/992/800 2618/1011/800 2617/1010/510 
f 2617/1010/510 2599/991/510 2600/992/800 
f 2601/993/799 2619/1012/799 2618/1011/800 
f 2618/1011/800 2600/992/800 2601/993/799 
f 2602/994/798 2620/1013/798 2619/1012/799 
f 2619/1012/799 2601/993/799 2602/994/798 
f 2603/995/796 2621/1014/796 2620/1013/798 
f 2620/1013/798 2602/994/798 2603/995/796 
f 2604/996/795 2622/1015/795 2621/1014/796 
f 2621/1014/796 2603/995/796 2604/996/795 
f 2605/997/794 2623/1016/794 2622/1015/795 
f 2622/1015/795 2604/996/795 2605/997/794 
f 2606/998/793 2624/1017/793 2623/1016/794 
f 2623/1016/794 2605/997/794 2606/998/793 
f 2607/1000/792 2625/1018/792 2624/1019/793 
f 2624/1019/793 2606/999/793 2607/1000/792 
f 2590/982/507 2609/1002/507 2625/1018/792 
f 2625/1018/792 2607/1000/792 2590/982/507 
s 1
f 2626/1020/1580 2627/1021/886 2628/1022/886 
f 2628/1022/886 2629/1023/1580 2626/1020/1580 
f 2630/1024/885 2626/1020/1580 2629/1023/1580 
f 2629/1023/1580 2631/1025/885 2630/1024/885 
f 2632/1026/512 2630/1024/885 2631/1025/885 
f 2631/1025/885 2633/1027/512 2632/1026/512 
f 2634/1028/884 2632/1026/512 2633/1027/512 
f 2633/1027/512 2635/1029/884 2634/1028/884 
f 2636/1030/793 2634/1028/884 2635/1029/884 
f 2635/1029/884 2637/1031/793 2636/1030/793 
f 2638/1032/883 2636/1030/793 2637/1031/793 
f 2637/1031/793 2639/1033/883 2638/1032/883 
f 2640/1034/890 2638/1032/883 2639/1033/883 
f 2639/1033/883 2641/1035/890 2640/1034/890 
f 2642/1036/809 2640/1034/890 2641/1035/890 
f 2641/1035/890 2643/1037/809 2642/1036/809 
f 2644/1038/889 2642/1036/809 2643/1037/809 
f 2643/1037/809 2645/1039/889 2644/1038/889 
f 2646/1040/508 2644/1038/889 2645/1039/889 
f 2645/1039/889 2647/1041/508 2646/1040/508 
f 2648/1042/888 2646/1040/508 2647/1041/508 
f 2647/1041/508 2649/1043/888 2648/1042/888 
f 2650/1044/1581 2648/1042/888 2649/1043/888 
f 2649/1043/888 2651/1045/1581 2650/1044/1581 
f 2652/1046/887 2650/1044/1581 2651/1045/1581 
f 2651/1045/1581 2653/1047/887 2652/1046/887 
f 2627/1021/886 2652/1046/887 2653/1047/887 
f 2653/1047/887 2628/1022/886 2627/1021/886 
s 2
f 2485/1048/1657 2654/1049/1658 2655/1050/1659 
f 2655/1050/1659 2482/1051/1660 2485/1048/1657 
f 2516/1052/1661 2656/1053/1662 2654/1049/1658 
f 2654/1049/1658 2485/1048/1657 2516/1052/1661 
f 2657/1054/1663 2656/1053/1662 2516/1052/1661 
f 2516/1052/1661 2514/1055/1664 2657/1054/1663 
f 2512/1056/1665 2658/1057/1666 2657/1054/1663 
f 2657/1054/1663 2514/1055/1664 2512/1056/1665 
f 2510/1058/1667 2659/1059/1668 2658/1057/1666 
f 2658/1057/1666 2512/1056/1665 2510/1058/1667 
f 2508/1060/1669 2660/1061/1670 2659/1059/1668 
f 2659/1059/1668 2510/1058/1667 2508/1060/1669 
f 2506/1062/1671 2661/1063/1672 2660/1061/1670 
f 2660/1061/1670 2508/1060/1669 2506/1062/1671 
f 2504/1064/1673 2662/1065/1674 2661/1063/1672 
f 2661/1063/1672 2506/1062/1671 2504/1064/1673 
f 2502/1066/1675 2663/1067/1676 2662/1065/1674 
f 2662/1065/1674 2504/1064/1673 2502/1066/1675 
f 2500/1068/1677 2664/1069/1678 2663/1067/1676 
f 2663/1067/1676 2502/1066/1675 2500/1068/1677 
f 2500/1068/1677 2498/1070/1679 2665/1071/1680 
f 2665/1071/1680 2664/1069/1678 2500/1068/1677 
f 2496/1072/1681 2666/1073/1682 2665/1071/1680 
f 2665/1071/1680 2498/1070/1679 2496/1072/1681 
f 2494/1074/1683 2667/1075/1684 2666/1073/1682 
f 2666/1073/1682 2496/1072/1681 2494/1074/1683 
f 2492/1076/1685 2668/1077/1686 2667/1075/1684 
f 2667/1075/1684 2494/1074/1683 2492/1076/1685 
f 2490/1078/1687 2669/1079/1688 2668/1077/1686 
f 2668/1077/1686 2492/1076/1685 2490/1078/1687 
f 2488/1080/1689 2670/1081/1690 2669/1079/1688 
f 2669/1079/1688 2490/1078/1687 2488/1080/1689 
f 2486/1082/1691 2671/1083/1692 2670/1081/1690 
f 2670/1081/1690 2488/1080/1689 2486/1082/1691 
f 2482/1051/1660 2655/1050/1659 2671/1083/1692 
f 2671/1083/1692 2486/1082/1691 2482/1051/1660 
s 4
f 2609/1084/658 2608/1085/658 2672/1086/658 
f 2672/1086/658 2673/1087/658 2609/1084/658 
f 2608/1085/658 2610/1088/658 2674/1089/658 
f 2674/1089/658 2672/1086/658 2608/1085/658 
f 2628/1022/658 2675/1090/658 2676/1091/658 
f 2676/1091/658 2629/1023/658 2628/1022/658 
f 2677/1092/658 2675/1090/658 2628/1022/658 
f 2628/1022/658 2653/1047/658 2677/1092/658 
f 2653/1047/658 2651/1045/658 2678/1093/658 
f 2678/1093/658 2677/1092/658 2653/1047/658 
f 2651/1045/658 2649/1043/658 2679/1094/658 
f 2679/1094/658 2680/1095/658 2651/1045/658 
f 2651/1045/658 2680/1095/658 2678/1093/658 
f 2679/1094/658 2623/1096/658 2624/1097/658 
f 2624/1097/658 2681/1098/658 2679/1094/658 
f 2679/1094/658 2681/1098/658 2680/1095/658 
f 2625/1099/658 2682/1100/658 2681/1098/658 
f 2681/1098/658 2624/1097/658 2625/1099/658 
f 2609/1084/658 2673/1087/658 2682/1100/658 
f 2682/1100/658 2625/1099/658 2609/1084/658 
f 2612/1101/658 2683/1102/658 2684/1103/658 
f 2684/1103/658 2611/1104/658 2612/1101/658 
f 2613/1105/658 2685/1106/658 2683/1102/658 
f 2683/1102/658 2612/1101/658 2613/1105/658 
f 2613/1105/658 2614/1107/658 2686/1108/658 
f 2686/1108/658 2685/1106/658 2613/1105/658 
f 2687/1109/658 2686/1108/658 2614/1107/658 
f 2614/1107/658 2615/1110/658 2687/1109/658 
f 2687/1109/658 2615/1110/658 2688/1111/658 
f 2688/1111/658 2637/1031/658 2635/1029/658 
f 2635/1029/658 2687/1109/658 2688/1111/658 
f 2687/1109/658 2635/1029/658 2689/1112/658 
f 2635/1029/658 2633/1027/658 2690/1113/658 
f 2690/1113/658 2689/1112/658 2635/1029/658 
f 2631/1025/658 2691/1114/658 2690/1113/658 
f 2690/1113/658 2633/1027/658 2631/1025/658 
f 2616/1115/658 2692/1116/658 2693/1117/658 
f 2693/1117/658 2615/1110/658 2616/1115/658 
f 2617/1118/658 2694/1119/658 2692/1116/658 
f 2692/1116/658 2616/1115/658 2617/1118/658 
f 2617/1118/658 2618/1120/658 2695/1121/658 
f 2695/1121/658 2694/1119/658 2617/1118/658 
f 2618/1120/658 2619/1122/658 2696/1123/658 
f 2696/1123/658 2695/1121/658 2618/1120/658 
f 2641/1035/658 2697/1124/658 2698/1125/658 
f 2698/1125/658 2643/1037/658 2641/1035/658 
f 2639/1033/658 2699/1126/658 2697/1124/658 
f 2697/1124/658 2641/1035/658 2639/1033/658 
f 2639/1033/658 2637/1031/658 2700/1127/658 
f 2700/1127/658 2699/1126/658 2639/1033/658 
f 2688/1111/658 2701/1128/658 2700/1127/658 
f 2700/1127/658 2637/1031/658 2688/1111/658 
f 2688/1111/658 2615/1110/658 2693/1117/658 
f 2693/1117/658 2701/1128/658 2688/1111/658 
f 2621/1129/658 2702/1130/658 2703/1131/658 
f 2703/1131/658 2620/1132/658 2621/1129/658 
f 2622/1133/658 2704/1134/658 2702/1130/658 
f 2702/1130/658 2621/1129/658 2622/1133/658 
f 2622/1133/658 2623/1096/658 2705/1135/658 
f 2705/1135/658 2704/1134/658 2622/1133/658 
f 2679/1094/658 2706/1136/658 2705/1135/658 
f 2705/1135/658 2623/1096/658 2679/1094/658 
f 2679/1094/658 2649/1043/658 2707/1137/658 
f 2707/1137/658 2706/1136/658 2679/1094/658 
f 2649/1043/658 2647/1041/658 2708/1138/658 
f 2708/1138/658 2707/1137/658 2649/1043/658 
f 2645/1039/658 2709/1139/658 2708/1138/658 
f 2708/1138/658 2647/1041/658 2645/1039/658 
s 1
f 2710/1140/658 2711/1141/658 2712/1142/658 
f 2712/1142/658 2713/1143/658 2710/1140/658 
f 2710/1140/658 2713/1143/658 2714/1144/658 
f 2714/1144/658 2715/1145/658 2710/1140/658 
f 2715/1145/658 2714/1144/658 2716/1146/658 
f 2716/1146/658 2717/1147/658 2715/1145/658 
f 2717/1147/658 2716/1146/658 2718/1148/658 
f 2718/1148/658 2719/1149/658 2717/1147/658 
f 2719/1149/658 2718/1148/658 2720/1150/658 
f 2720/1150/658 2721/1151/658 2719/1149/658 
f 2722/1152/658 2723/1153/658 2721/1151/658 
f 2721/1151/658 2720/1150/658 2722/1152/658 
f 2724/1154/658 2723/1153/658 2722/1152/658 
f 2722/1152/658 2725/1155/658 2724/1154/658 
f 2726/1156/658 2724/1154/658 2725/1155/658 
f 2725/1155/658 2727/1157/658 2726/1156/658 
f 2728/1158/658 2726/1156/658 2727/1157/658 
f 2727/1157/658 2729/1159/658 2728/1158/658 
f 2730/1160/658 2728/1158/658 2729/1159/658 
f 2729/1159/658 2731/1161/658 2730/1160/658 
f 2730/1160/658 2731/1161/658 2712/1142/658 
f 2712/1142/658 2711/1141/658 2730/1160/658 
f 2732/1162/658 2733/1163/658 2734/1164/658 
f 2734/1164/658 2735/1165/658 2732/1162/658 
f 2735/1165/658 2734/1164/658 2736/1166/658 
f 2736/1166/658 2737/1167/658 2735/1165/658 
f 2738/1168/658 2737/1167/658 2736/1166/658 
f 2736/1166/658 2739/1169/658 2738/1168/658 
f 2738/1168/658 2739/1169/658 2740/1170/658 
f 2740/1170/658 2741/1171/658 2738/1168/658 
f 2741/1171/658 2740/1170/658 2742/1172/658 
f 2742/1172/658 2743/1173/658 2741/1171/658 
f 2743/1173/658 2742/1172/658 2744/1174/658 
f 2744/1174/658 2745/1175/658 2743/1173/658 
f 2746/1176/658 2745/1175/658 2744/1174/658 
f 2744/1174/658 2747/1177/658 2746/1176/658 
f 2748/1178/658 2746/1176/658 2747/1177/658 
f 2747/1177/658 2749/1179/658 2748/1178/658 
f 2732/1162/658 2748/1178/658 2749/1179/658 
f 2749/1179/658 2733/1163/658 2732/1162/658 
f 2750/1180/658 2751/1181/658 2752/1182/658 
f 2752/1182/658 2753/1183/658 2750/1180/658 
f 2750/1180/658 2753/1183/658 2754/1184/658 
f 2754/1184/658 2755/1185/658 2750/1180/658 
f 2756/1186/658 2755/1185/658 2754/1184/658 
f 2754/1184/658 2757/1187/658 2756/1186/658 
f 2756/1186/658 2757/1187/658 2758/1188/658 
f 2758/1188/658 2759/1189/658 2756/1186/658 
f 2759/1189/658 2758/1188/658 2760/1190/658 
f 2760/1190/658 2761/1191/658 2759/1189/658 
f 2761/1191/658 2760/1190/658 2762/1192/658 
f 2762/1192/658 2763/1193/658 2761/1191/658 
f 2763/1193/658 2762/1192/658 2764/1194/658 
f 2764/1194/658 2765/1195/658 2763/1193/658 
f 2766/1196/658 2767/1197/658 2765/1195/658 
f 2765/1195/658 2764/1194/658 2766/1196/658 
f 2768/1198/658 2767/1197/658 2766/1196/658 
f 2766/1196/658 2769/1199/658 2768/1198/658 
f 2770/1200/658 2768/1198/658 2769/1199/658 
f 2769/1199/658 2771/1201/658 2770/1200/658 
f 2751/1181/658 2770/1200/658 2771/1201/658 
f 2771/1201/658 2752/1182/658 2751/1181/658 
f 2772/1202/658 2773/1203/658 2774/1204/658 
f 2774/1204/658 2775/1205/658 2772/1202/658 
f 2775/1205/658 2774/1204/658 2776/1206/658 
f 2776/1206/658 2777/1207/658 2775/1205/658 
f 2778/1208/658 2777/1207/658 2776/1206/658 
f 2776/1206/658 2779/1209/658 2778/1208/658 
f 2778/1208/658 2779/1209/658 2780/1210/658 
f 2780/1210/658 2781/1211/658 2778/1208/658 
f 2781/1211/658 2780/1210/658 2782/1212/658 
f 2782/1212/658 2783/1213/658 2781/1211/658 
f 2783/1213/658 2782/1212/658 2784/1214/658 
f 2784/1214/658 2785/1215/658 2783/1213/658 
f 2784/1214/658 2786/1216/658 2787/1217/658 
f 2787/1217/658 2785/1215/658 2784/1214/658 
f 2788/1218/658 2787/1217/658 2786/1216/658 
f 2786/1216/658 2789/1219/658 2788/1218/658 
f 2772/1202/658 2788/1218/658 2789/1219/658 
f 2789/1219/658 2773/1203/658 2772/1202/658 
s 2
f 2672/1086/940 2713/1143/940 2712/1142/510 
f 2712/1142/510 2673/1087/510 2672/1086/940 
s 8
f 2674/1089/941 2714/1144/941 2713/1143/942 
f 2713/1143/942 2672/1086/942 2674/1089/941 
f 2790/1220/943 2716/1146/943 2714/1144/941 
f 2714/1144/941 2674/1089/941 2790/1220/943 
f 2676/1091/944 2718/1148/944 2716/1146/943 
f 2716/1146/943 2790/1220/943 2676/1091/944 
f 2675/1090/946 2720/1150/946 2718/1148/944 
f 2718/1148/944 2676/1091/944 2675/1090/946 
f 2677/1092/947 2722/1152/947 2720/1150/946 
f 2720/1150/946 2675/1090/946 2677/1092/947 
f 2678/1093/949 2725/1155/949 2722/1152/947 
f 2722/1152/947 2677/1092/947 2678/1093/949 
f 2680/1095/950 2727/1157/950 2725/1155/949 
f 2725/1155/949 2678/1093/949 2680/1095/950 
f 2681/1098/951 2729/1159/951 2727/1157/950 
f 2727/1157/950 2680/1095/950 2681/1098/951 
f 2682/1100/952 2731/1161/952 2729/1159/951 
f 2729/1159/951 2681/1098/951 2682/1100/952 
s 2
f 2673/1087/510 2712/1142/510 2731/1161/939 
f 2731/1161/939 2682/1100/939 2673/1087/510 
s 4
f 2791/1221/507 2711/1222/507 2710/1223/938 
f 2710/1223/938 2792/1224/938 2791/1221/507 
f 2730/1225/927 2711/1222/507 2791/1221/507 
f 2791/1221/507 2793/1226/927 2730/1225/927 
s 8
f 2728/1227/928 2730/1225/929 2793/1226/929 
f 2793/1226/929 2794/1228/928 2728/1227/928 
f 2795/1229/930 2726/1230/930 2728/1227/928 
f 2728/1227/928 2794/1228/928 2795/1229/930 
f 2796/1231/931 2724/1232/931 2726/1230/930 
f 2726/1230/930 2795/1229/930 2796/1231/931 
f 2797/1233/1693 2723/1234/932 2724/1232/931 
f 2724/1232/931 2796/1231/931 2797/1233/1693 
f 2721/1235/933 2723/1234/932 2797/1233/1693 
f 2797/1233/1693 2798/1236/1694 2721/1235/933 
f 2798/1236/1694 2797/1233/1693 2799/1237/648 
f 2800/1238/1766 2719/1239/1766 2721/1235/933 
f 2721/1235/933 2798/1236/1694 2800/1238/1766 
f 2801/1240/935 2717/1241/935 2719/1239/1766 
f 2719/1239/1766 2800/1238/1766 2801/1240/935 
f 2802/1242/936 2715/1243/936 2717/1241/935 
f 2717/1241/935 2801/1240/935 2802/1242/936 
f 2792/1244/937 2710/1245/937 2715/1243/936 
f 2715/1243/936 2802/1242/936 2792/1244/937 
s 2
f 2683/1102/955 2734/1164/955 2733/1163/956 
f 2733/1163/956 2684/1103/956 2683/1102/955 
f 2685/1106/953 2736/1166/953 2734/1164/955 
f 2734/1164/955 2683/1102/955 2685/1106/953 
f 2686/1108/954 2739/1169/954 2736/1166/953 
f 2736/1166/953 2685/1106/953 2686/1108/954 
s 8
f 2687/1109/961 2740/1170/961 2739/1169/962 
f 2739/1169/962 2686/1108/962 2687/1109/961 
f 2689/1112/960 2742/1172/960 2740/1170/961 
f 2740/1170/961 2687/1109/961 2689/1112/960 
f 2690/1113/508 2744/1174/508 2742/1172/960 
f 2742/1172/960 2689/1112/960 2690/1113/508 
f 2691/1114/959 2747/1177/959 2744/1174/508 
f 2744/1174/508 2690/1113/508 2691/1114/959 
f 2803/1246/957 2749/1179/957 2747/1177/959 
f 2747/1177/959 2691/1114/959 2803/1246/957 
f 2684/1103/958 2733/1163/958 2749/1179/957 
f 2749/1179/957 2803/1246/957 2684/1103/958 
s 4
f 2804/1247/972 2732/1248/972 2735/1249/1767 
f 2735/1249/1767 2805/1250/1767 2804/1247/972 
s 8
f 2748/1251/969 2732/1252/970 2804/1253/970 
f 2804/1253/970 2806/1254/969 2748/1251/969 
f 2746/1255/968 2748/1251/969 2806/1254/969 
f 2806/1254/969 2807/1256/968 2746/1255/968 
f 2808/1257/512 2745/1258/512 2746/1255/968 
f 2746/1255/968 2807/1256/968 2808/1257/512 
f 2809/1259/967 2743/1260/967 2745/1258/512 
f 2745/1258/512 2808/1257/512 2809/1259/967 
f 2810/1261/965 2741/1262/965 2743/1260/967 
f 2743/1260/967 2809/1259/967 2810/1261/965 
f 2811/1263/966 2738/1264/966 2741/1262/965 
f 2741/1262/965 2810/1261/965 2811/1263/966 
s 4
f 2812/1265/964 2737/1266/964 2738/1264/963 
f 2738/1264/963 2811/1263/963 2812/1265/964 
f 2805/1250/1767 2735/1249/1767 2737/1266/964 
f 2737/1266/964 2812/1265/964 2805/1250/1767 
s 2
f 2692/1116/929 2753/1183/1768 2752/1182/928 
f 2752/1182/928 2693/1117/928 2692/1116/929 
s 8
f 2694/1119/507 2754/1184/507 2753/1183/975 
f 2753/1183/975 2692/1116/975 2694/1119/507 
f 2695/1121/976 2757/1187/976 2754/1184/507 
f 2754/1184/507 2694/1119/507 2695/1121/976 
s 2
f 2696/1123/936 2758/1188/936 2757/1187/1769 
f 2757/1187/1769 2695/1121/1769 2696/1123/936 
f 2813/1267/935 2760/1190/935 2758/1188/936 
f 2758/1188/936 2696/1123/936 2813/1267/935 
f 2698/1125/934 2762/1192/934 2760/1190/935 
f 2760/1190/935 2813/1267/935 2698/1125/934 
f 2697/1124/933 2764/1194/933 2762/1192/934 
f 2762/1192/934 2698/1125/934 2697/1124/933 
f 2699/1126/932 2766/1196/932 2764/1194/933 
f 2764/1194/933 2697/1124/933 2699/1126/932 
f 2700/1127/931 2769/1199/931 2766/1196/932 
f 2766/1196/932 2699/1126/932 2700/1127/931 
f 2701/1128/930 2771/1201/930 2769/1199/931 
f 2769/1199/931 2700/1127/931 2701/1128/930 
f 2693/1117/928 2752/1182/928 2771/1201/930 
f 2771/1201/930 2701/1128/930 2693/1117/928 
s 4
f 2814/1268/951 2751/1269/951 2750/1270/952 
f 2750/1270/952 2815/1271/952 2814/1268/951 
f 2770/1272/950 2751/1269/951 2814/1268/951 
f 2814/1268/951 2816/1273/950 2770/1272/950 
f 2768/1274/949 2770/1272/950 2816/1273/950 
f 2816/1273/950 2817/1275/949 2768/1274/949 
f 2818/1276/947 2767/1277/947 2817/1278/949 
f 2817/1278/949 2817/1278/507 2818/1276/947 
f 2817/1278/949 2767/1277/947 2768/1279/949 
f 2765/1280/946 2767/1277/947 2818/1276/947 
f 2818/1276/947 2819/1281/946 2765/1280/946 
f 2820/1282/944 2763/1283/944 2765/1280/946 
f 2765/1280/946 2819/1281/946 2820/1282/944 
f 2821/1284/943 2761/1285/943 2763/1283/944 
f 2763/1283/944 2820/1282/944 2821/1284/943 
f 2822/1286/941 2759/1287/941 2761/1285/943 
f 2761/1285/943 2821/1284/943 2822/1286/941 
f 2823/1288/942 2756/1289/942 2759/1287/941 
f 2759/1287/941 2822/1286/941 2823/1288/942 
s 8
f 2824/1290/510 2755/1291/510 2756/1289/973 
f 2756/1289/973 2823/1288/973 2824/1290/510 
f 2815/1271/974 2750/1270/974 2755/1291/510 
f 2755/1291/510 2824/1290/510 2815/1271/974 
s 2
f 2702/1130/971 2774/1204/971 2773/1203/972 
f 2773/1203/972 2703/1131/972 2702/1130/971 
f 2704/1134/964 2776/1206/964 2774/1204/971 
f 2774/1204/971 2702/1130/971 2704/1134/964 
f 2705/1135/963 2779/1209/963 2776/1206/964 
f 2776/1206/964 2704/1134/964 2705/1135/963 
s 8
f 2706/1136/965 2780/1210/965 2779/1209/966 
f 2779/1209/966 2705/1135/966 2706/1136/965 
f 2707/1137/978 2782/1212/978 2780/1210/965 
f 2780/1210/965 2706/1136/965 2707/1137/978 
f 2708/1138/512 2784/1214/512 2782/1212/978 
f 2782/1212/978 2707/1137/978 2708/1138/512 
f 2709/1139/977 2786/1216/977 2784/1214/512 
f 2784/1214/512 2708/1138/512 2709/1139/977 
f 2825/1292/969 2789/1219/969 2786/1216/977 
f 2786/1216/977 2709/1139/977 2825/1292/969 
f 2703/1131/970 2773/1203/970 2789/1219/969 
f 2789/1219/969 2825/1292/969 2703/1131/970 
s 4
f 2826/1293/956 2772/1294/956 2775/1295/955 
f 2775/1295/955 2827/1296/955 2826/1293/956 
s 8
f 2788/1297/957 2772/1294/958 2826/1293/958 
f 2826/1293/958 2828/1298/957 2788/1297/957 
f 2787/1299/980 2788/1297/957 2828/1298/957 
f 2828/1298/957 2829/1300/980 2787/1299/980 
f 2830/1301/508 2785/1302/508 2787/1299/980 
f 2787/1299/980 2829/1300/980 2830/1301/508 
f 2831/1303/979 2783/1304/979 2785/1302/508 
f 2785/1302/508 2830/1301/508 2831/1303/979 
f 2832/1305/961 2781/1306/961 2783/1307/979 
f 2783/1307/979 2831/1308/979 2832/1305/961 
f 2833/1309/962 2778/1310/962 2781/1306/961 
f 2781/1306/961 2832/1305/961 2833/1309/962 
s 4
f 2834/1311/1770 2777/1312/1770 2778/1310/954 
f 2778/1310/954 2833/1309/954 2834/1311/1770 
f 2827/1296/955 2775/1295/955 2777/1312/1770 
f 2777/1312/1770 2834/1311/1770 2827/1296/955 
s 2
f 2626/1020/658 2835/1313/658 2836/1314/658 
f 2836/1314/658 2627/1021/658 2626/1020/658 
f 2630/1024/658 2837/1315/658 2835/1313/658 
f 2835/1313/658 2626/1020/658 2630/1024/658 
f 2632/1026/658 2838/1316/658 2837/1315/658 
f 2837/1315/658 2630/1024/658 2632/1026/658 
f 2632/1026/658 2634/1028/658 2839/1317/658 
f 2839/1317/658 2838/1316/658 2632/1026/658 
f 2636/1030/658 2840/1318/658 2839/1317/658 
f 2839/1317/658 2634/1028/658 2636/1030/658 
f 2638/1032/658 2841/1319/658 2840/1318/658 
f 2840/1318/658 2636/1030/658 2638/1032/658 
f 2842/1320/658 2841/1319/658 2638/1032/658 
f 2638/1032/658 2640/1034/658 2842/1320/658 
f 2642/1036/658 2843/1321/658 2842/1320/658 
f 2842/1320/658 2640/1034/658 2642/1036/658 
f 2644/1038/658 2844/1322/658 2843/1321/658 
f 2843/1321/658 2642/1036/658 2644/1038/658 
f 2646/1040/658 2845/1323/658 2844/1322/658 
f 2844/1322/658 2644/1038/658 2646/1040/658 
f 2646/1040/658 2648/1042/658 2846/1324/658 
f 2846/1324/658 2845/1323/658 2646/1040/658 
f 2650/1044/658 2847/1325/658 2846/1324/658 
f 2846/1324/658 2648/1042/658 2650/1044/658 
f 2652/1046/658 2848/1326/658 2847/1325/658 
f 2847/1325/658 2650/1044/658 2652/1046/658 
f 2627/1021/658 2836/1314/658 2848/1326/658 
f 2848/1326/658 2652/1046/658 2627/1021/658 
s 1
f 2835/1313/1580 2849/1327/1580 2850/1328/886 
f 2850/1328/886 2836/1314/886 2835/1313/1580 
f 2837/1315/885 2851/1329/885 2849/1327/1580 
f 2849/1327/1580 2835/1313/1580 2837/1315/885 
f 2838/1316/512 2852/1330/512 2851/1329/885 
f 2851/1329/885 2837/1315/885 2838/1316/512 
f 2839/1317/884 2853/1331/884 2852/1330/512 
f 2852/1330/512 2838/1316/512 2839/1317/884 
f 2840/1318/1573 2854/1332/1573 2853/1331/884 
f 2853/1331/884 2839/1317/884 2840/1318/1573 
f 2841/1319/883 2855/1333/883 2854/1332/1573 
f 2854/1332/1573 2840/1318/1573 2841/1319/883 
f 2842/1320/890 2856/1334/890 2855/1333/883 
f 2855/1333/883 2841/1319/883 2842/1320/890 
f 2843/1321/1574 2857/1335/1574 2856/1334/890 
f 2856/1334/890 2842/1320/890 2843/1321/1574 
f 2844/1322/889 2858/1336/889 2857/1335/1574 
f 2857/1335/1574 2843/1321/1574 2844/1322/889 
f 2845/1323/508 2859/1337/508 2858/1336/889 
f 2858/1336/889 2844/1322/889 2845/1323/508 
f 2846/1324/888 2860/1338/888 2859/1337/508 
f 2859/1337/508 2845/1323/508 2846/1324/888 
f 2847/1325/802 2861/1339/802 2860/1338/888 
f 2860/1338/888 2846/1324/888 2847/1325/802 
f 2848/1326/887 2862/1340/887 2861/1339/802 
f 2861/1339/802 2847/1325/802 2848/1326/887 
f 2836/1314/886 2850/1328/886 2862/1340/887 
f 2862/1340/887 2848/1326/887 2836/1314/886 
s 2
f 2850/1328/658 2849/1327/658 2862/1340/658 
s 4
f 2803/1246/658 2691/1114/658 2631/1025/658 
f 2631/1025/658 2790/1220/658 2803/1246/658 
f 2676/1091/658 2790/1220/658 2631/1025/658 
f 2631/1025/658 2629/1023/658 2676/1091/658 
f 2790/1220/658 2674/1089/658 2610/1088/658 
f 2610/1088/658 2611/1104/658 2790/1220/658 
f 2611/1104/658 2684/1103/658 2803/1246/658 
f 2803/1246/658 2790/1220/658 2611/1104/658 
f 2825/1292/658 2709/1139/658 2645/1039/658 
f 2645/1039/658 2813/1267/658 2825/1292/658 
f 2698/1125/658 2813/1267/658 2645/1039/658 
f 2645/1039/658 2643/1037/658 2698/1125/658 
f 2813/1267/658 2696/1123/658 2619/1122/658 
f 2619/1122/658 2620/1132/658 2813/1267/658 
f 2620/1132/658 2703/1131/658 2825/1292/658 
f 2825/1292/658 2813/1267/658 2620/1132/658 
s 2
f 2668/1077/1686 2669/1079/1688 2805/1341/1696 
f 2805/1341/1696 2812/1342/1697 2668/1077/1686 
f 2823/1343/1698 2663/1067/1676 2664/1069/1678 
f 2664/1069/1678 2824/1344/1699 2823/1343/1698 
f 2815/1345/1700 2824/1344/1699 2664/1069/1678 
f 2664/1069/1678 2665/1071/1680 2815/1345/1700 
f 2659/1059/1668 2660/1061/1670 2827/1346/1701 
f 2827/1346/1701 2834/1347/1702 2659/1059/1668 
f 2792/1348/1703 2655/1050/1659 2654/1049/1658 
f 2654/1049/1658 2791/1349/1704 2792/1348/1703 
f 2793/1350/1705 2791/1349/1704 2654/1049/1658 
f 2654/1049/1658 2656/1053/1662 2793/1350/1705 
f 2826/1351/1706 2827/1346/1701 2660/1061/1670 
f 2660/1061/1670 2661/1063/1672 2826/1351/1706 
f 2833/1352/1707 2658/1057/1666 2659/1059/1668 
f 2659/1059/1668 2834/1347/1702 2833/1352/1707 
f 2822/1353/1708 2662/1065/1674 2663/1067/1676 
f 2663/1067/1676 2823/1343/1698 2822/1353/1708 
f 2814/1354/1709 2815/1345/1700 2665/1071/1680 
f 2665/1071/1680 2666/1073/1682 2814/1354/1709 
f 2811/1355/1710 2667/1075/1684 2668/1077/1686 
f 2668/1077/1686 2812/1342/1697 2811/1355/1710 
f 2804/1356/1711 2805/1341/1696 2669/1079/1688 
f 2669/1079/1688 2670/1081/1690 2804/1356/1711 
f 2802/1357/1712 2671/1083/1692 2655/1050/1659 
f 2655/1050/1659 2792/1348/1703 2802/1357/1712 
f 2794/1358/1713 2793/1350/1705 2656/1053/1662 
f 2656/1053/1662 2657/1054/1663 2794/1358/1713 
f 2832/1359/1714 2657/1054/1663 2658/1057/1666 
f 2658/1057/1666 2833/1352/1707 2832/1359/1714 
f 2828/1360/1715 2826/1351/1706 2661/1063/1672 
f 2661/1063/1672 2662/1065/1674 2828/1360/1715 
f 2662/1065/1674 2822/1353/1708 2821/1361/1716 
f 2821/1361/1716 2828/1360/1715 2662/1065/1674 
f 2810/1362/1717 2666/1073/1682 2667/1075/1684 
f 2667/1075/1684 2811/1355/1710 2810/1362/1717 
f 2666/1073/1682 2810/1362/1717 2816/1363/1718 
f 2816/1363/1718 2814/1354/1709 2666/1073/1682 
f 2801/1364/1719 2670/1081/1690 2671/1083/1692 
f 2671/1083/1692 2802/1357/1712 2801/1364/1719 
f 2670/1081/1690 2801/1364/1719 2806/1365/1720 
f 2806/1365/1720 2804/1356/1711 2670/1081/1690 
f 2807/1366/1721 2806/1365/1720 2801/1364/1719 
f 2801/1364/1719 2800/1367/1722 2807/1366/1721 
f 2829/1368/1723 2828/1360/1715 2821/1361/1716 
f 2821/1361/1716 2820/1369/1724 2829/1368/1723 
f 2657/1054/1663 2832/1359/1714 2795/1370/1725 
f 2795/1370/1725 2794/1358/1713 2657/1054/1663 
f 2831/1371/1726 2796/1372/1727 2795/1370/1725 
f 2795/1370/1725 2832/1359/1714 2831/1371/1726 
f 2817/1373/648 2816/1363/1718 2809/1374/1728 
f 2809/1374/1728 2817/1373/1729 2817/1373/648 
f 2809/1374/1728 2816/1363/1718 2810/1362/1717 
f 2798/1375/1730 2863/1376/1731 2864/1377/1732 
f 2864/1377/1732 2800/1367/1722 2798/1375/1730 
f 2798/1375/1730 2799/1378/1733 2865/1379/1771 
f 2865/1379/1771 2863/1376/1731 2798/1375/1730 
f 2865/1379/1771 2799/1378/1733 2797/1378/1735 
f 2797/1378/1735 2866/1380/1736 2865/1379/1771 
f 2866/1380/1736 2797/1378/1735 2796/1372/1727 
f 2831/1371/1726 2867/1381/1737 2866/1380/1736 
f 2866/1380/1736 2796/1372/1727 2831/1371/1726 
f 2830/1382/1738 2868/1383/1739 2867/1381/1737 
f 2867/1381/1737 2831/1371/1726 2830/1382/1738 
f 2830/1382/1738 2829/1368/1723 2869/1384/1740 
f 2869/1384/1740 2868/1383/1739 2830/1382/1738 
f 2829/1368/1723 2820/1369/1724 2870/1385/1741 
f 2870/1385/1741 2869/1384/1740 2829/1368/1723 
f 2819/1386/1742 2871/1387/1743 2870/1385/1741 
f 2870/1385/1741 2820/1369/1724 2819/1386/1742 
f 2818/1388/1744 2872/1389/1745 2871/1387/1743 
f 2871/1387/1743 2819/1386/1742 2818/1388/1744 
f 2818/1388/1744 2817/1373/1729 2873/1390/1729 
f 2873/1390/1729 2872/1389/1745 2818/1388/1744 
f 2809/1374/1728 2874/1391/1746 2873/1390/1729 
f 2873/1390/1729 2817/1373/1729 2809/1374/1728 
f 2808/1392/1747 2875/1393/1748 2874/1391/1746 
f 2874/1391/1746 2809/1374/1728 2808/1392/1747 
f 2808/1392/1747 2807/1366/1721 2876/1394/1749 
f 2876/1394/1749 2875/1393/1748 2808/1392/1747 
f 2807/1366/1721 2800/1367/1722 2864/1377/1732 
f 2864/1377/1732 2876/1394/1749 2807/1366/1721 
s 1
f 2863/1395/1750 2877/1396/1750 2878/1397/1772 
f 2878/1397/1772 2864/1398/1772 2863/1395/1750 
f 2865/1399/1773 2879/1400/1773 2877/1396/1750 
f 2877/1396/1750 2863/1395/1750 2865/1399/1773 
f 2866/1401/1752 2880/1402/1752 2879/1400/1773 
f 2879/1400/1773 2865/1399/1773 2866/1401/1752 
s 4
f 2867/1403/1753 2881/1404/1753 2880/1402/1753 
f 2880/1402/1753 2866/1401/1753 2867/1403/1753 
s 1
f 2868/1405/1754 2882/1406/1754 2881/1404/1755 
f 2881/1404/1755 2867/1403/1755 2868/1405/1754 
f 2869/1407/1756 2883/1408/1756 2882/1406/1754 
f 2882/1406/1754 2868/1405/1754 2869/1407/1756 
s 4
f 2870/1409/1757 2884/1410/1757 2883/1408/1757 
f 2883/1408/1757 2869/1407/1757 2870/1409/1757 
s 1
f 2871/1411/946 2885/1412/946 2884/1410/1774 
f 2884/1410/1774 2870/1409/1774 2871/1411/946 
f 2872/1413/947 2886/1414/947 2885/1412/946 
f 2885/1412/946 2871/1411/946 2872/1413/947 
f 2873/1415/1775 2887/1416/1775 2886/1414/947 
f 2886/1414/947 2872/1413/947 2873/1415/1775 
s 4
f 2874/1417/1760 2888/1418/1760 2887/1416/1760 
f 2887/1416/1760 2873/1415/1760 2874/1417/1760 
s 1
f 2875/1419/1761 2889/1420/1761 2888/1421/1762 
f 2888/1421/1762 2874/1422/1762 2875/1419/1761 
f 2876/1423/1763 2890/1424/1763 2889/1420/1761 
f 2889/1420/1761 2875/1419/1761 2876/1423/1763 
s 4
f 2864/1398/1764 2878/1397/1764 2890/1424/1764 
f 2890/1424/1764 2876/1423/1764 2864/1398/1764 
s 2
f 2878/1425/648 2889/1426/648 2890/1427/648 
f 2849/1327/658 2851/1329/658 2852/1330/658 
f 2852/1330/658 2853/1331/658 2854/1332/658 
f 2854/1332/658 2855/1333/658 2856/1334/658 
f 2852/1330/658 2854/1332/658 2856/1334/658 
f 2856/1334/658 2857/1335/658 2858/1336/658 
f 2858/1336/658 2859/1337/658 2860/1338/658 
f 2856/1334/658 2858/1336/658 2860/1338/658 
f 2860/1338/658 2861/1339/658 2862/1340/658 
f 2856/1334/658 2860/1338/658 2862/1340/658 
f 2852/1330/658 2856/1334/658 2862/1340/658 
f 2849/1327/658 2852/1330/658 2862/1340/658 
f 2879/1496/648 2880/1497/648 2881/1498/648 
f 2877/1499/648 2879/1496/648 2881/1498/648 
f 2882/1500/648 2883/1501/648 2884/1502/648 
f 2881/1498/648 2882/1500/648 2884/1502/648 
f 2877/1499/648 2881/1498/648 2884/1502/648 
f 2877/1499/648 2884/1502/648 2885/1503/648 
f 2886/1504/648 2887/1505/648 2888/1506/648 
f 2885/1503/648 2886/1504/648 2888/1506/648 
f 2877/1499/648 2885/1503/648 2888/1506/648 
f 2878/1425/648 2877/1499/648 2888/1506/648 
f 2878/1425/648 2888/1506/648 2889/1426/648 
s 1
f 2891/488/457 2892/489/457 2893/490/458 
f 2893/490/458 2894/491/459 2891/488/457 
f 2895/492/460 2896/493/461 2897/494/461 
f 2897/494/461 2898/495/462 2895/492/460 
f 2899/496/463 2900/497/463 2901/498/463 
f 2901/498/463 2902/499/463 2899/496/463 
s 2
f 2897/494/464 2891/488/465 2894/491/466 
f 2894/491/466 2898/495/467 2897/494/464 
s 1
f 2903/500/468 2904/501/468 2905/502/468 
f 2905/502/468 2906/503/468 2903/500/468 
s 2
f 2907/504/469 2908/505/470 2909/506/471 
f 2909/506/471 2910/507/472 2907/504/469 
s 4
f 2911/508/473 2909/509/474 2908/510/475 
f 2908/510/475 2912/511/475 2911/508/473 
f 2907/504/476 2910/507/477 2913/512/478 
f 2913/512/478 2914/513/476 2907/504/476 
s 2
f 2904/514/479 2903/500/480 2914/513/481 
f 2914/513/481 2912/511/482 2904/514/479 
f 2914/513/481 2913/512/483 2911/508/484 
f 2911/508/484 2912/511/482 2914/513/481 
f 2897/494/464 2901/498/485 2900/515/486 
f 2900/515/486 2891/488/465 2897/494/464 
f 2915/516/487 2896/493/488 2892/517/489 
f 2892/517/489 2899/518/490 2915/516/487 
f 2915/516/487 2899/518/490 2902/499/491 
f 2896/493/488 2895/492/492 2893/519/493 
f 2893/519/493 2892/517/489 2896/493/488 
f 2907/504/469 2906/503/494 2905/520/495 
f 2905/520/495 2908/505/470 2907/504/469 
s 1
f 2894/491/459 2893/490/458 2916/521/496 
f 2916/521/496 2917/522/496 2894/491/459 
s 4
f 2917/522/497 2916/521/497 2909/509/474 
f 2909/509/474 2911/508/473 2917/522/497 
s 1
f 2918/523/498 2895/492/460 2898/495/462 
f 2898/495/462 2919/524/498 2918/523/498 
s 4
f 2910/507/477 2918/523/499 2919/524/499 
f 2919/524/499 2913/512/478 2910/507/477 
s 2
f 2898/495/467 2894/491/466 2917/522/500 
f 2917/522/500 2919/524/501 2898/495/467 
f 2913/512/483 2919/524/501 2917/522/500 
f 2917/522/500 2911/508/484 2913/512/483 
f 2910/507/472 2909/506/471 2916/525/502 
f 2916/525/502 2918/523/503 2910/507/472 
f 2895/492/492 2918/523/503 2916/525/502 
f 2916/525/502 2893/519/493 2895/492/492 
s 8
f 2906/503/504 2907/504/505 2914/513/505 
f 2914/513/505 2903/500/505 2906/503/504 
s 4
f 2915/516/505 2902/499/504 2901/498/505 
f 2901/498/505 2897/494/505 2915/516/505 
f 2915/516/505 2897/494/505 2896/493/505 
s 1
f 2920/488/457 2921/489/457 2922/490/458 
f 2922/490/458 2923/491/459 2920/488/457 
f 2924/492/460 2925/493/461 2926/494/461 
f 2926/494/461 2927/495/1572 2924/492/460 
f 2928/496/463 2929/497/463 2930/498/463 
f 2930/498/463 2931/499/463 2928/496/463 
s 2
f 2926/494/464 2920/488/465 2923/491/466 
f 2923/491/466 2927/495/467 2926/494/464 
s 1
f 2932/500/468 2933/501/468 2934/502/468 
f 2934/502/468 2935/503/468 2932/500/468 
s 2
f 2936/504/469 2937/505/470 2938/506/471 
f 2938/506/471 2939/507/472 2936/504/469 
s 4
f 2940/508/473 2938/509/474 2937/510/475 
f 2937/510/475 2941/511/475 2940/508/473 
f 2936/504/476 2939/507/477 2942/512/478 
f 2942/512/478 2943/513/476 2936/504/476 
s 2
f 2933/514/479 2932/500/480 2943/513/481 
f 2943/513/481 2941/511/482 2933/514/479 
f 2943/513/481 2942/512/483 2940/508/484 
f 2940/508/484 2941/511/482 2943/513/481 
f 2926/494/464 2930/498/485 2929/515/486 
f 2929/515/486 2920/488/465 2926/494/464 
f 2944/516/487 2925/493/488 2921/517/489 
f 2921/517/489 2928/518/490 2944/516/487 
f 2944/516/487 2928/518/490 2931/499/491 
f 2925/493/488 2924/492/492 2922/519/493 
f 2922/519/493 2921/517/489 2925/493/488 
f 2936/504/469 2935/503/494 2934/520/495 
f 2934/520/495 2937/505/470 2936/504/469 
s 1
f 2923/491/459 2922/490/458 2945/521/496 
f 2945/521/496 2946/522/496 2923/491/459 
s 4
f 2946/522/497 2945/521/497 2938/509/474 
f 2938/509/474 2940/508/473 2946/522/497 
s 1
f 2947/523/498 2924/492/460 2927/495/1572 
f 2927/495/1572 2948/524/498 2947/523/498 
s 4
f 2939/507/477 2947/523/499 2948/524/499 
f 2948/524/499 2942/512/478 2939/507/477 
s 2
f 2927/495/467 2923/491/466 2946/522/500 
f 2946/522/500 2948/524/501 2927/495/467 
f 2942/512/483 2948/524/501 2946/522/500 
f 2946/522/500 2940/508/484 2942/512/483 
f 2939/507/472 2938/506/471 2945/525/502 
f 2945/525/502 2947/523/503 2939/507/472 
f 2924/492/492 2947/523/503 2945/525/502 
f 2945/525/502 2922/519/493 2924/492/492 
s 8
f 2935/503/504 2936/504/505 2943/513/505 
f 2943/513/505 2932/500/505 2935/503/504 
s 4
f 2944/516/505 2931/499/504 2930/498/505 
f 2930/498/505 2926/494/505 2944/516/505 
f 2944/516/505 2926/494/505 2925/493/505 
# 5680 faces

